review_id,product_id,customer_id,rating,review_date,review_text,has_review_text
1,93,1712,5.0,2022-02-23,Green accept share must trial member drug.,1
2,283,1532,5.0,2024-07-29,Though bring himself know some pattern according to free.,1
3,3,234,5.0,2022-11-10,,0
4,91,1502,5.0,2022-08-07,Free theory none so myself follow not control commercial say side find house discuss.,1
5,221,2197,4.0,2022-08-11,,0
6,70,2120,4.0,2022-12-14,Industry sound condition across reason leader government cost eight work.,1
7,14,1288,5.0,2022-01-29,Reason call traditional boy song success difficult.,1
8,96,234,4.0,2022-09-08,Accept country red collection positive part produce attack trade modern buy of major above hand.,1
9,189,1945,4.0,2024-06-09,Its significant me deep he nearly bank open.,1
10,137,2323,5.0,2022-06-16,,0
11,30,310,1.0,2024-10-20,Notice less win cold real high might remember seek significant true long.,1
12,257,1842,4.0,2022-02-23,Teach attack without participant choice training look common meeting forward think term price yet catch reveal.,1
13,247,466,5.0,2024-03-12,,0
14,295,1819,4.0,2022-08-23,Class approach necessary past Mr personal stuff director production choice edge everyone maintain everything.,1
15,65,872,3.0,2023-11-02,Room under team security at wind what officer report red.,1
16,108,1038,4.0,2023-04-20,,0
17,86,992,3.0,2024-12-03,Save same camera plant without everybody research chance system.,1
18,267,1126,4.0,2022-04-05,Response marriage sure camera then during responsibility among since.,1
19,295,25,2.0,2024-11-25,,0
20,273,2497,5.0,2024-02-27,Me individual though imagine how able worker arm resource.,1
21,61,261,,2024-05-04,,0
22,62,187,5.0,2023-01-19,Discuss stock lead green total benefit Mr car audience age class our indeed third rate score.,1
23,263,674,5.0,2023-06-30,,0
24,9,1052,5.0,2024-11-01,Fear tend American war old what design want ahead easy whole must every per.,1
25,19,920,5.0,2023-05-03,Class nothing soon data budget main may happen newspaper happy subject success traditional.,1
26,127,610,4.0,2024-03-13,West theory American doctor hour check now sound gun art ok single situation feel.,1
27,12,1220,4.0,2024-04-17,Kid issue woman range painting country different.,1
28,120,2383,5.0,2023-01-25,Gas few page cold couple suffer history its street because why eight skill.,1
29,222,769,5.0,2023-09-04,,0
30,267,383,3.0,2022-01-06,Try school wait never fly pull big method message.,1
31,55,1192,5.0,2022-11-24,Move manage worry wear pay science us.,1
32,44,751,4.0,2024-01-09,Police right traditional represent price number herself determine nice.,1
33,169,1509,5.0,2023-04-12,Thought result while example leave when threat project half door.,1
34,241,878,5.0,2024-05-28,End dark spring speak drive bad strong summer more if.,1
35,178,2058,5.0,2023-11-06,,0
36,161,119,4.0,2024-05-01,Woman environment tell sing hospital ready push material somebody husband Republican result.,1
37,56,2366,5.0,2022-03-24,,0
38,57,1740,5.0,2024-05-17,Return wall trouble friend current whose job nor yard establish hit.,1
39,285,1957,3.0,2022-03-05,,0
40,35,425,3.0,2023-12-31,Since him southern issue town call computer experience against recently account forward stuff peace vote meet.,1
41,254,2474,1.0,2023-06-25,,0
42,137,1197,3.0,2024-07-09,Continue human central skill he high few land both two add thank.,1
43,131,2320,3.0,2024-10-01,Carry happy response would enter his value experience young west practice.,1
44,299,1446,2.0,2023-01-31,,0
45,8,1487,5.0,2023-04-25,Crime society church indeed break since though degree special laugh include price leader bit traditional tough.,1
46,68,372,5.0,2022-05-03,,0
47,261,1608,3.0,2022-07-22,,0
48,35,1087,3.0,2022-04-15,Move rather business vote state turn center.,1
49,287,1029,5.0,2024-10-26,Bag role land trouble news five decide spring price.,1
50,54,1608,5.0,2022-10-25,Item town something employee such practice quickly any market.,1
51,56,829,3.0,2023-06-25,,0
52,129,221,1.0,2023-03-08,Thank value quality reality in game score challenge toward.,1
53,5,2446,5.0,2023-01-18,Laugh officer hundred food could life born treat population another shake record spring sport.,1
54,74,15,3.0,2023-04-12,As until happen power probably animal agent charge task condition campaign finally floor production war.,1
55,259,2467,2.0,2023-08-28,International page dinner off social shoulder design huge south.,1
56,164,1667,3.0,2023-03-09,,0
57,35,769,2.0,2022-01-27,,0
58,149,792,3.0,2024-08-17,Manager clearly along business her generation remember million.,1
59,244,1499,5.0,2022-06-05,Compare result over cost risk task six gas rest whom good throw process.,1
60,86,1152,5.0,2022-02-05,,0
61,96,2134,3.0,2023-10-16,Travel chance character really spring dinner pattern throw owner company.,1
62,89,819,2.0,2022-09-16,Hair list really thus story site different dinner interview medical will.,1
63,183,1369,2.0,2024-06-26,However traditional necessary learn memory home marriage where share southern stop customer although add.,1
64,182,2285,5.0,2024-07-16,Choose between population weight wonder develop while question place.,1
65,28,1757,4.0,2023-11-15,Relationship white manage soldier picture type seven move election.,1
66,219,759,3.0,2023-11-14,Long food send capital decide wide describe real check weight try meet play.,1
67,9,2134,5.0,2023-08-08,Factor young get wrong teach not response professor rate team condition when if help start peace.,1
68,180,2017,4.0,2022-02-13,,0
69,146,1947,3.0,2023-07-12,,0
70,110,1299,4.0,2023-07-24,Decision prevent too drug today so long sometimes at positive mother even.,1
71,261,274,5.0,2023-09-10,Every still according protect director next figure business no chance thousand author simple company.,1
72,77,533,5.0,2024-02-08,,0
73,287,2111,4.0,2022-01-27,Meet expert human number result prevent history finish.,1
74,105,2305,3.0,2022-01-04,So and five notice son view process happy into result author.,1
75,72,1842,5.0,2023-10-05,Short pull form even now provide office heavy world opportunity late market source art sound.,1
76,257,607,1.0,2022-03-12,Adult collection with project author term many carry product.,1
77,216,1457,4.0,2023-08-02,Film wait number sell involve water idea mother positive.,1
78,172,1438,,2022-04-25,Already western listen avoid international throw discuss something world continue just hope share.,1
79,98,1803,1.0,2023-06-07,,0
80,183,2459,4.0,2024-11-15,Where receive white movement little name good subject very wait rate too recognize final.,1
81,97,733,3.0,2024-11-02,Owner picture him final air mention rise official.,1
82,137,1778,5.0,2023-04-03,Consider by animal building attorney success simple main her year none lay.,1
83,277,768,2.0,2022-04-04,,0
84,146,1007,4.0,2022-12-06,Lose represent ability inside night how finally program itself husband occur.,1
85,178,1355,5.0,2023-08-27,Late finally wait information cut three interview wrong either former age each fire determine current open.,1
86,14,1342,2.0,2023-08-25,Window north pattern while kid body play practice case receive development day reason.,1
87,124,1889,4.0,2022-12-24,Letter account happy body more leg purpose interview doctor bad finish face modern sure subject shake.,1
88,188,910,5.0,2022-05-23,Hour two including itself fear form energy too type seat film either authority to partner how.,1
89,141,1618,5.0,2022-02-12,Operation send drug relationship tax every late difficult thing theory enough moment put price no certainly.,1
90,237,808,5.0,2024-11-23,Order matter campaign reveal rich despite offer.,1
91,4,928,3.0,2022-10-02,Politics think old value between citizen whose young set knowledge article community team seven look.,1
92,286,81,1.0,2022-02-27,Tonight million cover piece six have line one teacher call each.,1
93,101,1293,5.0,2022-10-05,Few note summer high ask rich development.,1
94,68,1977,4.0,2022-02-04,Statement center say green carry boy safe.,1
95,261,1424,5.0,2023-04-18,Four hour green religious hot former front quality likely able vote wife bad off.,1
96,68,996,4.0,2023-10-29,,0
97,126,391,4.0,2024-03-18,Want end guess fear else force hold be development my.,1
98,300,87,3.0,2022-09-20,,0
99,217,1006,4.0,2024-04-23,Answer daughter three couple imagine usually scientist almost eat financial fall enter.,1
100,229,785,4.0,2024-04-08,Pretty affect discussion late often mean really song how start.,1
101,59,1001,4.0,2023-09-04,,0
102,298,835,3.0,2023-03-06,,0
103,247,2287,5.0,2022-07-23,Allow social write prepare represent today notice.,1
104,125,1739,5.0,2024-12-21,High old anyone though president position win just experience letter could.,1
105,192,1639,5.0,2023-05-02,Few success around direction soldier strong water.,1
106,190,2224,4.0,2023-04-03,Class next want instead full large front the two.,1
107,40,259,4.0,2024-10-16,,0
108,267,2079,4.0,2023-07-25,,0
109,40,1646,5.0,2023-03-25,,0
110,254,2084,4.0,2022-03-17,Current card yes perhaps do carry care husband yard.,1
111,9,1473,4.0,2023-08-26,Daughter act against culture impact kid safe but too situation.,1
112,283,2161,5.0,2023-05-18,,0
113,9,1333,2.0,2022-11-03,Usually action task center long particular seem firm together arm everyone have.,1
114,274,1003,1.0,2024-10-21,Back tough travel same news election maintain dog.,1
115,14,1012,4.0,2024-11-06,Establish truth society another music learn water son special something.,1
116,24,602,3.0,2024-01-20,Before response whatever product car appear health.,1
117,161,1848,4.0,2022-01-23,Sport reveal trouble else third leg simply big true politics real fly employee.,1
118,239,966,2.0,2023-08-02,Performance strategy very consumer enough hit policy dinner.,1
119,150,1978,3.0,2023-01-17,Child quality pick fund the ask choose out sort once read history serve.,1
120,98,1455,5.0,2023-02-11,,0
121,62,1910,3.0,2022-01-26,Republican trip right challenge easy eat could of wait some between.,1
122,6,157,5.0,2022-12-25,Beat another most whole among recent work need.,1
123,136,2295,5.0,2023-09-27,Anyone trouble wish available talk television machine really something usually our good onto people edge great.,1
124,203,631,5.0,2022-12-30,,0
125,53,335,5.0,2022-04-13,,0
126,274,1661,4.0,2022-09-24,Five though share management common center man hold effort detail lawyer clear guess eye certain heart.,1
127,73,842,5.0,2022-04-09,Quickly rate end these him when training science ability much crime wish.,1
128,52,2143,5.0,2022-09-12,Few theory street fight subject material out two activity let source.,1
129,277,1387,2.0,2023-05-03,,0
130,106,1947,3.0,2023-03-27,Team pass help medical glass partner themselves.,1
131,280,1695,4.0,2024-12-10,Small large either reduce consider interview price civil there scientist.,1
132,265,2233,5.0,2024-06-28,Do continue TV listen some civil grow child industry though glass base special.,1
133,241,2027,4.0,2024-11-28,Agree hard rise citizen or bring follow ten up.,1
134,84,2307,4.0,2023-01-21,,0
135,118,1973,4.0,2022-03-04,Despite charge fish serious red I job leg result child impact step reveal.,1
136,178,1712,1.0,2022-02-16,Amount help friend else method position necessary best daughter.,1
137,54,9,5.0,2022-07-20,Development Mrs surface analysis off surface difference talk.,1
138,256,2197,4.0,2022-04-15,Standard base sure behind stock site head fast.,1
139,281,1618,3.0,2023-05-30,Represent Mrs thank myself movie yard fear across.,1
140,112,2209,5.0,2024-03-12,,0
141,292,467,5.0,2024-04-12,Body force news around finally figure card student a some concern up trouble marriage point lose.,1
142,16,938,4.0,2022-06-09,,0
143,106,350,4.0,2023-04-27,Minute simply where point example thank see simple budget itself can fast.,1
144,75,1179,1.0,2023-02-24,Born cell us speak condition cover admit real animal.,1
145,169,1234,4.0,2022-04-15,Particularly mother somebody both run visit true nothing technology.,1
146,92,1868,5.0,2024-08-30,Bed television land stay image participant with everyone.,1
147,26,890,5.0,2022-12-08,Benefit claim recognize book near arm themselves institution again read collection able accept view security.,1
148,298,540,4.0,2024-07-07,From name country benefit focus another special establish though tonight near ability great ready understand.,1
149,156,2051,3.0,2024-06-29,,0
150,123,1256,3.0,2022-02-01,Color sing should artist later move it state series value tax concern new threat think maybe.,1
151,111,1684,4.0,2023-07-28,Pull third data sport imagine section measure play third white tree seek should.,1
152,39,1279,3.0,2022-04-13,Huge bit its fight since a avoid choice media.,1
153,94,2104,4.0,2022-09-10,,0
154,63,341,5.0,2024-01-31,,0
155,283,2465,4.0,2024-04-28,,0
156,287,1919,5.0,2023-10-30,Cut difficult participant between music meet wife glass cost.,1
157,40,1411,4.0,2023-01-14,,0
158,122,1770,2.0,2024-05-15,Rock as local remain share wait after well lot history practice institution pick have old according.,1
159,100,1812,3.0,2022-03-02,,0
160,4,2138,4.0,2023-01-19,Mission task spend easy avoid camera parent what bring truth reason good order often mouth.,1
161,113,2375,2.0,2024-08-31,,0
162,257,660,5.0,2023-04-17,,0
163,111,939,3.0,2023-02-02,Must federal produce condition push wrong state character hospital happy.,1
164,262,2286,4.0,2022-08-26,,0
165,63,400,4.0,2024-01-04,Move shake particularly government stop catch large final medical not weight gas difference.,1
166,139,1267,4.0,2022-06-01,Provide pick across know fear carry technology against environmental little share.,1
167,153,2291,1.0,2022-04-15,Institution write fight share off how again about site leader rather marriage next.,1
168,212,347,5.0,2022-06-24,Sure exist every well cover part mean few in drug stuff million picture deal run movie.,1
169,84,851,5.0,2024-05-21,Blood herself simply move enter firm society coach policy south then force color structure worry.,1
170,73,1757,3.0,2024-06-15,Huge which although hundred need top adult name establish.,1
171,160,1800,2.0,2022-11-21,Grow bit develop news much new themselves source form figure spring.,1
172,260,1888,4.0,2024-04-15,,0
173,37,1501,4.0,2023-12-28,Down organization list street sea black girl worker door change whether small trip another defense.,1
174,232,1358,5.0,2023-02-11,Result service idea or thank others population admit why group fall newspaper.,1
175,9,404,1.0,2022-01-23,Court just must suddenly wrong it notice me look return affect brother line increase poor.,1
176,206,2424,4.0,2022-02-15,All piece daughter head reach answer even.,1
177,47,2224,4.0,2022-05-26,Field why capital other analysis low professor western next upon stand.,1
178,70,2015,4.0,2024-01-30,Close vote help skin call food general our the carry usually should.,1
179,101,95,5.0,2024-02-20,Voice Congress participant forward democratic play process keep ahead.,1
180,2,650,4.0,2022-02-04,Film too field eye size head development join color summer stand move fine major.,1
181,194,177,5.0,2023-12-01,Wide explain rock design coach stock tonight argue.,1
182,200,1730,5.0,2024-10-29,Hour probably water us attention response line type policy plan.,1
183,15,367,4.0,2024-09-21,Manager international establish politics rule pay new Republican fly foot Congress protect color success.,1
184,22,1070,3.0,2022-07-13,Require fine image within foreign happy base at from.,1
185,183,2231,5.0,2023-02-28,More PM guy out election law especially.,1
186,66,543,5.0,2023-12-11,Share police ground center just more sea run born smile.,1
187,120,2311,4.0,2022-07-17,Budget oil reduce woman least employee suggest owner already discuss member air crime morning.,1
188,143,1534,3.0,2024-03-20,,0
189,139,2088,3.0,2022-08-19,Bar skin read dream popular truth woman interview also listen movement compare trial.,1
190,276,26,5.0,2022-01-02,Good company myself cultural expect never contain range.,1
191,232,403,5.0,2023-09-03,Consider knowledge figure force produce unit rock lot south mention big north.,1
192,52,1100,3.0,2022-03-25,Green rate could evidence high because look score.,1
193,83,185,2.0,2023-04-30,Or however usually would difference sport carry painting either.,1
194,210,1587,2.0,2022-04-25,Pick involve will game participant offer so ready born mother never look.,1
195,97,2327,4.0,2022-06-06,Admit town strategy raise future believe be organization professional fact explain practice hope save method.,1
196,194,1507,2.0,2023-01-11,Father seem too prove right old just night theory statement three forget report give mind.,1
197,213,298,5.0,2023-07-23,,0
198,219,1356,4.0,2022-01-21,Score successful anything century kid on room participant today suffer stuff star federal music police.,1
199,95,698,5.0,2024-03-01,Together left unit seek more trouble enjoy forget between entire unit international set civil.,1
200,272,1975,4.0,2022-07-01,Word bit consider design ahead month game its movie simple official particular worry.,1
201,95,1579,3.0,2024-07-12,Bag war from activity start scene pay true whom result picture cold black life another.,1
202,122,212,3.0,2023-09-19,Challenge technology under one determine smile become stop finish mean seem senior.,1
203,146,1795,5.0,2024-10-15,Which activity structure five call house second business offer skin bag eat tax call.,1
204,36,2294,5.0,2022-07-31,World film position firm building rich amount arrive most step something talk response amount foreign.,1
205,156,1188,4.0,2023-08-03,Federal research deal attorney gas recent skin many here.,1
206,195,1413,1.0,2024-12-01,,0
207,217,491,5.0,2024-05-07,Cause key describe give result husband early good sometimes art according free focus.,1
208,212,1193,4.0,2024-06-07,Bed plan factor program beat free history heart once nothing ground smile break.,1
209,189,1975,5.0,2024-07-31,Face hotel quickly amount care meet drive main lead talk name instead.,1
210,227,2406,2.0,2022-04-06,,0
211,18,1413,4.0,2024-02-06,Important gas economic computer bank southern eight stage raise baby throw perhaps.,1
212,139,682,5.0,2022-06-08,,0
213,5,1124,1.0,2024-06-17,Where follow through friend the play federal stock amount health buy country nice ability.,1
214,206,809,4.0,2024-03-28,Woman across central information instead value meeting bill plant put law more often option.,1
215,116,2499,5.0,2023-12-07,Unit offer offer and manager employee series true team phone.,1
216,139,117,4.0,2022-12-19,Now community Mr teach voice meeting she.,1
217,242,1283,5.0,2024-09-06,Senior go talk down story forget security law suffer but entire cultural.,1
218,6,125,4.0,2023-01-20,South whether world small serious stuff star simply she along figure decade mean.,1
219,124,2107,4.0,2023-05-01,Top medical day like prepare grow mention run Democrat exist little add economy discussion across.,1
220,188,2050,5.0,2023-11-05,,0
221,21,1680,5.0,2023-07-24,,0
222,100,595,5.0,2023-08-19,Performance both week cover stay them wide.,1
223,67,1285,4.0,2023-02-27,Nation how give skin wide under attack suggest television.,1
224,253,2162,5.0,2022-06-01,,0
225,41,957,4.0,2024-09-19,Thus particularly right green left account serious at argue real.,1
226,134,222,5.0,2022-12-29,Stuff evening north city he sit style poor arrive lot pattern better plant certain seek name.,1
227,11,1886,5.0,2023-10-06,Agreement room newspaper character hope eight value imagine contain health yeah success soldier control.,1
228,62,1493,5.0,2023-11-26,,0
229,227,2445,4.0,2022-09-17,,0
230,95,301,4.0,2023-08-31,Enter three population degree information blue stock.,1
231,69,1733,4.0,2023-11-09,Along figure moment between high anyone activity.,1
232,169,603,5.0,2024-04-06,,0
233,53,908,5.0,2023-05-27,Human reason college various charge along organization single door throw increase career number cultural when.,1
234,159,1565,5.0,2024-12-18,,0
235,31,1279,4.0,2024-10-03,,0
236,44,446,3.0,2024-03-07,All fund little fine art manager carry western none activity sometimes democratic left couple single pressure.,1
237,279,1685,5.0,2023-04-06,Civil board music herself among meeting this pretty many.,1
238,213,384,5.0,2022-12-27,,0
239,230,523,3.0,2022-06-16,Build sound effect thank report evidence imagine born many.,1
240,117,351,5.0,2024-04-20,,0
241,225,2342,5.0,2023-10-29,Cold space who listen according either each approach within stay service fall skill total contain.,1
242,68,2104,2.0,2023-03-17,Behavior however century Congress treat establish bank west trial.,1
243,299,1798,5.0,2024-10-08,On figure statement something listen Congress pay.,1
244,252,1742,5.0,2023-07-20,,0
245,140,1746,2.0,2024-01-04,Purpose inside personal firm different candidate important prepare owner feel.,1
246,201,2008,4.0,2024-05-04,,0
247,127,713,2.0,2022-01-22,Agency wife care way still grow music born already black offer book western Mr two.,1
248,194,11,3.0,2023-10-11,Color involve thing year reflect run sort those.,1
249,232,426,3.0,2023-03-08,Look into these wonder purpose camera less yourself traditional matter especially.,1
250,220,851,4.0,2022-02-18,Else memory discuss start newspaper become north occur make people note beat feeling anyone.,1
251,201,1018,5.0,2023-10-27,Say shake value shoulder wall cut part room campaign culture for discover music member establish.,1
252,30,1561,2.0,2024-05-07,Mean bring off month five it challenge.,1
253,246,1160,4.0,2022-10-25,Collection young current risk rather sea term.,1
254,240,2039,3.0,2025-01-01,Total ability decade design article adult million eat factor research idea dream.,1
255,68,1111,4.0,2023-04-23,Partner about minute should nothing bed edge image.,1
256,5,2372,5.0,2024-08-20,Age western sure his send physical star.,1
257,183,1989,2.0,2022-03-05,Rate cut lead story pull war officer least respond.,1
258,285,1104,4.0,2023-08-12,,0
259,190,1178,2.0,2024-11-13,Hold my run feel writer week wall.,1
260,91,54,5.0,2024-01-19,Interesting yourself home American age others subject operation everyone despite its three rich each knowledge.,1
261,63,606,2.0,2022-02-17,Model be begin page position reason form center.,1
262,270,682,5.0,2023-04-22,While finally win country employee summer activity guy food dream include air focus want parent.,1
263,127,868,5.0,2023-01-14,Exist three event identify kid respond believe nearly environment popular administration.,1
264,196,1056,5.0,2022-11-24,Relationship much before medical turn present message others short.,1
265,119,1685,4.0,2023-06-21,Chance three cell most may attorney energy.,1
266,95,889,4.0,2024-05-16,Toward life smile grow wife in civil us general lawyer across beautiful.,1
267,61,1113,3.0,2023-09-23,Behind sign wear necessary forward near rather voice pick skill window generation adult program throughout boy.,1
268,62,2019,4.0,2022-11-05,,0
269,136,950,5.0,2022-01-14,Article own despite enough impact approach campaign.,1
270,96,1565,3.0,2024-07-31,Mission leader ahead rich second compare worker camera same understand.,1
271,174,1753,4.0,2023-12-21,Attention become ahead toward water resource activity save itself foot what sign room.,1
272,22,1408,5.0,2023-09-29,,0
273,205,518,2.0,2023-06-04,Fine rise wife figure concern certain key would system feel stay.,1
274,234,2021,5.0,2022-11-04,Blood because door hand rest sometimes work.,1
275,138,670,4.0,2023-12-25,,0
276,51,2496,4.0,2022-05-04,Man chance dog next instead make important college vote series see.,1
277,31,340,5.0,2023-04-24,Step property consumer laugh about hot industry speak various.,1
278,140,1079,5.0,2024-01-30,,0
279,256,416,3.0,2024-08-08,Well task everybody baby unit these this impact nation member such so fall.,1
280,256,1137,5.0,2024-08-22,Stop production official police gun already window board member may low feeling certainly dog.,1
281,149,2145,3.0,2024-05-22,Speech film film information school her charge book beautiful so item.,1
282,67,1666,5.0,2024-05-13,Painting seem clear either size admit hundred real song poor because.,1
283,34,1278,1.0,2024-04-01,Big report manage crime nearly most less able protect.,1
284,232,1422,1.0,2023-12-06,Fill front only explain themselves me condition ask might only.,1
285,83,159,4.0,2023-09-23,,0
286,230,354,5.0,2024-12-17,Mr year if term adult suggest staff year consider claim there financial prevent.,1
287,151,676,4.0,2024-08-14,Bank risk east ahead remain anything particularly week interest statement dream.,1
288,166,256,4.0,2024-01-01,Beyond role the his would dark artist recognize bit.,1
289,8,2032,3.0,2023-06-05,,0
290,274,1997,5.0,2024-10-15,Nearly or page when bag space allow actually fear view spend drive seek many.,1
291,222,1654,1.0,2022-04-14,Operation level present increase sit bit piece hold.,1
292,156,2085,5.0,2022-04-20,Set vote raise pattern seem anything medical better possible.,1
293,138,1888,4.0,2022-12-06,Start forget half act build deal join development morning relationship against two newspaper put.,1
294,126,735,5.0,2023-04-07,Mission about case life set resource life watch black agree real book past.,1
295,1,1395,4.0,2023-10-18,,0
296,224,2173,5.0,2024-01-29,Candidate dark other serve plant his loss simple movement.,1
297,253,89,3.0,2023-03-11,,0
298,117,655,5.0,2024-03-07,Fund dinner language information tell tonight according sometimes natural purpose respond hand goal term.,1
299,157,1929,3.0,2023-05-08,All college either test create should degree house control wife business one smile his.,1
300,38,1589,5.0,2022-02-06,,0
301,59,559,4.0,2023-12-19,,0
302,21,91,4.0,2024-07-12,Necessary suggest employee project after song radio ground join real early sure.,1
303,253,1565,3.0,2022-05-18,Recent vote wall become area break image fear certain authority lose act.,1
304,250,1172,3.0,2024-04-15,Hair without western possible short throughout church summer reflect reason.,1
305,150,617,4.0,2022-01-10,Mrs develop carry my fall at age feeling blue interesting speak avoid administration teach another big.,1
306,242,1299,4.0,2024-08-20,Help rest shake research writer recognize identify some.,1
307,45,132,5.0,2023-08-04,Property very television discussion nearly behavior for star they everybody.,1
308,93,1402,4.0,2022-03-08,,0
309,159,634,3.0,2024-12-14,,0
310,233,237,5.0,2024-09-10,Inside shoulder choice measure space skin talk business line necessary fly share ten carry.,1
311,208,1956,5.0,2022-12-07,Town traditional forget better doctor head none media.,1
312,75,2211,4.0,2024-03-30,Gun choice take police several speech left dinner himself child skill itself.,1
313,50,129,3.0,2024-08-12,Sign institution leg center group kid agree data step less gun south.,1
314,227,1269,3.0,2023-05-12,Mother political discover professor article best fish without morning simply thousand fast authority feeling.,1
315,227,53,3.0,2024-01-21,Relationship public himself class common employee seem rate idea challenge late never.,1
316,157,49,4.0,2023-01-08,Young large investment carry knowledge throughout raise century watch teacher relationship.,1
317,141,67,4.0,2022-08-20,Decade nature TV live reality group by throw issue mean little appear.,1
318,178,2211,4.0,2024-05-17,Something military very year option do arm.,1
319,166,1323,4.0,2023-05-03,,0
320,21,2207,5.0,2023-09-04,Sister since employee get agent modern strong sign listen officer score whatever.,1
321,172,1152,4.0,2024-08-22,Other last week simply fire radio scene in around list other leg.,1
322,69,930,4.0,2023-01-23,,0
323,252,2483,4.0,2023-05-10,General city sure only television drop sit employee suddenly local team see.,1
324,98,2444,5.0,2023-03-27,Lay deal arrive compare want chair billion seven structure.,1
325,177,1284,3.0,2022-04-07,Prepare majority parent why blood clearly single citizen third head eye student.,1
326,67,204,5.0,2023-04-11,,0
327,30,1319,3.0,2024-05-12,Officer discussion hear vote structure western account once southern cost together section yet.,1
328,75,739,5.0,2022-02-04,Some add you three continue however many back institution agent author let thought affect democratic.,1
329,172,2279,5.0,2022-12-12,Hundred create thought always garden action allow on.,1
330,30,300,1.0,2024-01-17,Continue strong contain true heavy difference both space civil everything.,1
331,222,1714,2.0,2024-09-27,,0
332,21,1221,5.0,2022-08-29,Item drop new music when allow huge upon employee choose glass rock stage.,1
333,111,1091,2.0,2022-01-25,Foot recognize despite painting camera red yard manage must beautiful thus brother hold girl answer.,1
334,50,16,3.0,2023-03-09,Stage arrive store responsibility laugh position station law coach popular green day majority perhaps phone.,1
335,282,1328,2.0,2023-10-24,Age reveal media national feeling able security year send suffer against and.,1
336,81,2280,5.0,2023-06-23,,0
337,196,14,5.0,2024-09-22,,0
338,251,1669,5.0,2024-09-10,Professor two north success commercial another control.,1
339,285,991,5.0,2023-08-06,Tough since war think draw allow else occur.,1
340,214,1143,5.0,2024-12-28,,0
341,294,2125,5.0,2024-04-08,Once community church whatever easy community whatever.,1
342,227,1975,4.0,2022-11-04,Group American special town south general wind box those difficult.,1
343,146,124,4.0,2022-01-23,Exist someone raise almost talk ok spend speak expect situation perhaps sense.,1
344,75,1956,3.0,2024-12-29,Cover class sure hour clear interview account Mr get second.,1
345,2,249,4.0,2022-04-25,Yourself discover call whole especially establish class often know four out fine themselves over care.,1
346,263,766,4.0,2023-08-08,,0
347,128,1553,5.0,2022-05-13,Brother drug market cup loss finally he civil.,1
348,264,1408,5.0,2023-11-29,Himself other term political not top game.,1
349,225,2001,1.0,2022-12-08,,0
350,5,62,2.0,2022-06-09,One Congress land reflect between head reveal campaign.,1
351,291,1252,5.0,2024-03-10,,0
352,40,2062,5.0,2023-01-11,Talk ever five property meet truth edge bill town red three international large.,1
353,219,453,5.0,2023-06-25,Ago number citizen score mouth environmental themselves establish course relate.,1
354,21,2396,4.0,2022-11-04,Government discover forward act behind decide sign beyond.,1
355,237,886,5.0,2024-03-05,Federal program any surface magazine option point end.,1
356,158,2223,5.0,2024-09-30,Wind hear scientist team check behavior nation remain effect something focus use social opportunity save wide.,1
357,57,471,5.0,2023-10-13,,0
358,108,1448,5.0,2023-12-28,Sign low among manage him off which thing serious open worry.,1
359,270,1492,3.0,2024-06-27,,0
360,36,2168,4.0,2022-11-07,Great group pay arm future respond program whether ever third four me six.,1
361,9,874,5.0,2024-05-22,Most stop must win fly join soldier career small adult meet huge by once collection.,1
362,200,526,5.0,2023-08-13,,0
363,269,1957,4.0,2023-05-30,Under television point five health size hot new common thank across.,1
364,244,2090,2.0,2024-11-17,,0
365,234,1412,5.0,2022-04-16,,0
366,241,1309,5.0,2022-06-06,Mouth good somebody value if series writer language.,1
367,30,2271,4.0,2023-05-27,In open edge Congress actually surface college class two beautiful now company activity add reduce.,1
368,10,2338,4.0,2022-01-25,Hour story kitchen care huge energy store garden stuff while guess create at.,1
369,156,929,4.0,2023-01-11,,0
370,262,173,5.0,2023-12-11,Positive affect discuss avoid say base detail have customer people care.,1
371,42,2388,5.0,2022-12-08,Student behavior wear develop system reason information again more left probably.,1
372,233,1107,1.0,2023-11-28,Hundred hundred type security store area wish that hospital despite moment vote.,1
373,224,1873,3.0,2024-12-03,,0
374,51,1409,4.0,2022-06-08,Address for leg customer interest know international.,1
375,199,1403,4.0,2022-11-11,Tax pull day test cup improve actually view pay.,1
376,54,599,5.0,2022-05-16,Republican whole federal voice resource home everybody stage break see least.,1
377,174,2156,4.0,2022-10-30,Like thus model live inside truth all teach decade economy factor perhaps and everyone.,1
378,300,915,5.0,2024-08-14,Speak list teach beyond nearly after beautiful suffer people north common recently American.,1
379,47,1021,5.0,2022-06-25,Expert despite film sign back many despite generation sit.,1
380,91,350,5.0,2023-09-19,,0
381,108,1095,5.0,2023-04-10,May home eight now young close them significant have different.,1
382,122,16,5.0,2023-04-26,Individual nothing exactly life cup its relationship as activity.,1
383,34,1739,5.0,2024-04-03,Other dinner themselves personal fine score environmental.,1
384,128,630,4.0,2024-04-24,Hospital everything fly operation administration something ok detail.,1
385,275,1895,4.0,2022-09-30,Back public anyone major positive improve behind develop measure trade energy defense anything road bank.,1
386,7,1218,4.0,2024-01-26,Successful white goal indeed to support capital theory sense identify under top site happy.,1
387,42,2340,5.0,2023-11-27,,0
388,221,2097,4.0,2024-08-02,Think beautiful head military participant almost art laugh under cold successful.,1
389,71,280,5.0,2024-07-12,Since final American lawyer subject no after.,1
390,140,1582,3.0,2023-03-04,Guy send into front already relationship know trip option early.,1
391,288,573,5.0,2023-09-08,How popular program against identify red thought.,1
392,76,749,5.0,2024-07-13,Nature career same inside thousand little off example ball.,1
393,36,153,4.0,2022-04-24,Side laugh positive issue design service put.,1
394,222,1910,4.0,2023-08-19,Hit seem of daughter quite college middle.,1
395,29,915,5.0,2023-05-10,Than mean loss hundred score fire yes follow against provide few catch stock reason around possible.,1
396,165,445,5.0,2024-10-10,Institution record back ten radio kind imagine day stuff several I clear us put they.,1
397,79,2023,5.0,2023-04-25,Court special ok short meeting past pull note movie civil build child reflect whole.,1
398,110,1085,4.0,2024-04-04,Significant do bed scene two move state final energy if.,1
399,36,978,4.0,2023-08-06,,0
400,245,235,5.0,2024-10-16,,0
401,138,2153,4.0,2023-04-12,Citizen deal receive movie west doctor this push down force reach.,1
402,279,330,4.0,2022-03-18,Realize both grow not without last yes out as future Mrs couple happy you most when.,1
403,279,2022,5.0,2024-04-24,Discussion tree score everyone skill speech recently situation really state away.,1
404,287,2171,2.0,2022-01-16,Born likely team accept plant west even develop box third month tell serve TV bill.,1
405,167,50,5.0,2023-06-07,,0
406,196,1556,5.0,2024-02-04,Think ok reveal center sure memory forget current large another live.,1
407,237,2112,5.0,2023-09-28,With include fear land answer all pick all political term teacher lawyer I more over increase.,1
408,10,350,4.0,2024-01-05,Prepare side strategy successful for water produce affect challenge.,1
409,63,23,5.0,2023-09-17,Process whole week contain positive place become industry able view rate rest this his.,1
410,265,1386,4.0,2022-01-28,Commercial line hot administration almost card admit person.,1
411,85,1857,4.0,2022-09-19,Arm serious compare type create top enough especially for organization picture contain education your.,1
412,268,1994,5.0,2024-11-17,Tonight ball action second specific us central class theory Democrat others one voice choose.,1
413,93,613,5.0,2022-03-05,Learn eat consumer travel now if staff region economic heavy.,1
414,284,1162,3.0,2023-03-14,,0
415,246,1894,5.0,2024-08-10,A truth family heart card share ready among great recognize interesting may bad mouth.,1
416,248,2255,3.0,2023-11-28,Smile single everything administration during hundred reduce subject together national budget them now.,1
417,157,807,5.0,2022-10-31,Eat hard voice hundred charge culture camera into high southern page person more exist.,1
418,29,962,3.0,2022-05-08,Can ok note machine treat thought toward care.,1
419,150,2441,4.0,2022-04-27,Week control modern continue which nor can.,1
420,248,317,4.0,2024-03-09,,0
421,118,354,4.0,2022-04-08,Indicate authority law use on computer throughout help world training way price child.,1
422,270,308,5.0,2024-01-30,Social safe easy fly need local win new less many particularly head sit activity building effort.,1
423,146,1816,5.0,2023-02-12,Any way space time spend believe customer month couple.,1
424,41,1654,4.0,2022-12-16,Be yard I ahead to face anyone without recognize upon chair pay section attack society scientist.,1
425,2,322,1.0,2024-03-05,Table that room nor design brother daughter specific many charge.,1
426,102,326,5.0,2023-08-01,,0
427,190,828,5.0,2022-04-08,Like almost party itself force provide father score project recently father activity perform remember character.,1
428,33,1088,5.0,2024-06-04,Consumer front discussion now machine interview part song performance end town husband trip nothing with.,1
429,165,1237,1.0,2023-02-03,Tv without almost write have move these be probably early very large impact beyond moment.,1
430,7,1393,4.0,2023-02-13,Four lose serious prepare run white face suggest finally somebody film election represent fish who.,1
431,58,1116,4.0,2024-10-27,Lot peace sure best appear majority cultural college many wife.,1
432,51,1286,4.0,2022-10-01,Difficult beat offer professional whole chair four perform.,1
433,272,489,4.0,2022-05-03,,0
434,139,2348,2.0,2022-08-12,Our audience cup machine decide American fear contain family you every large nearly a even issue.,1
435,7,667,5.0,2024-06-02,,0
436,66,410,4.0,2022-07-24,Seek movement tend simple firm assume why above student including baby serious author.,1
437,31,14,3.0,2024-05-22,Picture within read table window bed reason which coach Mrs girl environmental himself will.,1
438,98,680,5.0,2023-04-10,Painting available some meeting general name bad.,1
439,98,406,3.0,2023-07-29,Fly strong end responsibility people protect eat project.,1
440,257,2162,4.0,2023-03-16,Another man list anything action early stock actually find throughout bring everybody adult.,1
441,58,1015,5.0,2023-06-15,Page small national condition sound agency decade him shoulder short.,1
442,10,2126,3.0,2023-07-08,,0
443,271,1447,4.0,2022-06-27,Draw he star never range everything will.,1
444,227,439,3.0,2024-11-28,Process move actually hot church recently bed.,1
445,266,1677,5.0,2024-08-26,,0
446,5,1326,3.0,2024-06-20,,0
447,66,1688,5.0,2024-04-19,Executive join outside term reveal garden individual customer usually painting life enough.,1
448,215,1355,5.0,2022-03-03,Me medical apply shoulder it amount rest.,1
449,164,1036,5.0,2022-10-04,Next yeah amount collection without resource outside past must reveal realize though example develop begin race.,1
450,180,1633,4.0,2023-01-12,Specific her benefit Mr network night garden song drive.,1
451,40,438,4.0,2022-08-26,Born prevent allow yes sometimes public city adult difficult.,1
452,210,2394,3.0,2024-12-03,Question live weight guy everything lose recently so tell quickly quickly case policy cultural.,1
453,129,862,5.0,2024-08-09,Seek eye second statement occur role office instead society sound young car imagine.,1
454,280,974,3.0,2022-03-11,Force serve heavy able discussion add see available movement administration.,1
455,2,60,3.0,2022-09-09,Main new large democratic home husband former spend hotel among how its.,1
456,100,2178,5.0,2024-10-22,He can most political positive investment study.,1
457,248,1018,5.0,2024-05-11,Nation building teacher only or write around scientist police century career part fund read should least.,1
458,178,382,2.0,2024-11-24,Nothing receive happen tax off station wide among perhaps mouth amount tell.,1
459,231,1760,4.0,2023-06-08,,0
460,278,1316,5.0,2022-10-12,Give spring manage far focus specific word opportunity case five section while example experience.,1
461,219,578,5.0,2022-10-12,Different bed newspaper piece building nature hope picture morning exist stuff executive.,1
462,223,368,4.0,2024-11-03,,0
463,161,2225,1.0,2023-12-23,Huge image term others rate change management manager fire imagine activity wide.,1
464,163,1951,4.0,2022-08-30,Bill information cause my air action large policy serious top image capital government.,1
465,279,1888,5.0,2024-03-29,,0
466,59,2496,5.0,2022-10-07,Hand half audience western race attack discover rise.,1
467,93,1003,4.0,2022-07-13,Institution speak firm approach money occur health conference.,1
468,285,1884,3.0,2024-02-03,Avoid early for kind enter report why rule half best speech.,1
469,127,1347,4.0,2024-01-21,On floor least of save serve usually PM mother itself season feel responsibility oil.,1
470,2,366,4.0,2022-07-18,Form those network crime focus parent enough provide least natural according rather any.,1
471,234,2383,3.0,2022-01-03,Wife year really suggest soon become enter talk south.,1
472,204,2253,3.0,2024-11-26,Nor clearly owner it drop couple stage real.,1
473,207,1430,2.0,2022-11-30,,0
474,34,1487,4.0,2022-10-21,Recognize defense radio decision your if else control night card drive clearly house sound who heavy.,1
475,115,1458,4.0,2024-11-15,,0
476,73,2306,3.0,2023-11-20,Present election keep truth perform remember difference movement full cell carry rather against behind read a.,1
477,231,296,2.0,2023-04-29,Pattern direction sometimes might fall defense father process painting moment threat across pull.,1
478,129,1112,3.0,2024-02-03,Star television foreign environmental garden to arm unit food nothing participant attorney.,1
479,208,1863,4.0,2022-02-28,Where buy about strategy small world degree choice similar it personal single trial manage level.,1
480,27,325,1.0,2024-03-31,Data away though media whether western I federal long understand.,1
481,190,2468,1.0,2023-08-24,About next appear her alone pass college me fight picture be station policy.,1
482,55,1406,1.0,2022-06-10,Road car many adult possible its sit happen cold law case.,1
483,227,2361,1.0,2023-01-07,Unit success involve civil successful early if source production ground suggest special idea western energy.,1
484,238,2018,2.0,2024-01-25,Rock executive language fire magazine only bit understand wonder recognize number machine off.,1
485,234,1594,1.0,2022-11-13,Remain success our back out relationship interview operation per fire finish term others song debate.,1
486,155,767,5.0,2023-10-30,,0
487,157,276,5.0,2023-06-30,Simple job describe capital develop opportunity throw big beyond responsibility one various move.,1
488,124,1027,4.0,2023-10-24,Produce travel forget explain usually direction administration record.,1
489,180,1022,4.0,2022-02-28,Rate join recognize try clear travel staff will reflect.,1
490,92,1886,2.0,2023-11-24,Voice feel step upon claim huge leave mean man suggest similar.,1
491,167,2185,5.0,2022-02-27,Center whole day moment national low form national summer attack mission his baby rule recently.,1
492,251,301,5.0,2023-06-29,Offer have fill section offer movie thank even agency quickly middle.,1
493,208,995,5.0,2022-04-25,,0
494,167,1767,4.0,2024-12-14,Perhaps note someone cover question drop about per truth child house budget style.,1
495,19,942,5.0,2024-05-27,Off cell base husband account industry green five.,1
496,58,391,4.0,2022-04-09,Range image everyone material unit water follow seem grow management between whom effort issue.,1
497,171,913,5.0,2023-01-23,According hit land minute speak space task.,1
498,160,1211,5.0,2022-12-17,Raise group increase good foot child through technology employee show open.,1
499,287,2212,5.0,2022-04-17,Usually above soon street cut image move international mention do five like among as.,1
500,152,1007,5.0,2023-09-23,,0
501,182,12,4.0,2022-10-08,When impact animal performance special environmental trouble.,1
502,77,1537,4.0,2024-11-29,Poor article and really rule music save development work since everyone attorney especially official on.,1
503,192,2147,4.0,2022-12-22,,0
504,284,309,4.0,2024-10-28,Point statement little machine suddenly start office main subject from check environmental decide.,1
505,137,2188,3.0,2024-04-06,,0
506,229,1688,1.0,2023-02-04,Participant money federal trial less government show seem man write wind add focus.,1
507,191,34,4.0,2022-08-08,,0
508,146,1532,5.0,2023-11-15,Of quality thousand once physical nature cell work ability response.,1
509,133,1254,5.0,2024-04-03,Establish practice speak and do bed treat over several forward exactly.,1
510,20,1698,5.0,2023-10-23,Light such child dinner nor key least.,1
511,140,1739,4.0,2023-11-26,Mouth least participant western box final message international environment training mission.,1
512,280,1623,4.0,2022-05-21,Cut may senior can paper skill mind how method.,1
513,284,1582,3.0,2023-04-12,Black inside each short collection through all poor reveal heavy performance.,1
514,4,1070,5.0,2022-11-16,Close information lose up decide support kitchen record himself consider opportunity.,1
515,208,716,4.0,2022-11-29,He word morning throw share light may far.,1
516,87,1866,5.0,2023-05-25,,0
517,93,1738,5.0,2024-05-01,Though statement start none increase nature structure value until.,1
518,31,2053,3.0,2023-11-24,Card right detail listen late me often wonder this direction.,1
519,297,1907,5.0,2024-08-06,Argue remain someone without first evening son my point argue thousand exactly letter land follow.,1
520,81,1542,3.0,2024-09-14,Audience social inside finish dark modern writer these name person always.,1
521,193,1259,5.0,2024-05-30,See leg at on fly owner newspaper few member part Republican hospital if near.,1
522,292,1509,5.0,2024-03-24,,0
523,264,1085,5.0,2022-01-22,Enjoy memory in modern technology where rate human character order race Congress very skill.,1
524,231,1445,5.0,2024-04-28,Agreement sure scene natural southern between up positive music poor suggest six better short spring ago.,1
525,41,1959,4.0,2023-11-11,According I resource sure other their another only detail single operation century network throw.,1
526,103,2359,3.0,2022-05-13,Ever relationship production support product parent law animal research analysis.,1
527,265,2038,5.0,2024-03-23,,0
528,202,96,4.0,2022-09-06,Foreign memory including million role different window full real actually main door big color.,1
529,154,2392,5.0,2023-01-18,,0
530,238,1774,5.0,2024-10-17,,0
531,139,1017,4.0,2024-03-31,,0
532,183,1748,4.0,2022-10-03,Beyond forget place race should key toward group popular modern.,1
533,289,129,4.0,2022-05-05,Page theory development event state enjoy find word Mr bit baby ask thousand week prepare reduce.,1
534,73,1620,5.0,2023-03-03,,0
535,280,171,5.0,2024-05-02,,0
536,257,2222,2.0,2024-05-31,View within soldier surface cup movie know food seek.,1
537,162,596,5.0,2024-07-28,Own season old just their pay Mrs them central police few sing environment international factor.,1
538,207,2308,5.0,2024-09-15,With off fall trip writer standard institution task west sport at design care.,1
539,72,2409,4.0,2024-09-10,Look serve media decade budget old marriage laugh true over reflect challenge.,1
540,208,226,5.0,2024-08-04,Do meeting which similar decade also north become next two product politics you.,1
541,209,570,5.0,2022-12-07,Dinner feel heavy yeah health nearly phone effect easy item.,1
542,36,1159,5.0,2022-04-20,Agency level debate factor his likely effort computer business sea occur name practice.,1
543,102,2248,1.0,2024-03-18,Main scientist type particular interesting kind from way today baby professor identify necessary population wall through.,1
544,21,459,4.0,2024-09-03,,0
545,188,1268,3.0,2024-01-11,,0
546,149,398,5.0,2022-03-14,Direction shake study property hit threat relate effort.,1
547,180,1863,5.0,2023-06-08,Data main last ago you option rest by if professor young wife side agreement charge.,1
548,187,1442,4.0,2022-07-02,Wide see offer position his standard bring three indeed laugh but second.,1
549,60,1497,5.0,2023-02-02,Including weight ability young second trip everyone specific TV care support campaign quite.,1
550,298,983,4.0,2022-09-19,Environmental open always tonight decade just interest determine inside group.,1
551,276,1857,2.0,2023-06-28,Behind ten pass force player everybody idea.,1
552,96,907,4.0,2022-09-27,,0
553,273,826,5.0,2025-01-01,Family pattern deep since go leader surface traditional its film than.,1
554,261,841,4.0,2023-11-05,Spend body himself majority campaign design nothing site ground toward high partner.,1
555,31,209,3.0,2022-02-19,Green serious police magazine just surface enjoy begin part ago until why.,1
556,190,2309,3.0,2023-10-27,Follow win sea free as reveal decade view why single understand eight near loss Congress.,1
557,26,527,5.0,2023-10-24,Director a light drop do education guess her school base rather factor stop chance behavior.,1
558,83,156,5.0,2022-03-29,Recent open moment level station degree care read face on experience.,1
559,68,61,1.0,2023-04-09,Many itself believe create recognize source maybe art rich movie whole beat deal.,1
560,293,484,3.0,2024-11-25,Foot voice economic item movement color billion son.,1
561,204,146,4.0,2022-05-23,Sometimes back lay animal provide piece floor feeling former law apply politics prepare able.,1
562,6,2480,5.0,2022-08-02,State prevent each speak authority walk conference sea activity almost continue approach where.,1
563,132,1115,4.0,2024-04-22,Them with reality friend receive push trip catch explain believe eye check identify.,1
564,300,2419,1.0,2023-01-08,Already fire eight school not affect work I throughout day science cell career carry.,1
565,279,1121,4.0,2022-06-04,All floor than onto contain compare head.,1
566,35,1847,5.0,2024-10-13,,0
567,244,1448,4.0,2024-02-18,Pretty believe professional pass another away serve eight fill.,1
568,273,1630,5.0,2024-03-19,Office court politics hair military western bring Democrat during our.,1
569,162,513,4.0,2023-02-23,,0
570,186,198,5.0,2023-11-02,,0
571,193,437,4.0,2024-05-25,Strategy in exist call fight may fear sound participant into above enough.,1
572,83,2292,4.0,2023-03-30,Involve cover community approach special week easy seek PM list toward start everybody of PM.,1
573,50,2020,3.0,2022-11-03,Concern line discussion if similar free concern himself where he forward suggest.,1
574,190,1614,5.0,2024-01-07,Maintain today whether have east policy art trouble indicate black list.,1
575,174,1417,5.0,2023-07-07,Despite identify ok he eye kid yeah establish share its fish do.,1
576,41,1438,4.0,2023-10-22,Night recognize record imagine seven thing office thousand security child.,1
577,213,886,4.0,2023-04-23,Theory religious wrong management or fear full bank political tell.,1
578,123,2115,3.0,2023-04-29,Week seat natural different even vote expert nature matter investment protect ago size.,1
579,98,1767,3.0,2024-07-09,,0
580,233,2393,4.0,2023-11-19,Room chair not opportunity door part threat national price indeed great different watch.,1
581,220,1359,4.0,2022-04-02,Big to middle culture left ahead age southern.,1
582,270,2423,4.0,2022-10-12,Capital arrive reality simple significant wall event party sport where tough affect to hit.,1
583,133,2090,5.0,2024-04-28,,0
584,112,887,5.0,2022-02-04,Off brother without without huge cultural should situation kind contain politics.,1
585,193,324,,2024-01-24,Security yard plan home reflect general if true course.,1
586,96,1721,4.0,2023-12-24,Least security one southern piece feel Democrat star.,1
587,7,233,5.0,2022-11-18,Measure professor year body politics reflect himself factor least per later.,1
588,110,348,5.0,2024-12-06,In threat difference forget outside allow what.,1
589,120,2302,5.0,2022-01-15,College size number box simply east own rule.,1
590,127,1352,4.0,2023-08-01,Seven ball difficult evening evening live program.,1
591,128,1983,5.0,2024-07-13,,0
592,81,1993,2.0,2023-03-08,Prevent day rate move beyond animal nor something enter rock western ten management describe.,1
593,21,513,3.0,2022-08-15,Yes training before hundred wish official report production.,1
594,108,1879,2.0,2023-09-09,,0
595,174,1966,3.0,2024-06-12,Sign answer find together claim treatment character no.,1
596,105,586,5.0,2023-06-13,Table understand identify name almost who then own east certain western show election.,1
597,226,1386,4.0,2023-11-25,Few end choose art five avoid article long worker benefit study up.,1
598,50,969,4.0,2022-08-07,Day myself arrive food lose talk this so.,1
599,10,145,4.0,2022-12-11,Data career relate on finally summer administration career.,1
600,109,323,5.0,2024-01-26,,0
601,166,1019,4.0,2024-06-02,Protect above wife minute sort because begin car move surface federal carry machine recent.,1
602,11,440,5.0,2022-07-17,Defense job support happy herself team could author never who also PM feeling wife price her.,1
603,164,7,4.0,2024-03-23,Your college political budget exist answer report bar friend former in professional whole control at.,1
604,258,79,5.0,2023-06-13,Education general cold follow serious market find avoid catch guy main speak various level myself.,1
605,262,664,4.0,2024-11-30,Every moment travel international page media word our wonder air black wrong red future later voice.,1
606,25,36,5.0,2024-05-25,,0
607,199,2472,5.0,2024-12-14,Decade hair measure though system contain point beat choose identify set gun happen.,1
608,2,1500,4.0,2024-05-16,Him account against amount family your TV born development would her.,1
609,218,1218,4.0,2022-02-09,Technology end skin mention sing bill above why wonder in must arrive evening.,1
610,141,1965,4.0,2023-04-24,Magazine movie account imagine court result business thank.,1
611,240,2011,5.0,2023-06-18,Cause central challenge company choice actually everyone force choose.,1
612,234,1671,5.0,2023-07-12,Group paper other allow event although seem environmental painting break.,1
613,174,575,2.0,2022-03-15,Three big break east project step watch fire five sister kitchen certainly.,1
614,152,570,5.0,2023-02-07,Option type account upon eye policy very grow majority wonder out less drive camera music.,1
615,138,1025,2.0,2024-02-28,Agency feel performance travel Republican forget feeling party.,1
616,246,1900,5.0,2023-11-07,Skill member trade upon enjoy light improve law run.,1
617,31,1201,1.0,2024-06-05,,0
618,243,1775,5.0,2022-01-27,Can already be member new particular against develop general wonder nice report agent yet let one.,1
619,227,2277,4.0,2024-03-10,Property best station per toward know use tough.,1
620,44,672,3.0,2023-01-23,Other add sport need when trip six or fill should name everything office.,1
621,65,539,2.0,2024-11-15,,0
622,76,2098,5.0,2023-01-05,Street owner involve point ready grow check.,1
623,188,122,4.0,2023-06-02,,0
624,224,817,5.0,2023-03-13,Song investment help road home inside drive laugh event know amount human century increase unit industry.,1
625,7,1795,4.0,2022-08-20,Attorney onto necessary cause detail after exactly look huge party policy support fast feeling similar.,1
626,218,1596,3.0,2023-10-02,Teacher Congress sort speech mother push drive cell economy defense mention short event lawyer.,1
627,229,1395,4.0,2022-06-01,Film result garden walk huge blue movement firm example.,1
628,1,2441,4.0,2023-03-09,Up his street none her class clearly laugh dream several develop certain some put fact consider.,1
629,116,1044,4.0,2023-10-19,,0
630,83,1028,5.0,2023-04-26,,0
631,271,883,4.0,2024-07-10,Summer focus Mrs special moment difficult evidence treatment cause itself.,1
632,297,572,5.0,2022-02-18,,0
633,97,641,5.0,2023-06-25,Toward real outside kind between far church catch capital.,1
634,172,1955,5.0,2024-07-11,Beautiful less until computer budget range opportunity tonight him decide teach.,1
635,293,607,5.0,2022-10-04,How worry standard seem will building discover.,1
636,35,1085,1.0,2024-05-24,,0
637,130,10,4.0,2023-09-13,Matter few sister start account character individual provide any.,1
638,191,334,4.0,2022-01-08,Dream during health difficult page be artist around against remember possible involve heavy contain future.,1
639,151,1275,3.0,2024-01-10,Record ask science government outside able last young speech central a.,1
640,89,2104,5.0,2024-12-27,Risk within carry doctor while prepare light trouble move away former face.,1
641,287,314,5.0,2023-06-07,Study know site brother fast series cultural pass treatment turn prove.,1
642,237,1355,4.0,2023-01-30,Into inside into around computer likely to individual by six civil beautiful record fly.,1
643,288,2214,1.0,2024-09-11,Area product something person choose early push hospital personal quite kid hit stay plan daughter.,1
644,48,250,5.0,2024-12-26,Career cup main much one author catch stand might expect.,1
645,212,815,4.0,2024-11-05,,0
646,150,2281,3.0,2023-12-22,Happen determine marriage bar suffer paper court always voice each store significant early sell north.,1
647,208,2313,5.0,2023-10-22,Them reflect available century join outside phone surface here.,1
648,208,252,5.0,2024-07-05,Camera long who require billion probably cut raise include now.,1
649,241,1673,4.0,2024-04-03,,0
650,130,1808,3.0,2022-11-11,Time try cause behind single project air hold good red hotel contain.,1
651,53,467,4.0,2022-02-23,Tend theory the hard south maintain year firm generation while travel major strong.,1
652,15,841,4.0,2022-11-18,Finish seem party within employee kid fall international clearly sport official remain store.,1
653,212,1984,4.0,2022-08-17,Fill personal fire when official wife industry.,1
654,259,1657,4.0,2023-03-23,Move free body stand approach instead call language individual man others discuss floor.,1
655,187,770,3.0,2024-09-19,Pass once democratic range especially catch capital.,1
656,83,1689,3.0,2023-06-09,Feeling than prevent too control skin fall management.,1
657,240,886,4.0,2023-04-16,Worker ready take property recognize expert general manage note teach carry break mind recently appear.,1
658,191,741,5.0,2022-11-12,Data power morning behavior laugh quite water.,1
659,164,458,4.0,2022-10-31,,0
660,179,1529,5.0,2022-09-14,Similar cover population thing really unit recognize especially ask.,1
661,192,901,5.0,2023-02-10,Major she knowledge house imagine detail cell television woman minute customer both write.,1
662,252,386,5.0,2023-08-24,Agree we any thousand put factor truth call stage.,1
663,150,947,5.0,2024-08-10,,0
664,104,514,5.0,2023-10-05,Data year defense support put herself water meeting voice reality painting material science beat deal.,1
665,280,1770,5.0,2024-04-09,System policy education true three theory outside.,1
666,221,1946,5.0,2024-12-02,No have information nothing street box could.,1
667,195,727,4.0,2024-06-12,Perform shake behavior nor Democrat anyone president three a board forward.,1
668,116,1848,4.0,2024-07-22,Body general tonight resource thus politics must any weight safe officer serious same.,1
669,95,3,5.0,2024-08-06,,0
670,117,1529,5.0,2024-07-21,Effort attention example evening ask if throw future reach street course.,1
671,109,1170,3.0,2022-12-22,Ever position local leader good anyone among police.,1
672,59,137,4.0,2022-01-09,Two might fish example body subject late energy.,1
673,67,1630,1.0,2023-04-24,While part choice leg treatment bill today money.,1
674,25,1701,5.0,2023-06-06,,0
675,91,925,2.0,2022-11-04,Position daughter reduce job blood middle home wonder military institution be number step history green.,1
676,55,1711,1.0,2024-11-14,Dark current including live among fly agreement wide movie heart eight poor attack girl force.,1
677,62,562,5.0,2024-05-09,Nation east weight would official order seven clear city.,1
678,79,481,4.0,2023-11-19,Process behind town red friend analysis race much environment interesting nature painting debate.,1
679,189,35,3.0,2024-10-08,According small game citizen stay condition senior involve nice positive.,1
680,267,1121,4.0,2024-10-04,First point specific report clearly call military want interview why above.,1
681,157,107,3.0,2023-02-18,Level couple trip movement nor line though success police she difference ten suddenly wear soldier.,1
682,118,2116,4.0,2022-11-15,Lay section sense building service fall five really lose mean hope ability owner across.,1
683,104,693,2.0,2024-11-25,Chair answer center tax cell far face describe.,1
684,156,2345,5.0,2023-10-24,Give probably support reality language like serious.,1
685,91,429,3.0,2024-08-29,,0
686,272,761,5.0,2024-10-06,Various question old listen heavy report its sign I lay fast parent rich.,1
687,136,891,5.0,2022-06-28,Model doctor explain entire admit require charge view style war worry here.,1
688,211,1043,5.0,2023-10-31,Cultural learn customer reason camera because away election worker region learn gun.,1
689,232,418,5.0,2022-06-13,Long during anyone box manage policy box traditional forget seat benefit.,1
690,28,47,5.0,2023-02-21,However stock charge across mean care give occur.,1
691,235,1445,5.0,2022-08-11,Prove suddenly travel our tell truth data five medical research.,1
692,208,543,5.0,2024-07-01,,0
693,252,128,2.0,2023-11-29,Man become cost exist idea now stand his wife represent under world.,1
694,108,174,5.0,2023-06-09,,0
695,237,796,4.0,2024-12-15,Table quickly drive choose theory before yet manager catch price interest chair million.,1
696,39,1340,5.0,2024-02-17,,0
697,29,1868,2.0,2023-09-27,Hotel four teach or coach result prove face always alone thing.,1
698,23,1838,4.0,2022-02-01,Again hospital anyone fight second so floor operation nice.,1
699,242,1472,4.0,2022-01-23,Evidence station many boy west data arm population rise write floor inside.,1
700,204,776,4.0,2022-01-16,,0
701,219,775,4.0,2024-01-18,High require strategy customer actually trade arm also appear star.,1
702,179,682,5.0,2023-11-06,Doctor network minute road special finally station whose community popular way from weight ask myself wall.,1
703,222,761,,2022-10-12,,0
704,210,931,5.0,2024-09-02,,0
705,210,483,5.0,2022-04-28,Person anything science any energy determine kitchen interesting drug.,1
706,186,2194,1.0,2024-02-07,Hour move poor mention specific cell case play mind give worker set field.,1
707,74,1299,3.0,2023-10-07,Thus wonder shoulder suggest the treat detail year tell because woman race water purpose.,1
708,140,86,5.0,2022-02-08,Across party market dark language mean without behind once by.,1
709,48,1908,3.0,2023-07-06,Cause instead do your safe green agreement rock if magazine look.,1
710,146,2143,5.0,2022-09-04,Meeting long thank by most special describe unit.,1
711,158,1393,4.0,2024-10-06,Name town project agency rock however simply policy least husband option contain it.,1
712,275,1466,5.0,2024-10-01,Method reality action recognize crime poor beat house stage college nearly political put.,1
713,10,806,4.0,2022-08-02,Whose a fact on space not blood food performance lose charge follow owner many fast.,1
714,77,2145,4.0,2024-10-16,Stuff treatment hard score agency ahead authority report various by kid throughout sit form necessary.,1
715,233,1379,5.0,2023-05-22,Occur well cause whatever television test go behavior mouth bag.,1
716,90,2362,5.0,2022-08-30,Success final investment argue prepare similar above owner.,1
717,166,1463,5.0,2022-08-05,Especially region Congress way night threat glass leg anyone do admit.,1
718,109,400,1.0,2022-01-01,,0
719,24,1680,4.0,2023-03-10,Operation adult big theory future actually popular hot personal.,1
720,255,2169,4.0,2022-08-27,Every occur why husband poor general yet class surface impact decision budget night his.,1
721,154,965,5.0,2022-07-24,Add weight police after carry energy common.,1
722,151,1067,5.0,2022-01-01,Prepare interest employee source later dream war same explain agent speak manager site.,1
723,300,1305,5.0,2023-02-28,,0
724,213,554,4.0,2024-02-19,Southern several figure watch which happen impact since.,1
725,165,2212,3.0,2024-12-15,Eight result myself manage decade position education head effort right exactly pretty to window.,1
726,265,1590,4.0,2023-07-04,Government them cup section environment cup father scientist director vote good natural investment.,1
727,7,2390,5.0,2022-10-26,Take story democratic without stop military drive ahead production.,1
728,8,59,5.0,2023-03-30,,0
729,296,2488,5.0,2023-09-10,List modern above meet participant during significant practice sign particular despite stop edge during.,1
730,263,2200,4.0,2024-06-13,You real term all agency right figure son guess result other mother husband.,1
731,11,1280,5.0,2022-09-25,Run account leader exactly truth serve serve note recent.,1
732,54,655,,2022-07-22,Dinner scene trade suddenly opportunity especially small generation pick rate drop understand as case.,1
733,270,1058,4.0,2022-08-04,Year body although car recent above yeah age continue none find gas those cause less.,1
734,281,1516,5.0,2024-08-30,Sign rather range station seek per strategy former bad return town.,1
735,222,2315,3.0,2024-05-10,Central prevent office ever than husband continue leave.,1
736,170,85,5.0,2022-05-18,Chance its put town south gas reality model many more network.,1
737,57,2218,3.0,2022-05-19,Give garden bag place issue American page training ball discussion behind live.,1
738,286,1601,5.0,2022-03-02,General group sense detail law all share career cost suddenly indeed.,1
739,253,1828,4.0,2024-08-05,Easy economic believe successful suffer property store hear institution return.,1
740,79,591,4.0,2023-01-28,Set either big send agreement election budget wish pretty.,1
741,34,766,5.0,2024-07-30,Civil operation usually interest doctor page issue after such type our wear job.,1
742,139,623,5.0,2023-05-19,Wait financial allow form past opportunity central start trial region industry dinner sound way.,1
743,193,367,4.0,2023-05-19,Exactly director simple turn most although maybe sure bed factor.,1
744,139,447,5.0,2024-11-16,,0
745,72,2464,4.0,2024-08-27,Arm hard staff husband hand teacher certain compare reveal.,1
746,146,1965,5.0,2024-12-21,East car gun he her continue participant book.,1
747,54,480,5.0,2022-10-08,,0
748,258,387,4.0,2022-03-31,,0
749,286,984,2.0,2023-07-11,Fall agency expect else time miss religious positive eat third head trip.,1
750,102,599,2.0,2023-04-09,Though rate talk professor one low question blue.,1
751,209,1211,5.0,2022-11-28,,0
752,268,2302,5.0,2022-07-19,,0
753,247,1356,4.0,2024-07-17,Impact raise boy pull life call tough.,1
754,1,862,5.0,2022-11-17,Speak travel degree class born interview rate bar approach me direction peace.,1
755,240,1348,4.0,2022-02-08,,0
756,139,2367,5.0,2023-05-28,Better near however tonight skin kind quickly itself machine.,1
757,285,731,5.0,2022-03-01,,0
758,2,997,5.0,2022-07-15,Grow north radio maintain kind factor sure.,1
759,91,407,5.0,2022-02-25,Subject ball tell argue ever anything speak concern capital position score minute night never alone defense.,1
760,12,462,5.0,2023-12-09,Point they color first hundred seven another possible answer across sit.,1
761,240,556,5.0,2024-07-07,Event range learn girl personal movie rich drive interest measure.,1
762,298,520,3.0,2023-05-06,Away during near car common any seek.,1
763,12,298,4.0,2022-01-08,During exactly art nation civil able dog price.,1
764,198,1926,5.0,2024-01-20,Gun door all nearly culture room thing public mission.,1
765,196,159,3.0,2024-10-30,Develop subject down north property beat voice long early herself actually see or.,1
766,275,1886,4.0,2024-07-18,,0
767,265,1726,4.0,2024-08-10,Possible into contain amount government ball recognize between anyone listen across.,1
768,211,730,5.0,2024-09-18,Its especially half some some provide study fly.,1
769,61,211,5.0,2024-07-29,Describe according he share think once ball enter politics.,1
770,272,863,,2023-05-23,Employee guy painting center house full state outside law material door land.,1
771,47,308,5.0,2023-07-14,Read put matter seek suffer drive great blood.,1
772,229,2037,3.0,2022-12-04,Share high simply name vote head manager learn crime suffer modern section statement.,1
773,9,246,5.0,2022-06-10,Coach cause reach until seven eye herself.,1
774,288,2484,1.0,2022-10-11,Few skin though compare interest road a week.,1
775,68,2071,4.0,2024-07-27,Author lead single range company provide hear far.,1
776,90,925,3.0,2024-11-29,Both however mother instead thought indeed look success home help.,1
777,202,1467,3.0,2024-06-01,,0
778,99,2215,4.0,2024-10-16,,0
779,208,1603,5.0,2022-01-20,Hold member low against help next which able everything detail raise turn direction rock real.,1
780,214,1947,1.0,2023-06-12,She office Congress weight single religious way box.,1
781,208,1249,2.0,2024-04-03,Lot arm form development ask traditional anyone sea rate.,1
782,73,1531,5.0,2023-08-17,Behind myself color message exactly buy court beautiful box recent significant watch present summer lose quality.,1
783,30,2232,5.0,2022-11-12,Party so road prevent strategy local expect pass person arm claim than blood buy evidence.,1
784,199,113,4.0,2024-07-18,So write green scene need movement bill wait whose item manage place range.,1
785,272,594,5.0,2022-05-30,,0
786,191,622,5.0,2024-12-05,Image during year customer behind others wonder hand good stand seat send.,1
787,75,967,4.0,2022-04-06,Industry figure improve maintain night audience off through.,1
788,208,2098,5.0,2022-05-24,Table report possible thought apply most way recently box debate statement matter international management country.,1
789,9,1249,4.0,2024-11-10,Boy develop worker create TV sort drug like technology.,1
790,18,809,4.0,2023-10-11,Environment already summer financial own argue live clear ground fast middle four.,1
791,147,2138,4.0,2023-04-28,Game inside whose test quite true nature store check sure.,1
792,15,316,5.0,2024-02-23,Page child treat since throughout black speak attorney outside science.,1
793,153,634,4.0,2023-08-19,,0
794,221,2305,5.0,2023-03-24,Newspaper there picture successful tough story story test today toward blood reflect.,1
795,124,122,4.0,2022-06-04,Religious image also recent house number end election station.,1
796,217,1528,4.0,2024-11-24,Edge do finish design apply drug thus song our miss say simple perform practice investment.,1
797,270,4,4.0,2022-06-23,Gun small Mrs career everyone role none see painting compare blue.,1
798,103,2287,3.0,2024-03-31,Player throughout forget watch understand industry meet at deal white like various laugh long.,1
799,173,344,5.0,2022-05-28,Building prevent religious window relationship Congress car commercial color.,1
800,148,257,3.0,2022-08-19,Behind pattern they style director speak in treatment continue doctor fine.,1
801,151,1187,4.0,2023-02-04,Behind name possible financial environmental fast will.,1
802,147,1486,5.0,2022-07-01,Choice world air really each student happy recently film in reduce.,1
803,259,330,3.0,2022-07-11,Brother save international assume from writer account sort.,1
804,92,594,4.0,2024-01-22,Billion manager court much religious today level floor store care stuff.,1
805,289,1431,4.0,2022-07-17,,0
806,10,2102,4.0,2022-04-15,Range perhaps meet station history away top sister.,1
807,199,1447,4.0,2024-04-01,Poor five floor environment see order compare.,1
808,42,247,4.0,2022-05-30,,0
809,109,1728,1.0,2022-12-29,Drop him high on view interest community collection get.,1
810,129,247,3.0,2022-02-23,Mr behavior economic strong person my senior participant administration perform.,1
811,103,1265,2.0,2022-05-24,Situation figure exactly piece chance able interesting concern seat establish.,1
812,139,1166,4.0,2022-03-21,Cut feel military page weight either line bill whatever money.,1
813,109,524,5.0,2022-01-24,Total effort also itself space speech compare eat no himself per card form.,1
814,100,959,5.0,2024-06-06,,0
815,52,753,5.0,2022-02-10,,0
816,276,896,5.0,2022-08-01,Last daughter start against technology clear service.,1
817,208,1161,2.0,2022-04-28,Plant very southern writer participant these TV such tend eat interview toward them instead force.,1
818,116,469,4.0,2024-09-14,Over style like foreign else buy near cut also option open ever.,1
819,144,624,4.0,2022-08-27,Meet lay various worry science particular I help while involve open particularly election administration red.,1
820,26,2169,4.0,2022-05-23,Record talk against tell talk once be end key bank ago serve sometimes end.,1
821,133,1264,5.0,2024-01-23,Bill hot stop industry road a full myself measure want rather his product end.,1
822,200,53,5.0,2022-10-19,Daughter reason wide happy thought work offer foreign third.,1
823,216,689,3.0,2022-03-02,Food training population sit impact religious social director gas animal station.,1
824,163,542,2.0,2023-08-31,,0
825,138,2324,5.0,2022-08-28,Top somebody itself likely reflect onto tonight soon buy where such.,1
826,16,1113,4.0,2023-02-05,Argue television teacher much the yourself into common heavy store method smile.,1
827,8,798,3.0,2023-07-12,In sense military explain each security teacher test provide cultural mention determine result be show sure.,1
828,148,2405,4.0,2023-10-29,Keep official over base southern possible ability family turn.,1
829,270,2035,4.0,2023-08-29,,0
830,116,2388,3.0,2024-12-02,Challenge than remain least model serve any democratic foreign chair war section.,1
831,88,954,1.0,2023-12-27,Effect quite deep organization idea sit help school each bit.,1
832,129,109,4.0,2024-03-16,Purpose character develop keep instead live success total.,1
833,56,1034,5.0,2024-11-27,Third study though feeling term leave though community including career each hotel Mrs recent.,1
834,266,1944,3.0,2023-05-30,,0
835,235,2488,5.0,2024-10-26,Pass travel trip painting sport enter many significant hear evening expert dream expect maybe free.,1
836,203,1870,5.0,2023-04-21,Government couple seek skin there thank while six live letter newspaper example enter change when lose.,1
837,188,2203,3.0,2024-05-27,Great final knowledge current because first likely debate since arrive open small poor another.,1
838,21,1350,5.0,2023-02-17,School someone head ground media drug fact enjoy each work song.,1
839,141,1150,2.0,2023-08-29,Half garden Congress customer quality walk involve all raise trip several technology already.,1
840,262,1808,3.0,2024-06-01,Ahead yourself say audience save spring once send gun instead bad ready our nothing.,1
841,62,1226,5.0,2022-05-06,Street year beautiful big thought maybe see language upon I baby role like.,1
842,255,398,2.0,2024-05-15,Type member shake impact main a result run in provide teach street natural.,1
843,151,1186,1.0,2022-06-11,Remain administration health card identify within only admit politics.,1
844,238,380,3.0,2022-11-11,,0
845,90,1747,5.0,2022-03-18,Everybody clearly discussion discuss role off control institution.,1
846,239,885,4.0,2024-08-01,,0
847,265,996,4.0,2023-11-02,Talk firm study quite perhaps institution trip attack area attack then.,1
848,73,1029,3.0,2024-01-11,Home allow machine late during necessary study education run matter cold lay ten still able.,1
849,26,1594,4.0,2023-12-02,Paper example admit today them coach reveal situation lose difficult ground bank.,1
850,211,1962,4.0,2022-10-29,Including understand ten look believe bed data hand measure could center method crime.,1
851,299,578,3.0,2023-07-25,Significant movement bad decide perform money Mrs point really major own gas performance.,1
852,82,2046,2.0,2022-11-24,Around officer field though soldier away color your without form space style win book leave serious.,1
853,195,2148,3.0,2022-04-29,Democrat day take onto find several occur natural respond.,1
854,284,1073,5.0,2022-12-13,Run yeah whether assume election history else.,1
855,95,1611,5.0,2023-10-25,Word community trip bill part have leg subject within suggest subject save big as fire line.,1
856,30,1603,,2024-12-02,Far wrong fast husband cultural base third ground cultural approach.,1
857,62,590,4.0,2023-04-23,,0
858,186,2287,3.0,2023-07-31,Fly although arrive film act kid because Republican.,1
859,81,1305,3.0,2022-10-20,Pattern thousand imagine pass field should floor.,1
860,210,2244,4.0,2024-06-03,,0
861,173,722,2.0,2022-07-19,Scientist remain down song for though build next wind our better image pass.,1
862,239,1068,1.0,2023-01-29,Environment check indicate range various true sound age will truth security word herself past admit time.,1
863,187,273,3.0,2024-01-04,Player civil economic son but movie individual me call reach plan material until I practice.,1
864,186,825,5.0,2023-04-13,,0
865,234,851,3.0,2023-03-12,Structure nothing high certainly more place market son remain second action notice.,1
866,57,2201,2.0,2022-10-21,Product plant two water goal can car physical any.,1
867,171,928,4.0,2022-11-17,Citizen air whether produce tree environment fund management can source.,1
868,125,2491,5.0,2022-05-11,Leg business particular because free too specific former yet this sort age upon trial way.,1
869,278,860,5.0,2022-02-03,Administration herself explain agreement social story energy industry grow feel local later source.,1
870,279,1603,5.0,2024-03-06,Whom among often either base me rock measure job white employee along too forget subject issue.,1
871,31,2477,5.0,2024-07-23,Determine next most unit kind they girl recently treat.,1
872,293,1037,5.0,2023-07-31,,0
873,214,2233,3.0,2022-02-26,,0
874,100,2128,5.0,2022-11-26,Perhaps down deal probably appear positive those catch option those yeah son test new across evidence.,1
875,105,340,4.0,2022-04-29,,0
876,138,1844,4.0,2023-10-11,Everyone send total bag officer address meeting debate building return eight yes only wrong follow early.,1
877,138,1593,5.0,2024-01-22,Week now final operation send employee speak room whatever.,1
878,270,1368,1.0,2022-04-20,Film campaign dream grow behavior save listen policy star former.,1
879,58,814,4.0,2023-05-06,Call role management space eight member military spring more show.,1
880,188,915,2.0,2022-07-20,,0
881,35,741,4.0,2023-12-19,Here produce or coach similar vote movement control though moment clearly movie.,1
882,59,45,5.0,2024-03-22,Set book despite early decide join member.,1
883,293,734,3.0,2023-05-04,Interview road race story machine important manager adult we everything soon despite.,1
884,29,2091,4.0,2024-11-28,,0
885,33,1511,4.0,2023-12-13,Safe off store little chair discuss player ball local today raise.,1
886,86,2215,4.0,2024-10-31,Outside city me performance ever remain whole beautiful rate relationship fact money.,1
887,290,829,3.0,2024-10-27,Investment follow build security brother pay manage either difference.,1
888,156,521,1.0,2023-10-04,Image skin author group political financial born idea morning interview very account speak not deal say.,1
889,250,2431,4.0,2023-09-04,,0
890,164,368,2.0,2023-08-03,Article book six student beat say offer present choice.,1
891,144,1868,5.0,2024-07-11,Certain modern service social Democrat sign outside look improve any pick.,1
892,296,471,4.0,2022-07-25,Job reason western source them wife ever soldier cultural feel above.,1
893,23,971,4.0,2022-11-02,That just drop some money hundred section bit generation end indicate administration.,1
894,205,1397,3.0,2022-06-04,One throughout American three machine environment security wrong plan case.,1
895,264,1703,2.0,2022-07-19,Answer four deal understand system federal of blood real.,1
896,224,631,4.0,2022-03-15,Start give know phone radio sort hair amount wonder these we wide reveal sure power.,1
897,225,260,3.0,2023-12-25,News team purpose law themselves near become city consumer employee.,1
898,263,2212,4.0,2024-04-15,,0
899,141,793,3.0,2024-06-10,,0
900,139,253,5.0,2024-06-21,,0
901,276,1721,3.0,2022-09-03,He local mention eye house knowledge participant strategy story store bank sit none now beyond measure.,1
902,69,1527,5.0,2023-08-08,Low have check quality everyone benefit fill sit fund public investment every must mind.,1
903,245,1075,4.0,2023-11-01,Military popular production live key its here five today loss.,1
904,29,1416,4.0,2022-12-26,,0
905,289,2443,4.0,2022-10-11,For rise enjoy soldier decision structure development she Mr price big teacher.,1
906,228,1465,2.0,2022-07-08,Company cell able old should teach approach if we drop tend generation growth less by.,1
907,140,1009,2.0,2024-08-14,,0
908,142,1333,1.0,2022-07-10,,0
909,126,629,5.0,2024-07-25,Professional body wear poor left teach short.,1
910,205,1710,5.0,2023-06-17,Which drive author thus energy movie card good half while front effort development establish whom plant.,1
911,1,1030,3.0,2024-02-07,Believe move then hear degree professor charge team movie whom glass.,1
912,25,166,5.0,2024-11-20,Street purpose old whose general section feeling.,1
913,180,2437,5.0,2022-07-19,Gun maybe president I choice today most training physical brother cover cold degree save.,1
914,279,583,4.0,2022-10-06,Know feel let edge southern young know respond effort without prove.,1
915,209,1233,5.0,2023-01-05,Result southern really wind buy glass floor future among require material exist research I.,1
916,197,145,4.0,2024-02-23,,0
917,15,1157,5.0,2022-03-22,,0
918,162,1643,1.0,2023-03-02,Left course station beyond back girl question probably always.,1
919,152,1880,4.0,2022-03-07,Just along himself of position off major it.,1
920,100,72,3.0,2022-10-17,Concern more finish better tough choose see half special door near social one knowledge quality good.,1
921,283,1788,5.0,2022-01-01,So main drive these somebody reflect organization animal around campaign.,1
922,286,163,3.0,2024-08-23,Mrs establish be degree song star send partner avoid couple page treat finally manage finally.,1
923,19,255,5.0,2024-01-29,Dinner if public different look sign nothing kid star artist reason minute against region take through.,1
924,97,1475,1.0,2024-01-19,Professional trial purpose direction hair pick such.,1
925,136,1297,5.0,2024-04-21,Sport hope agent company sure consider yard indeed to likely option enough sing attention though.,1
926,78,860,4.0,2023-09-20,Hospital voice billion special public whatever someone coach enough price focus city help type one.,1
927,45,960,4.0,2024-03-26,Nothing without successful special tend hour serve five white pick evening trip record Congress rather.,1
928,194,109,5.0,2022-01-10,,0
929,244,1873,3.0,2023-08-27,Exactly under body best significant mother sure toward garden degree TV could.,1
930,185,1722,4.0,2022-10-12,Reach certain deal stay poor beyond or.,1
931,207,646,4.0,2024-09-30,Study reveal message sister Mr today technology voice employee provide coach watch end.,1
932,231,2376,5.0,2022-06-24,During drug environment arrive best continue college debate home crime meet there house fact traditional.,1
933,156,2227,5.0,2022-05-25,Run action instead professor itself will down.,1
934,147,1035,5.0,2023-12-25,Help science health low pressure ready assume indeed when material among nation suffer house.,1
935,8,56,4.0,2022-04-01,,0
936,101,2319,4.0,2024-08-15,Prevent bill hope off and though provide.,1
937,142,1529,1.0,2022-05-11,Suddenly pressure somebody either investment fear open bar already responsibility range discuss race.,1
938,241,947,5.0,2022-12-26,,0
939,48,274,3.0,2023-10-30,Six economic something almost north report main administration fear from product boy which.,1
940,24,1869,5.0,2024-04-15,,0
941,267,926,2.0,2024-05-25,Radio but attorney tell next between however nation often let action everyone brother forward.,1
942,33,742,3.0,2023-02-07,Attack eat top rock sit game commercial somebody cell both.,1
943,217,571,5.0,2024-12-05,,0
944,190,2344,5.0,2024-05-24,Same series nearly member happen everybody action ten up discussion significant happy discuss me fear.,1
945,20,604,5.0,2023-04-08,Police above gun dream sound surface lose full effect off sign relationship business then same fight.,1
946,195,321,5.0,2024-04-15,,0
947,24,536,4.0,2023-03-02,Character myself country number happen week on lot.,1
948,221,1394,5.0,2022-02-03,Activity determine space television law manage manage tax recognize court generation matter traditional throw field can.,1
949,140,1899,5.0,2022-01-04,,0
950,143,2116,4.0,2023-03-10,Above behavior hot must discussion play new fly dream history else series.,1
951,62,1520,2.0,2022-04-10,Shake identify let project tax act evidence financial walk prevent research onto respond put.,1
952,251,2428,5.0,2023-04-22,Successful police line door direction computer oil inside stock rise.,1
953,115,904,4.0,2024-07-07,Treatment worker to enough than break a myself to teach only red.,1
954,75,2369,5.0,2023-03-07,,0
955,232,2006,2.0,2024-07-28,Rise describe bring behavior general affect game face low lawyer single on vote.,1
956,165,1394,5.0,2023-02-02,Responsibility federal local story black anything well office hot thing gun purpose go game change north.,1
957,10,1891,4.0,2024-05-23,Charge hold office fast full wall quite serve oil participant election rate more give.,1
958,226,1329,5.0,2023-01-03,Activity its rich rock consider tend practice television attack mind use site live.,1
959,30,40,4.0,2022-05-19,Should kitchen key lay other life series day north stay certain development life contain seat serve.,1
960,299,226,3.0,2024-10-28,,0
961,262,110,4.0,2022-12-29,Attorney size area just draw group candidate others common produce allow much too.,1
962,297,209,4.0,2022-02-11,Explain clearly cover walk drop skin democratic operation discover.,1
963,165,1360,2.0,2024-01-24,Here skin sport threat strong weight help world else difficult true.,1
964,276,1998,,2022-08-12,Partner pressure course join they follow cell figure carry gas lot strong almost.,1
965,213,197,2.0,2024-05-23,Technology enter most stock from mother sister future blood which place share.,1
966,204,2269,2.0,2024-09-03,,0
967,266,1477,4.0,2022-04-21,Situation eight gun white toward morning according easy know set few car four ahead news.,1
968,46,828,4.0,2023-11-11,Nearly point land however quickly among reveal week collection eat avoid lose top.,1
969,16,1987,2.0,2024-04-12,Perform response for husband increase decade option office.,1
970,62,597,5.0,2023-06-02,,0
971,27,356,5.0,2022-08-22,Music line modern low turn mind data something baby.,1
972,149,2328,2.0,2024-04-10,,0
973,160,1267,5.0,2022-09-13,,0
974,216,2253,5.0,2023-01-31,,0
975,215,2161,5.0,2023-08-22,,0
976,156,535,4.0,2024-10-20,South note something community stage listen project hot feel.,1
977,53,1186,4.0,2024-08-23,,0
978,281,500,,2022-11-17,,0
979,246,65,3.0,2024-09-30,Across crime consumer news according above food reduce condition maintain full bad voice.,1
980,193,2162,5.0,2022-12-28,Race room prevent about rich major father water at.,1
981,125,1393,3.0,2022-08-16,Morning people probably receive area thousand image capital letter practice adult.,1
982,21,1636,4.0,2023-03-29,Green if quite language every stay discover return.,1
983,10,898,5.0,2022-02-15,Loss training game same use source cut of.,1
984,15,1405,5.0,2024-11-23,Medical management top read democratic movement popular international somebody ten friend within.,1
985,222,419,4.0,2023-05-16,Director husband away score mother matter between plant according.,1
986,284,2123,5.0,2023-02-10,And blood it participant suggest low car pay go number animal summer.,1
987,156,1955,4.0,2023-03-11,Near result call dinner change north success story offer.,1
988,105,1550,4.0,2024-06-20,Senior one measure order billion movement visit training trial specific.,1
989,51,2419,2.0,2023-07-29,Investment decision page kitchen executive close affect skin.,1
990,293,972,4.0,2022-01-31,Store least receive book social finally contain no life draw include history.,1
991,97,1768,5.0,2023-01-19,Over military nation really concern president weight whose trip road dog under.,1
992,120,1040,4.0,2024-10-19,Remain leave commercial seem father play culture third teacher performance leg many page.,1
993,299,1693,4.0,2023-02-15,Gun book tough sell surface development million put amount church trouble another.,1
994,32,1051,5.0,2023-09-19,Establish move affect father fall ok industry anything air anyone.,1
995,297,1095,4.0,2023-10-02,Act assume recognize lot long camera these if reason why street.,1
996,262,1448,2.0,2023-10-06,Hand order type determine site discuss other be whatever.,1
997,49,903,5.0,2024-07-25,Window treatment quickly chance drop want box least standard how treatment else whether foreign occur small.,1
998,29,1172,5.0,2024-06-17,Plant miss call particular development without particularly.,1
999,62,1596,4.0,2023-05-11,Large fill citizen much drug soldier seven seven pattern range treatment.,1
1000,122,879,5.0,2023-04-03,Skin something bar good tell after collection issue tree score let single idea action.,1
1001,260,2144,3.0,2022-08-14,Century none off reflect player it success image ten population.,1
1002,160,636,4.0,2022-12-25,Certainly me economic scene foot employee voice research exist political by.,1
1003,105,1652,5.0,2023-05-25,Manage century relate article item wear specific environment number perform figure discuss off onto everyone table.,1
1004,108,671,5.0,2022-07-23,Tend social read company light really free cup still step better determine after loss everyone eat.,1
1005,253,272,4.0,2024-11-18,,0
1006,61,2377,1.0,2024-05-14,Anything worry institution big condition fall little effect plant much.,1
1007,39,1911,5.0,2023-10-03,,0
1008,16,485,4.0,2022-07-16,Research learn area discover and trouble hundred by start force.,1
1009,230,1836,3.0,2022-11-13,Maintain bed water food teacher approach onto.,1
1010,74,1274,3.0,2023-12-20,Plant recognize event charge positive reach federal game figure bad per.,1
1011,94,63,3.0,2022-10-06,Spend task capital discussion song along main might only such state run.,1
1012,119,2063,5.0,2023-10-25,Tough glass sea role financial which use wind pattern themselves body reality.,1
1013,37,1685,1.0,2022-08-02,,0
1014,291,1054,5.0,2023-06-11,Group we thus hot something community method power wonder important admit six.,1
1015,211,2194,5.0,2022-05-26,Seat care system provide their price through respond down.,1
1016,88,1015,4.0,2023-02-02,,0
1017,66,1486,4.0,2022-11-17,Across single leader vote fine eye area parent process.,1
1018,296,2036,1.0,2022-02-16,Speak property information knowledge theory fill rate realize institution tree measure seat or body.,1
1019,59,96,5.0,2022-10-08,Trouble she individual benefit anyone describe chance store.,1
1020,214,610,3.0,2023-12-18,May better order although son time prevent history during mission imagine meet remain safe become.,1
1021,146,2082,2.0,2022-09-22,Usually us animal go along option free hundred news serve herself compare.,1
1022,14,1586,5.0,2024-04-21,Activity we research church ability point network.,1
1023,178,210,1.0,2024-03-25,Language place leader goal executive letter development right sit where develop.,1
1024,99,2019,5.0,2024-09-04,Page weight minute out pick now billion effort with parent daughter left bag.,1
1025,158,2049,3.0,2023-08-14,Lose nor want her middle individual head than front man big interesting great.,1
1026,292,230,5.0,2022-09-22,Go parent half I young eat seek.,1
1027,14,926,4.0,2023-09-13,Any personal keep open chair rest care more which investment serve degree side region.,1
1028,216,1734,3.0,2023-05-23,Some adult customer her reach loss option claim indeed he natural pull actually billion.,1
1029,38,1180,4.0,2023-06-10,Professor catch heart stand front agency around garden operation all year.,1
1030,122,1185,4.0,2024-09-27,Program only nearly decade suggest husband leader.,1
1031,75,2378,5.0,2023-09-30,,0
1032,297,1892,1.0,2022-05-05,Member career help hot actually sometimes sign eat detail provide agree oil fact fine past.,1
1033,95,635,5.0,2022-12-04,,0
1034,275,1331,5.0,2024-03-07,,0
1035,104,537,1.0,2023-01-26,View worry man wind everyone join nothing which include wrong including hold mention market crime between.,1
1036,56,2157,4.0,2024-09-08,Sometimes church front laugh force identify above camera also difference west although him life table wish.,1
1037,70,2391,3.0,2024-11-08,Continue bad hard nor analysis energy type surface.,1
1038,285,831,5.0,2022-08-27,Sign medical traditional front include issue report song sure.,1
1039,257,1809,3.0,2023-10-15,,0
1040,163,1096,5.0,2024-11-25,,0
1041,300,2225,5.0,2022-08-19,,0
1042,84,1586,4.0,2022-08-08,Often maintain network side magazine pass on high create bar.,1
1043,294,872,4.0,2022-03-23,List particularly stop special talk example field address civil.,1
1044,280,14,3.0,2023-12-11,Really chance Mr student course audience than doctor baby happen difficult.,1
1045,254,638,2.0,2024-12-04,Study the tree all check quickly piece speech.,1
1046,127,235,5.0,2023-10-23,Small page eat off according be enough us small them nothing.,1
1047,118,1256,5.0,2023-10-05,Store sport sound past safe suggest her price out.,1
1048,100,2216,5.0,2023-10-07,Risk important need since face why determine bad behavior sense middle.,1
1049,43,1553,4.0,2023-01-25,Want yourself none billion act work TV recently.,1
1050,33,1002,3.0,2023-06-05,Church player knowledge onto able find although guess ability seat.,1
1051,195,838,5.0,2023-08-23,Southern total law fast stage learn defense.,1
1052,274,824,4.0,2024-09-26,Cup enjoy southern several hope fire by.,1
1053,2,2419,5.0,2024-03-04,,0
1054,103,502,4.0,2023-06-14,Leader product line environmental area rise agree Democrat year.,1
1055,91,508,5.0,2022-12-07,Enter peace oil TV moment about wall east blood director security your eye control.,1
1056,225,426,5.0,2022-02-20,Identify feel above history difference interview speak go wait reflect news girl understand however because student.,1
1057,63,238,4.0,2023-05-18,Ago move image forward imagine behind focus how.,1
1058,107,566,4.0,2023-04-05,Use again exactly fact minute less feel no simple player staff opportunity meeting.,1
1059,191,102,4.0,2022-05-22,,0
1060,292,700,5.0,2024-01-13,Attorney activity power if blood write TV lay life send know wear she develop lose.,1
1061,253,1770,5.0,2022-05-07,Traditional other speak staff various know billion use available blood region institution appear already pattern.,1
1062,72,1334,4.0,2024-06-30,Two environmental family war special free option language dinner.,1
1063,241,525,4.0,2022-10-12,Program million professional room world understand hear class nothing board.,1
1064,168,940,5.0,2022-12-12,Stand risk growth trade theory serious find.,1
1065,135,957,3.0,2024-10-19,On his identify girl rest response whatever party positive lead billion lawyer which than shake reason.,1
1066,274,2451,4.0,2024-04-09,Event manager reveal upon cultural second nice give moment.,1
1067,117,2442,5.0,2022-03-09,Wide during perform tend probably hold law begin red yard where event.,1
1068,37,348,4.0,2024-01-29,Social thus loss participant key almost accept hair political local.,1
1069,29,984,5.0,2023-10-07,,0
1070,45,1602,4.0,2024-05-24,Station leg by thing building carry agency recently onto partner.,1
1071,267,2383,3.0,2022-06-17,Seek hotel husband standard movement other administration voice production pick foreign magazine.,1
1072,146,1482,3.0,2022-03-27,Out down product little style between must house west on.,1
1073,249,1023,4.0,2022-07-01,Gun call street possible forget perform community world according.,1
1074,63,70,4.0,2023-05-19,Six someone book side area stand interest indeed.,1
1075,271,2053,4.0,2024-10-21,,0
1076,243,1527,3.0,2024-04-18,Least no skin whose section phone bank way talk ability pull new cause shake most field.,1
1077,140,143,4.0,2024-03-15,Strategy person share rather threat remember night if campaign purpose design article.,1
1078,261,1555,3.0,2022-02-19,More management threat without we each yeah task voice wide right.,1
1079,83,1568,5.0,2023-11-03,Paper call author yard natural these again degree.,1
1080,223,2185,4.0,2024-01-31,,0
1081,268,518,5.0,2024-01-16,Money worker state business his point physical response.,1
1082,223,885,5.0,2022-07-04,Choose including share real job draw medical.,1
1083,106,1963,5.0,2023-12-04,,0
1084,202,312,4.0,2022-08-11,Tree participant at summer its address during different officer attack number direction.,1
1085,151,563,4.0,2022-01-07,Within cause tonight chance thought source source treatment company.,1
1086,207,1313,5.0,2023-10-30,Drive on painting person fly team view fine trade increase either feeling minute set eat two.,1
1087,31,1318,4.0,2024-03-12,Investment region my medical the this avoid situation development animal election painting mind fly matter be.,1
1088,163,49,5.0,2023-01-01,Fish girl push site argue policy home threat sister most upon appear.,1
1089,236,1643,2.0,2024-02-10,Officer read administration role west west life break condition right however right.,1
1090,180,541,5.0,2023-07-08,Certainly food father movement according performance general people nothing majority.,1
1091,93,206,5.0,2022-12-02,,0
1092,300,1930,5.0,2024-02-20,Return wife someone crime store with system firm get nor.,1
1093,187,661,3.0,2023-07-03,Effort later radio available look describe hot two activity.,1
1094,38,285,2.0,2023-01-26,International which hotel president television bit civil way factor sure day air add amount huge.,1
1095,243,1765,5.0,2023-02-28,Allow way record official coach education point cause letter which.,1
1096,107,2487,4.0,2022-03-15,,0
1097,224,1879,5.0,2023-04-15,Son always line respond modern bar PM director interview.,1
1098,242,423,3.0,2022-03-17,Several fact give contain line according pay suddenly nearly case like stop.,1
1099,38,1645,4.0,2024-02-02,Join respond majority recently seven decide how at.,1
1100,150,1565,4.0,2023-02-21,Rule force forward range affect whatever those allow boy field Mrs eight can investment common real.,1
1101,120,2092,3.0,2024-01-30,,0
1102,163,619,5.0,2023-05-06,,0
1103,241,1410,5.0,2022-07-29,Decide action later can focus child pressure.,1
1104,115,803,5.0,2022-12-21,Able toward prove raise theory policy culture lead southern off.,1
1105,154,1177,4.0,2022-08-07,,0
1106,167,1727,1.0,2022-09-02,Should center what air paper that remember determine instead tonight international history newspaper.,1
1107,90,255,5.0,2024-08-15,Across deal ability health travel ask affect between hospital oil above.,1
1108,245,623,5.0,2023-10-06,Explain small former agree forget pretty majority federal oil include really middle only fast budget.,1
1109,167,749,2.0,2023-07-17,Fish adult particular south past within indeed.,1
1110,281,2430,4.0,2023-01-29,Business student remain head recently recent card soldier need answer.,1
1111,295,1192,4.0,2023-02-01,,0
1112,63,1678,3.0,2024-02-28,Study cover lay knowledge fight glass even arm record require market identify voice second.,1
1113,82,1965,5.0,2024-10-08,,0
1114,20,1712,5.0,2024-12-03,Other another blood break form city foot media itself consider.,1
1115,270,961,5.0,2024-03-05,Region need concern American bar knowledge mother affect draw effort white sort move something.,1
1116,234,1148,4.0,2022-11-03,Religious or brother myself attack threat successful.,1
1117,83,2168,5.0,2023-04-28,Concern yard detail whatever foreign realize far room other.,1
1118,155,1686,5.0,2024-01-22,,0
1119,143,230,4.0,2024-02-12,,0
1120,286,117,2.0,2022-12-01,And say good image fly many parent system blood.,1
1121,7,2176,2.0,2023-05-22,Size writer something difference remember serve life will kind economic.,1
1122,264,1160,4.0,2023-04-14,Because home near without support whose now treatment.,1
1123,262,1247,4.0,2024-12-07,Something board give up collection break day.,1
1124,22,1038,4.0,2024-08-13,Remember organization heavy account method evening item security candidate medical official might.,1
1125,95,613,4.0,2024-10-25,Return according write many hospital black bring east student page police officer team organization level plant.,1
1126,58,1739,2.0,2022-06-04,,0
1127,179,398,5.0,2024-11-24,Receive various treatment task detail minute magazine must million good stock message.,1
1128,97,2262,4.0,2024-01-26,,0
1129,3,1482,4.0,2024-01-05,Team mention mention bit significant election dog offer how drug Republican to across about down.,1
1130,14,2111,3.0,2024-07-18,Expect old particularly situation road statement site fine range politics education son everyone sure amount idea.,1
1131,271,1391,5.0,2024-11-15,,0
1132,278,1618,5.0,2024-12-22,Season career policy unit expect discussion shoulder store year.,1
1133,52,2166,4.0,2024-09-07,,0
1134,12,1505,5.0,2023-08-03,,0
1135,284,167,5.0,2023-03-13,Ready all song else future present middle TV.,1
1136,19,435,5.0,2022-02-15,Forget phone represent nothing approach speech region occur investment media fire medical development public form.,1
1137,298,411,3.0,2024-01-12,,0
1138,73,728,2.0,2022-07-25,Author local finally statement yard quality major western decision you present better rather letter whatever.,1
1139,233,167,5.0,2022-08-13,They rather teacher first agent phone man movement.,1
1140,78,1797,4.0,2024-02-19,,0
1141,90,913,5.0,2023-08-12,On chance culture represent focus add tough impact onto future west four she.,1
1142,136,1404,5.0,2023-06-18,Difference share while upon raise hotel crime learn finish.,1
1143,200,52,5.0,2024-03-04,Speak expect late energy ready could why early lot avoid interest partner.,1
1144,113,1816,5.0,2024-04-01,One report finish general later write tree.,1
1145,191,1016,4.0,2022-02-04,Already in like available individual finally view society nor.,1
1146,29,2046,5.0,2024-06-08,Son book civil necessary economic production behavior play local run size successful foot join.,1
1147,251,2206,2.0,2022-12-23,Billion child thank trade must door report ago hit exist newspaper good provide.,1
1148,9,963,1.0,2022-07-24,He food vote oil anything wide defense four according marriage should.,1
1149,164,2152,3.0,2022-11-09,,0
1150,68,2061,5.0,2023-09-07,,0
1151,286,2002,2.0,2022-05-06,,0
1152,157,384,4.0,2022-06-22,Soon find soldier discussion carry improve worry office over enjoy statement along mind reason station hundred.,1
1153,140,1735,4.0,2023-10-11,Result work strong way interest upon admit water contain artist know we.,1
1154,163,2116,1.0,2023-10-23,Hundred leader painting it voice left truth.,1
1155,56,876,5.0,2022-04-11,What question common argue once decade finally almost.,1
1156,26,1825,2.0,2023-07-22,Out thus treatment him rock necessary create down rather discuss same talk authority.,1
1157,16,1767,3.0,2022-05-07,Church turn situation participant both sure difference lose city try among argue nice this memory present.,1
1158,300,2081,4.0,2022-11-10,Security consider single firm per food save movement knowledge coach natural certainly hundred.,1
1159,137,1951,4.0,2023-02-04,City produce store section ago bad you instead officer.,1
1160,270,1929,5.0,2024-06-20,Top else region hand often case thing.,1
1161,11,1847,4.0,2024-03-05,,0
1162,76,609,3.0,2022-08-31,Impact suddenly indicate realize affect interview store enter choose physical true yourself computer leave.,1
1163,68,1409,4.0,2022-03-01,,0
1164,164,938,4.0,2023-12-13,Nearly reason light natural movie add about recent paper indicate long leader test yes.,1
1165,42,1749,2.0,2024-04-12,,0
1166,4,1746,5.0,2022-06-13,,0
1167,207,1873,4.0,2023-07-05,Central pass matter law TV nation choice mission.,1
1168,84,345,3.0,2022-09-17,Carry someone chair husband rest religious sense either join ability cultural manage population walk almost hit.,1
1169,31,213,5.0,2023-06-04,Myself action cut ready white husband figure line thank study player certain old.,1
1170,231,2038,5.0,2024-05-23,Today they set you card range draw health rate bar.,1
1171,112,494,3.0,2022-02-16,Social be page with news energy after key us budget ability method rich.,1
1172,254,2373,4.0,2022-08-12,Magazine together happen always level billion we likely expect expect different window often.,1
1173,70,2085,4.0,2023-11-09,Others laugh charge treatment include prove foreign attack alone stock understand anything light.,1
1174,252,60,5.0,2023-04-06,Many say agreement computer head chance professor north.,1
1175,239,74,5.0,2024-11-21,Rather us director radio compare bank wrong common top.,1
1176,80,623,3.0,2022-08-26,,0
1177,268,1379,5.0,2022-04-16,,0
1178,31,697,5.0,2022-07-06,Hair person owner especially leave realize professional view policy test institution organization security later.,1
1179,132,2105,3.0,2024-05-02,Effort set get himself question past score protect close example identify.,1
1180,65,1144,5.0,2022-10-19,,0
1181,151,468,4.0,2022-12-10,Glass responsibility kid always soldier quite hand too.,1
1182,201,572,4.0,2024-10-05,Draw visit work should than smile someone how of situation.,1
1183,273,1883,3.0,2022-01-11,Language move sea too short above morning gas short space leader out another guy fear rich.,1
1184,45,247,5.0,2024-07-11,Meeting every open alone around what someone me color same purpose know enter agree pay.,1
1185,157,1238,4.0,2023-02-28,Join consumer hear during certainly kid option best bring reality arm red head realize audience.,1
1186,297,2178,2.0,2022-08-04,Economy quality today particular property risk others stand baby ground officer brother program appear probably.,1
1187,41,2372,4.0,2023-02-15,Practice really surface across service those challenge teach enter get.,1
1188,21,1460,5.0,2023-09-07,,0
1189,65,2172,5.0,2023-05-21,Production care friend forward national clearly off thank until TV nature bill particular why.,1
1190,108,1936,5.0,2022-05-25,Like raise participant music land hit far on very when loss.,1
1191,72,918,4.0,2024-04-12,,0
1192,297,834,5.0,2023-03-06,,0
1193,1,2047,5.0,2024-02-25,Try radio would they ball involve leader material movement speak general century strategy Congress land.,1
1194,253,1742,5.0,2022-01-12,,0
1195,267,942,5.0,2023-08-25,People me power lawyer year modern wait former everything mention third serve whom.,1
1196,125,1515,2.0,2023-12-12,Everyone break particular yet reveal ok reality defense yes true.,1
1197,194,2257,5.0,2024-01-03,While itself receive four yard write ok economy time middle agree check.,1
1198,13,1489,4.0,2023-05-19,Success month skin long drug responsibility protect imagine TV attorney growth.,1
1199,130,1150,3.0,2022-02-09,Sound carry car TV test artist walk let price friend education air firm discussion her.,1
1200,1,1050,5.0,2022-07-22,,0
1201,93,1261,5.0,2024-03-08,Religious last under drop apply student whether computer those.,1
1202,252,192,4.0,2023-06-05,,0
1203,160,645,5.0,2024-11-10,Attack including possible expect lead them industry technology son black personal decide recognize man.,1
1204,50,931,4.0,2024-12-21,Newspaper major serve answer house back recent federal performance.,1
1205,295,1884,4.0,2023-08-30,Former husband discuss item remember fast mission agreement pick nearly mission full away commercial production.,1
1206,218,192,2.0,2024-01-03,High once treat firm weight evening operation resource moment financial Mr three year subject wrong.,1
1207,265,1137,2.0,2022-06-23,,0
1208,274,930,4.0,2024-05-31,Third foreign and bad detail purpose sport music term least society senior cold second.,1
1209,169,1123,5.0,2024-10-13,Debate item high job fall skin upon.,1
1210,39,1592,,2022-06-13,Nation carry war reflect sing control century leg her ahead during according yes low.,1
1211,111,150,2.0,2024-11-16,Difficult environmental wide what account consider Mr statement entire plan spend senior without PM happy.,1
1212,245,931,1.0,2023-08-04,,0
1213,9,814,1.0,2022-06-18,Garden interesting cover practice teach surface laugh popular short argue.,1
1214,160,1309,4.0,2024-03-25,Defense most relationship like article call left seat protect call nearly staff.,1
1215,162,1281,4.0,2024-02-04,Type against remember small among risk charge garden face improve page smile range wonder.,1
1216,76,500,5.0,2023-02-03,Throughout work power fall billion live newspaper take attorney small instead six experience thank.,1
1217,174,227,5.0,2022-03-13,Do hospital skill them herself act white everything provide today second issue second debate.,1
1218,55,2361,5.0,2022-12-13,Perhaps audience ready exist own good let ready ahead.,1
1219,68,2177,5.0,2024-08-01,Through dream past vote old or success where instead all include player organization.,1
1220,104,563,4.0,2022-12-23,,0
1221,54,986,3.0,2022-05-09,Arrive can responsibility different western office ahead bring return mean.,1
1222,130,759,4.0,2024-03-26,Term heavy name easy interest person fly thought.,1
1223,283,1182,5.0,2023-04-17,Although purpose water hand despite lead study culture.,1
1224,268,37,5.0,2023-07-15,Learn can pretty make memory leave your unit hand issue per leg trouble.,1
1225,76,1927,3.0,2024-01-07,,0
1226,193,888,5.0,2022-10-07,Government manager nothing particularly he happy through food possible read hit.,1
1227,102,1224,4.0,2022-03-26,Report bar boy method themselves whatever experience avoid difference general civil fine school production happen.,1
1228,119,1864,3.0,2024-03-25,Wall thus similar population may simple avoid practice.,1
1229,254,2133,5.0,2024-07-29,Them particular report begin strategy hear far fast.,1
1230,158,1419,4.0,2022-06-09,,0
1231,61,1175,3.0,2022-12-29,Art daughter smile professor list history performance energy dark.,1
1232,93,2080,2.0,2023-05-23,Room natural feel arm state gun teach common visit size scene expect yard act reduce.,1
1233,101,2083,1.0,2022-01-08,Customer significant do popular some against economy compare respond state top gun store clearly long first.,1
1234,271,2272,3.0,2024-01-27,Article agree understand long tree because song pretty toward foot image beat tonight beautiful whom.,1
1235,39,1558,5.0,2022-12-16,Daughter few white within energy maybe happen attention.,1
1236,45,1809,1.0,2024-09-24,Over rate it compare left natural beautiful management face campaign.,1
1237,53,2213,4.0,2024-01-04,Character significant people third remain maybe yes always.,1
1238,192,1671,4.0,2022-10-20,Option figure alone peace week anything nation month audience here include.,1
1239,51,1153,5.0,2023-11-02,Citizen bring occur put than already child provide court hotel no staff.,1
1240,275,818,1.0,2024-11-29,Behind where do issue television human approach feel understand they.,1
1241,175,220,4.0,2023-07-06,Treat be teach design natural none peace thousand.,1
1242,28,2411,5.0,2023-05-20,Fact fly term born reveal site age thought eat well enjoy happy agreement manage.,1
1243,92,1941,5.0,2022-06-27,,0
1244,209,481,5.0,2023-01-31,,0
1245,227,1261,5.0,2022-06-17,Thus listen hospital around resource law seem child religious president charge.,1
1246,282,2072,3.0,2023-02-27,Stay sense decade hour structure product where mean.,1
1247,23,368,4.0,2022-08-22,Behavior win public with area side real keep.,1
1248,238,1552,,2024-08-22,West service of here sign art human.,1
1249,231,1973,3.0,2022-10-07,Age generation parent I others study however rather early resource would easy real arrive.,1
1250,22,1536,5.0,2022-07-11,Blue race mission across ago many tree ever any inside economic democratic democratic air.,1
1251,213,479,4.0,2022-07-26,Front movement make experience receive really need performance prepare during friend rule subject.,1
1252,61,838,5.0,2022-09-24,,0
1253,173,2229,5.0,2024-03-24,,0
1254,7,94,5.0,2022-12-02,Cost modern threat tree stuff center health watch sea green your both per boy.,1
1255,148,1297,5.0,2024-09-22,,0
1256,49,1246,1.0,2023-12-18,,0
1257,202,1984,4.0,2024-10-17,,0
1258,209,1562,4.0,2023-05-07,Western site white try mind close seem into my training natural major how none play.,1
1259,166,2474,1.0,2022-05-28,,0
1260,32,341,5.0,2022-08-27,Well mother allow reason in keep million including together.,1
1261,191,124,4.0,2022-12-09,Military scene want entire hotel make because although direction leader generation.,1
1262,207,1698,5.0,2024-10-19,Offer lose also employee message above billion see especially.,1
1263,91,315,3.0,2023-05-22,Have condition both find degree here attention increase.,1
1264,47,1476,2.0,2022-04-25,Brother film true teacher there away might coach security against four fund.,1
1265,277,745,2.0,2023-12-14,Especially will travel compare huge wide here send understand wall wife yard matter become environment agree.,1
1266,131,421,3.0,2023-04-15,Theory quality place fire yeah summer government improve interest across yeah.,1
1267,229,1683,5.0,2023-09-24,Behavior western poor case market change determine mission.,1
1268,248,2367,4.0,2023-06-06,Likely environment call between tax whole knowledge the debate something discussion happen skill area ok study.,1
1269,57,419,3.0,2024-05-21,Late woman one else sit painting be raise trade almost box country sound so task send.,1
1270,131,2222,5.0,2022-07-13,,0
1271,87,889,5.0,2023-11-29,Drive staff pick no country seat listen.,1
1272,148,1271,5.0,2024-04-04,Almost real common main now Republican office then buy specific order green expect see.,1
1273,193,857,2.0,2023-12-05,Office family structure wonder seem live receive wide suddenly candidate garden matter whose.,1
1274,248,197,2.0,2024-11-26,Increase us threat thousand responsibility at year daughter.,1
1275,183,1823,2.0,2022-06-11,Leave production expect seem one doctor purpose staff represent nearly statement.,1
1276,118,790,4.0,2024-11-04,,0
1277,214,2311,4.0,2022-01-05,,0
1278,263,212,5.0,2022-03-18,Everything run paper responsibility rather raise animal bed actually news watch by Republican.,1
1279,86,585,5.0,2023-02-01,Player full if avoid school American establish yourself water not nice.,1
1280,199,517,1.0,2022-04-29,Recognize table community relationship PM threat early require.,1
1281,268,281,4.0,2024-12-30,Skin thought throughout dark degree college movement line grow.,1
1282,248,2015,4.0,2023-04-18,Probably off never process answer catch those her PM week line still game.,1
1283,123,1359,3.0,2023-08-02,,0
1284,99,1994,4.0,2023-12-27,Candidate rock world structure tend whether where push miss organization authority return ability road building.,1
1285,190,1730,5.0,2023-12-02,Budget feel husband effort Republican bank billion old measure art office guy field.,1
1286,110,1875,3.0,2022-08-24,Their majority where spend provide true teach she wide continue market.,1
1287,64,274,3.0,2022-10-08,Wife nice stuff road learn argue night thought plan future common use church seem.,1
1288,222,2418,5.0,2023-02-14,Stock nearly clear coach low will art important image road chance involve treat such near.,1
1289,223,907,5.0,2023-07-16,Stock position guess as film serious protect card board response.,1
1290,251,879,4.0,2022-10-12,Country year line story see successful again.,1
1291,136,543,4.0,2024-10-04,Specific maintain since month mention run try.,1
1292,55,1945,4.0,2023-12-27,Seem voice different already song some relationship number threat method event even choice.,1
1293,85,1450,3.0,2022-01-10,Man fight key important range past girl system sometimes pull especially future first.,1
1294,144,518,4.0,2024-03-27,Interview house quality bed our civil bill young even.,1
1295,124,791,5.0,2024-04-24,Officer about try American film share senior article join conference particularly with around by.,1
1296,186,1413,4.0,2024-01-29,,0
1297,255,2212,4.0,2023-05-05,Professional tough generation well he kitchen drop partner resource almost year send star.,1
1298,213,1985,5.0,2022-08-02,Run dinner beautiful middle chair chance let.,1
1299,217,2125,4.0,2024-11-13,Happy by remain customer set offer work artist sometimes subject they human under impact.,1
1300,234,1462,5.0,2024-08-07,,0
1301,102,1615,5.0,2022-04-20,,0
1302,15,2395,5.0,2024-10-12,Create manage discover year can mouth great hundred significant side.,1
1303,249,813,3.0,2024-01-03,Let time strategy sport market computer front often bill do.,1
1304,218,505,3.0,2022-12-25,,0
1305,37,6,5.0,2024-03-28,,0
1306,108,1978,5.0,2024-06-15,Response station safe research apply myself once central debate very.,1
1307,130,608,5.0,2024-02-04,Daughter knowledge environment course thought cultural buy.,1
1308,179,361,5.0,2024-01-12,,0
1309,44,513,1.0,2024-03-08,Mr specific decision exactly human she bar growth main natural two especially despite big model represent.,1
1310,196,1599,5.0,2024-11-12,He very quality local inside probably music throw present history hard relationship film road reality benefit.,1
1311,20,455,3.0,2024-03-07,Program much development per church eye follow require pick late positive yard owner mission.,1
1312,20,1206,4.0,2022-12-27,Pattern enjoy which moment new player occur determine lead travel light trouble.,1
1313,83,1216,4.0,2023-03-23,Television question bag head draw behind member serious station inside generation guy ball rate ahead.,1
1314,31,102,5.0,2023-01-13,Activity job theory say model point should idea leader wrong management likely.,1
1315,71,1649,5.0,2024-10-22,Stock officer mother east nice group past three a month continue.,1
1316,144,1122,5.0,2024-11-08,Task high check foot not hundred traditional kid day.,1
1317,185,1559,3.0,2024-10-10,Direction page past true eye cut none fly season increase itself production happy.,1
1318,11,816,5.0,2022-02-18,Like message describe approach scene before product save.,1
1319,3,2231,5.0,2022-10-19,Vote herself heavy raise win go hospital some daughter relate control water daughter truth.,1
1320,300,2285,4.0,2022-05-24,,0
1321,203,2006,5.0,2023-12-20,Environmental degree woman international hot someone oil almost action nature issue result road security.,1
1322,52,1153,5.0,2024-03-26,,0
1323,3,2115,3.0,2023-09-23,Wish second including fight sense similar newspaper number real professor.,1
1324,15,311,5.0,2023-05-01,Group guy vote before yard some skin pattern age cup benefit increase trip side prevent.,1
1325,89,86,3.0,2022-03-23,Point nice address glass make east evening itself off feel trial society.,1
1326,45,15,4.0,2023-05-11,Much should think season skill war for may occur process.,1
1327,288,1394,5.0,2024-06-20,Join truth because course my thus science kind order two music door knowledge.,1
1328,258,1009,3.0,2022-01-04,,0
1329,223,726,5.0,2024-09-17,Spring great paper idea five Democrat American citizen follow change.,1
1330,272,90,4.0,2022-11-11,Memory number option pull exactly soon weight.,1
1331,179,1177,4.0,2023-02-07,Enter develop simple discussion economy if form you cost.,1
1332,213,690,5.0,2023-07-08,Rather home state mean as miss and form.,1
1333,101,1541,4.0,2022-12-28,Information fact interview toward onto around local employee everybody involve trial.,1
1334,62,491,4.0,2023-02-21,Price thing international control break full world down off.,1
1335,251,1393,4.0,2022-08-22,Recognize without necessary impact me unit audience none police amount stock but miss.,1
1336,135,1185,5.0,2024-05-24,Democrat head suddenly indeed resource husband beyond development finish see.,1
1337,166,2389,5.0,2022-11-04,,0
1338,111,2057,5.0,2023-05-05,Cold full take cover million black then.,1
1339,17,2468,5.0,2022-03-02,Attention talk specific task behind my treat.,1
1340,162,2008,4.0,2022-03-11,Area section pressure bed far nothing official couple husband six health theory from offer public.,1
1341,96,1969,2.0,2023-09-20,Development up in just maybe some manage low movie politics particular challenge surface religious seem way.,1
1342,210,1074,3.0,2022-02-10,Trade west suggest writer admit truth reduce outside base while detail spend avoid crime office.,1
1343,283,2425,5.0,2023-06-23,Which among the teacher space among appear yeah degree.,1
1344,161,2246,2.0,2022-09-16,Very likely guy new history respond effort according.,1
1345,50,870,3.0,2022-01-04,Blood real to word toward smile scientist result power true yes option store.,1
1346,256,214,5.0,2023-10-29,Investment make behavior body never answer poor my.,1
1347,60,1779,5.0,2023-05-05,Project capital property population discover quickly such unit crime.,1
1348,274,205,5.0,2022-02-10,Foot on seat shoulder oil trip arrive small determine.,1
1349,122,355,5.0,2022-06-16,Staff future involve probably measure painting suffer black after old hit.,1
1350,45,403,2.0,2022-06-12,Number identify natural whom grow gas become cell.,1
1351,3,2136,2.0,2022-04-13,Successful society accept business skill simply walk.,1
1352,300,463,5.0,2023-03-13,Shoulder education section southern style theory reduce reality matter bill although similar subject event nor.,1
1353,39,1292,5.0,2023-08-16,Exactly themselves ahead identify opportunity speech science stock treatment alone still.,1
1354,185,1236,5.0,2024-07-20,Energy huge order determine peace national strategy number American election part ever figure professor.,1
1355,41,648,5.0,2022-05-27,Face grow upon you kitchen issue first.,1
1356,86,730,5.0,2022-06-21,Purpose phone explain image hospital beat over generation and hospital.,1
1357,160,108,4.0,2022-02-28,,0
1358,256,2232,5.0,2022-11-23,Many modern picture but writer public heart million old add whom.,1
1359,186,2483,3.0,2024-08-02,Can southern whatever be serve hit shoulder music itself should final miss establish.,1
1360,220,1249,5.0,2023-10-10,Then organization place skill including practice by hard church marriage make raise and.,1
1361,22,1934,2.0,2022-03-26,To state market car beautiful visit focus event.,1
1362,8,1523,5.0,2024-03-28,Future game sea story a fly student study final hospital.,1
1363,26,1478,4.0,2023-06-30,Laugh blue what argue significant across growth rule.,1
1364,286,1336,4.0,2024-03-17,,0
1365,191,29,5.0,2023-02-28,Form should could budget evening truth admit partner stop discover.,1
1366,290,109,2.0,2023-05-05,Drug camera responsibility but painting third TV official trouble.,1
1367,62,1599,4.0,2022-06-15,,0
1368,275,1573,3.0,2024-02-21,Rise society everyone recognize sometimes exactly all tough unit magazine.,1
1369,94,1231,3.0,2024-03-26,Enter trade teach race play then loss seven character them.,1
1370,170,636,3.0,2023-04-22,Series benefit boy us challenge behavior man.,1
1371,57,663,5.0,2023-06-06,,0
1372,3,2052,2.0,2023-12-11,Tend top military maybe president whether sound note character financial wind gas leg sign senior.,1
1373,68,216,5.0,2023-10-25,,0
1374,245,1044,3.0,2024-05-27,Specific quickly gun list win simply that term indicate short feel mission mouth.,1
1375,272,37,5.0,2023-09-06,See yeah station chance financial security campaign focus force attack.,1
1376,256,2048,4.0,2024-07-05,Wide quickly serious network former world edge half network money member line according energy.,1
1377,193,476,4.0,2022-05-31,List here her analysis campaign national manager fly recent may bad professor argue.,1
1378,75,102,5.0,2022-11-06,Finish authority success Democrat treat new page bill since remember how believe pressure lose.,1
1379,27,2330,5.0,2024-05-30,Republican wait either western detail player business source bank two green.,1
1380,240,814,5.0,2024-06-16,Small our use good leave even daughter attorney somebody sure benefit business surface dinner stand thought.,1
1381,74,125,4.0,2022-12-20,Usually clearly it past agreement agent animal deal plan difficult feeling outside hair represent red sport.,1
1382,134,113,3.0,2024-10-22,Phone safe model begin usually memory approach report us third break of check.,1
1383,253,983,5.0,2024-09-18,Effort lead within detail camera total on and turn Democrat civil control that focus news upon.,1
1384,83,462,5.0,2024-12-17,Add late rate wonder rule there there moment something new finally likely teach.,1
1385,207,2289,4.0,2024-09-21,According adult idea in your several I about whom help response.,1
1386,61,1741,5.0,2022-01-19,Talk near choice tend Congress reach much building stock.,1
1387,258,1163,4.0,2023-02-11,Teach me tend Mr lose so several card end so.,1
1388,1,332,4.0,2023-06-06,Deal sure trade return growth only stuff now production already I process however thought myself write.,1
1389,89,270,3.0,2022-11-19,Consider education trial day future specific everyone there.,1
1390,109,2469,4.0,2024-06-18,Before whom price wonder sometimes goal child end brother their see life radio listen remain.,1
1391,13,382,5.0,2024-10-20,,0
1392,65,1995,2.0,2022-04-27,Next rise different heavy personal more bar improve full glass guess.,1
1393,197,1528,5.0,2023-09-15,Southern report of election available east off culture bit several improve travel hour office concern.,1
1394,28,2178,5.0,2024-06-26,Leave mind live hand decide small interesting decade simply become either other once.,1
1395,23,2356,3.0,2023-02-12,Similar yet age natural name fear it man candidate customer.,1
1396,1,1775,5.0,2023-01-14,,0
1397,233,1256,5.0,2022-01-02,Actually specific support boy tend almost avoid difference blood final whom film contain current will material.,1
1398,89,1549,2.0,2022-09-10,Serve end one actually able risk week best value.,1
1399,166,487,4.0,2022-07-03,Stay region affect stuff wonder probably number become wonder loss morning.,1
1400,255,2285,4.0,2023-06-15,High party occur left discuss later within.,1
1401,95,2238,3.0,2024-10-17,Push brother song seven leader it difference community hair sometimes nothing keep citizen environment guy worker.,1
1402,167,46,3.0,2022-10-21,Professor send hair trip know crime should major.,1
1403,216,1626,2.0,2024-07-06,Budget race final peace street level material.,1
1404,48,1355,4.0,2024-11-29,Space role sure above whom interest future meet reach test rather information as until model purpose.,1
1405,130,321,3.0,2024-06-14,Customer get her why technology stand store fall defense recent create talk event this.,1
1406,106,252,3.0,2024-07-04,Collection customer majority style price those she.,1
1407,29,103,3.0,2023-04-25,Organization speak sometimes save million pretty hold people standard plan win season.,1
1408,232,429,5.0,2023-12-14,,0
1409,294,598,5.0,2022-03-10,Government pick scene every kitchen education floor already police education simple drop.,1
1410,145,1822,3.0,2024-07-01,College positive next evening story modern huge these politics else there down source glass.,1
1411,3,2192,4.0,2024-10-19,Term allow whose modern hear mother cup move understand oil cost parent easy over field.,1
1412,29,1776,5.0,2023-11-11,Amount try specific ahead determine decade whose then beautiful ability they despite specific religious stuff.,1
1413,64,469,3.0,2023-07-05,Billion soon these imagine might thank later ok deal through under level.,1
1414,176,1093,5.0,2024-12-19,Entire work small too tell seat easy surface weight tough cultural six people.,1
1415,106,61,2.0,2023-12-31,Born organization site remember serious exist staff apply become condition majority.,1
1416,141,2451,5.0,2023-11-10,,0
1417,129,2132,5.0,2024-09-13,Lot mouth radio others boy federal military.,1
1418,15,1688,5.0,2022-03-10,,0
1419,280,1628,,2024-08-04,Thing little plant dark cultural door strong interview enjoy Democrat focus television he relationship list operation.,1
1420,257,2484,3.0,2022-09-23,,0
1421,188,1493,5.0,2023-09-24,,0
1422,75,1834,5.0,2023-06-21,Age speak gas serious political contain all set ahead idea month free.,1
1423,154,1182,5.0,2024-01-11,Art be suffer record quite build civil consumer third human believe despite body could.,1
1424,241,1362,5.0,2024-03-11,Effect our open whole whether bill say debate tree marriage very knowledge free really.,1
1425,211,1932,4.0,2023-04-17,Majority at and sort identify political budget.,1
1426,270,1817,4.0,2022-11-15,,0
1427,237,2008,5.0,2024-07-25,Stand environment many whole month seven quite.,1
1428,67,1774,5.0,2024-01-02,Kid room mention cultural action effect success goal defense upon forget.,1
1429,181,2345,3.0,2022-11-28,Real account fact energy can continue around act brother later than.,1
1430,271,383,5.0,2022-02-27,,0
1431,234,1637,4.0,2022-02-14,Each production hope worry early way into season for person stock way yes thousand.,1
1432,278,1492,3.0,2023-01-23,No occur firm score democratic customer control personal leave thought job suddenly station choice people.,1
1433,163,162,5.0,2022-08-05,,0
1434,269,940,4.0,2024-12-01,Buy gun deal treatment also candidate way.,1
1435,176,1639,5.0,2023-11-15,I cultural again outside through travel group who good why without ahead others or sort every.,1
1436,276,2151,3.0,2022-11-03,Sound radio decade clear brother term physical ground.,1
1437,33,1866,3.0,2022-04-07,Next TV above factor customer professor mother record.,1
1438,298,807,5.0,2022-06-20,Value call training feeling themselves site allow down whose travel get most remember.,1
1439,103,1015,5.0,2024-11-06,Trip grow series magazine language daughter specific wait character store.,1
1440,5,1869,4.0,2023-12-12,Point force money bit teach movie magazine teacher could middle catch use.,1
1441,161,1745,2.0,2024-06-15,Only test better gas that half level industry month.,1
1442,245,136,5.0,2022-10-08,Product bad town option during view buy institution risk store foreign field score law billion.,1
1443,143,2312,5.0,2023-07-25,,0
1444,59,313,3.0,2022-12-22,Address remember family never one boy require foot air occur pressure explain.,1
1445,191,1040,5.0,2022-10-29,American true ago usually include us get good recently similar decision.,1
1446,124,1351,4.0,2023-07-21,Meet back artist series care check just form language student physical value.,1
1447,79,420,1.0,2023-07-09,,0
1448,253,1909,1.0,2024-06-07,Head them have these brother describe language surface say speech eat.,1
1449,188,489,5.0,2023-11-21,Like although management represent them throughout outside exist story notice say left enter rest throughout job.,1
1450,168,709,4.0,2022-01-03,Culture nor small probably major child hair determine top.,1
1451,27,589,4.0,2023-06-29,Since issue enjoy safe again feeling site treat worry.,1
1452,96,1584,4.0,2024-02-27,Challenge lot growth source walk stage way really dark billion trade PM any fund.,1
1453,212,2151,3.0,2024-09-02,From drive face green white thought guy itself cost but yeah what.,1
1454,202,2142,3.0,2023-12-21,Data some until low wife share increase approach star partner.,1
1455,180,1814,4.0,2024-01-06,Feeling sound oil air individual response family.,1
1456,31,938,4.0,2022-02-07,List have form likely fly city personal often.,1
1457,145,120,5.0,2023-07-31,Discuss hospital himself animal visit race drug attention quite already office white military media go quickly.,1
1458,10,167,5.0,2024-02-15,,0
1459,144,2012,5.0,2023-05-09,Almost head several culture bad blue subject community.,1
1460,9,1268,4.0,2023-12-05,Image any particularly couple question down describe number drug.,1
1461,24,143,2.0,2023-08-01,Amount travel program threat myself player million want yes artist mother deep father weight last between.,1
1462,117,287,4.0,2024-11-15,Significant it eat think thing source school myself federal record control control she.,1
1463,18,1209,5.0,2023-06-10,,0
1464,133,1588,5.0,2022-11-29,Factor everything road including ever air leg next short share seven out its.,1
1465,270,2273,4.0,2024-09-30,Kind size force behavior realize listen station few participant collection.,1
1466,191,1523,5.0,2023-04-25,Money professional fill wear himself particular work notice reflect economic special form join.,1
1467,119,1258,3.0,2023-03-02,President cultural evidence walk phone society on action new north heart.,1
1468,43,1150,5.0,2023-03-14,,0
1469,81,2300,5.0,2023-05-08,Home industry you mind when business worry consider cause sit certainly professor practice window population entire.,1
1470,103,1420,4.0,2024-03-03,,0
1471,278,334,5.0,2023-08-19,,0
1472,111,1277,1.0,2022-01-18,Make control appear life discover religious similar apply hit Republican data including turn religious writer.,1
1473,145,2491,4.0,2022-05-09,Many each up skin foreign his son threat put last human standard.,1
1474,236,1628,2.0,2023-12-21,Stay leave history quality approach good attack same trouble PM look interesting.,1
1475,2,2439,1.0,2024-03-04,Wait enough why trip close already in effort its cover edge.,1
1476,219,1754,5.0,2024-12-09,,0
1477,135,994,5.0,2023-12-26,Concern article character wonder member kitchen lay between happy anything for.,1
1478,125,1599,5.0,2023-07-13,Off occur month provide price source impact physical dog first system floor myself personal writer treatment.,1
1479,123,2494,5.0,2024-08-20,Remember may upon together improve yet control majority opportunity.,1
1480,257,626,2.0,2022-09-03,Single can daughter benefit I turn season.,1
1481,106,2091,,2024-09-14,Past back statement amount hair camera bank environment learn stuff sing truth oil short.,1
1482,30,962,5.0,2023-05-30,Peace again suggest list reflect goal per believe both face first woman.,1
1483,81,665,3.0,2022-02-03,And walk according low rule score hand determine into action.,1
1484,263,688,4.0,2023-05-19,Today within board near lay fund very statement book.,1
1485,23,841,3.0,2023-04-14,Dream strong analysis early participant kitchen eat beautiful including in huge amount develop I.,1
1486,237,521,5.0,2024-01-30,Whose fund against several economy for full inside vote thus purpose if through.,1
1487,29,863,4.0,2024-03-19,Century right both account whether tough suddenly true.,1
1488,62,769,3.0,2024-02-18,Near among often five whatever significant will bar mission support law read dark.,1
1489,283,1663,5.0,2024-06-02,,0
1490,191,300,5.0,2022-01-30,Will half somebody off director recent discuss picture have.,1
1491,82,2492,3.0,2023-08-18,Example old floor bank that former stage to ok could team relationship dinner challenge computer.,1
1492,146,916,4.0,2022-01-11,Include month free up former book agency result fight task present.,1
1493,214,240,5.0,2023-01-08,Follow fight mean single better parent couple hot.,1
1494,23,2330,4.0,2024-01-30,Rich difference indicate shake according lot sign record cover red apply officer.,1
1495,100,686,4.0,2022-10-05,Tonight build side enjoy late large policy chair skill action whom especially article standard game.,1
1496,187,2484,2.0,2023-02-06,College together strong difference defense treat standard seat begin politics suggest hear more law painting heart.,1
1497,128,1413,4.0,2022-12-05,,0
1498,176,1760,3.0,2023-11-26,,0
1499,279,2254,3.0,2022-08-21,Page management science whose similar dream shake attorney arm girl guy stay.,1
1500,252,2232,1.0,2024-07-19,Similar paper nature easy practice maintain deep threat.,1
1501,211,827,1.0,2022-02-05,,0
1502,58,1499,1.0,2022-11-05,Poor agreement own staff reveal amount go response picture up thank.,1
1503,284,2468,4.0,2024-05-19,,0
1504,207,1747,4.0,2024-01-30,Without free dark subject level professional system wrong ten.,1
1505,13,620,5.0,2024-08-01,Office hot thank light thing fly chair.,1
1506,248,1562,3.0,2023-12-22,,0
1507,185,2072,2.0,2024-12-11,,0
1508,204,336,5.0,2023-08-20,Late ok standard improve set within store price skin.,1
1509,41,579,2.0,2024-05-08,Building job team after brother wrong though small.,1
1510,49,1359,5.0,2022-11-19,Stuff onto attention everything occur sport attack level any cultural career real project.,1
1511,244,1474,4.0,2024-01-28,Agency upon sort project model let make many anyone everyone open care history can where.,1
1512,45,2220,,2022-12-24,,0
1513,90,18,5.0,2023-02-16,None interview prevent same training fill agreement make.,1
1514,187,742,5.0,2023-01-28,Player which gun receive none born or cold already tend.,1
1515,285,1425,4.0,2023-07-17,Wife happy drive until street value production someone room.,1
1516,235,839,1.0,2024-05-02,Company and many black level enter special modern police country must necessary room majority market meeting.,1
1517,49,1906,5.0,2024-02-22,Material parent health world up project war pressure fill Mr health.,1
1518,131,859,5.0,2022-07-30,Official like buy go significant success particularly article here effect policy but high make officer notice.,1
1519,263,2159,4.0,2023-01-09,,0
1520,288,144,4.0,2022-07-23,Offer decision dream also phone early new news always political morning middle scene situation hear dog.,1
1521,291,600,4.0,2024-08-30,Concern ready apply our everybody nature make lose buy control citizen opportunity.,1
1522,132,2036,3.0,2023-08-20,Culture second business discuss wind song case determine key least issue town account each prepare rate.,1
1523,200,1079,5.0,2023-10-26,,0
1524,51,418,5.0,2023-06-26,Health serve possible first whole realize manager lot suddenly bad feel avoid by.,1
1525,119,901,4.0,2022-05-21,Deep political deal easy understand baby ready manager all onto tonight.,1
1526,239,1176,4.0,2023-02-04,Citizen peace middle run could option take late good individual think either current beyond.,1
1527,120,565,1.0,2023-10-30,Help step leave above minute firm admit of evening similar often trouble entire blood skill.,1
1528,103,1970,4.0,2022-06-10,Administration certainly main security listen performance give success.,1
1529,73,843,4.0,2022-06-19,Boy whatever blood modern audience nation policy indeed throw.,1
1530,282,188,4.0,2022-08-30,Political degree choose suggest physical early large well decision fill me plant beyond foot material talk.,1
1531,53,1836,4.0,2023-01-07,Leader how poor that student experience usually reach his few wait.,1
1532,149,1723,4.0,2023-08-18,Exist writer about concern but discover remember soldier performance receive century economic.,1
1533,276,1006,5.0,2024-05-16,,0
1534,196,1660,5.0,2022-02-20,About student bar know project director his tree truth soon unit.,1
1535,130,524,4.0,2023-07-11,,0
1536,139,1987,4.0,2024-04-08,,0
1537,97,250,5.0,2024-10-27,Line anyone product individual someone economic number table baby kid yet.,1
1538,238,1064,3.0,2023-04-06,Board couple card employee several be concern tree close plan maintain human.,1
1539,125,2431,1.0,2022-04-19,,0
1540,14,1299,4.0,2024-08-08,Method town front education stop more west from business despite culture hot room.,1
1541,9,1760,5.0,2022-07-31,,0
1542,7,1115,4.0,2022-06-17,Cell future wait son attack toward recent.,1
1543,128,6,5.0,2024-03-20,Necessary keep partner project risk nature not region concern sort or color.,1
1544,63,1402,5.0,2024-10-08,Television poor bill executive now treat establish both body according base spring which really however officer.,1
1545,28,283,4.0,2024-12-06,Oil expect collection focus accept building class report blue few.,1
1546,200,720,5.0,2024-08-16,Charge people media few film peace me.,1
1547,280,548,5.0,2023-06-22,Hospital hair father available my leg vote outside easy history thought force parent big indicate.,1
1548,252,1755,3.0,2022-02-25,Really office you whom course change box pressure throughout better article.,1
1549,30,612,2.0,2022-10-28,Third design grow stock move color who face myself value win road.,1
1550,118,1583,2.0,2024-10-18,,0
1551,243,324,4.0,2023-05-03,Thing theory TV house wall live bank drug sister.,1
1552,62,2,4.0,2023-05-10,Yet finish visit whose thing city Mr.,1
1553,55,407,5.0,2024-08-10,Son spend listen ahead significant people rule prepare play produce operation movement policy.,1
1554,62,2271,5.0,2024-07-01,Remain travel few will red time material tell avoid large full soldier successful.,1
1555,65,2457,5.0,2022-11-18,After strategy recognize think have authority reach.,1
1556,177,243,,2024-01-09,Research manage true exist left window general consumer get those join specific writer or debate concern.,1
1557,178,1017,4.0,2023-11-19,Sell well remember doctor nearly record detail price source college until office traditional.,1
1558,8,841,1.0,2024-04-06,Wife phone since least prepare might long worker truth ever.,1
1559,73,1171,5.0,2024-08-14,Good trial significant discuss minute own often audience ball interview.,1
1560,87,1463,5.0,2022-05-24,,0
1561,42,1767,5.0,2022-06-16,,0
1562,102,2100,4.0,2022-04-11,Or purpose practice five fine life arm according light take pretty many heart rich necessary similar.,1
1563,254,2120,4.0,2022-06-21,Not probably participant society human site lay mean region increase shoulder.,1
1564,297,2036,2.0,2022-05-05,National activity foot often authority sit either evidence grow security.,1
1565,90,1294,4.0,2024-04-21,Too old from cultural suffer country alone force attack.,1
1566,68,2216,4.0,2024-06-21,Benefit including process great TV region true ago improve final blue.,1
1567,10,2307,5.0,2024-11-05,With southern investment I green painting wall friend air assume.,1
1568,54,1087,4.0,2024-02-27,Market TV central down care term main maybe special than.,1
1569,68,385,5.0,2024-04-01,Year cup what question describe stay born.,1
1570,121,1854,5.0,2022-01-26,Bag as society money performance rise seek government team push score surface floor catch start.,1
1571,27,129,4.0,2022-08-13,Total kid first ok each task through design.,1
1572,151,595,3.0,2022-01-12,Figure subject day wrong black administration movement idea.,1
1573,256,1884,4.0,2023-02-16,Approach it short sit ok else store ago sport mouth.,1
1574,206,1124,3.0,2024-10-14,Song during individual natural head begin also and attack check away education name language care.,1
1575,47,1714,4.0,2023-01-03,Win artist play like knowledge society court service example paper long.,1
1576,130,2315,5.0,2024-01-03,Decide campaign again could find many defense.,1
1577,95,1345,1.0,2024-06-01,Fill can analysis guess that source family house assume pick.,1
1578,56,20,5.0,2024-04-28,,0
1579,154,184,5.0,2024-03-14,Current doctor hand whether lay field another line.,1
1580,298,2000,5.0,2024-05-14,,0
1581,54,1149,5.0,2024-01-07,,0
1582,257,2480,4.0,2022-04-22,,0
1583,52,191,2.0,2022-11-11,Range campaign discussion whether institution team realize candidate be.,1
1584,23,1907,5.0,2024-04-09,Some baby mission share through nice old market network support law interest.,1
1585,228,2321,5.0,2022-11-05,Truth ten design lose prevent can defense Mr mouth off pass poor son.,1
1586,65,2339,3.0,2023-10-07,,0
1587,84,2479,5.0,2024-02-14,Everyone live although guess only five school.,1
1588,227,1013,4.0,2023-01-13,Upon speak be say lead right exactly Mrs together air which official idea.,1
1589,214,1564,5.0,2023-09-10,Road always phone somebody girl machine five former cover notice short.,1
1590,25,505,4.0,2024-11-09,Point draw hospital cell gun everything figure course dog consumer ball nor edge wall direction.,1
1591,145,37,2.0,2024-12-02,Suggest to across with school white avoid great learn prevent control rather.,1
1592,214,46,5.0,2024-12-18,,0
1593,15,939,3.0,2023-05-06,Grow power rest sense purpose environment view support late voice might order.,1
1594,155,1620,2.0,2024-03-15,Lay recognize me moment will onto theory popular today career wind black understand.,1
1595,92,674,3.0,2023-12-11,Lay cause program understand against series financial.,1
1596,115,51,4.0,2024-12-03,,0
1597,191,275,5.0,2024-12-21,Would site far black kitchen protect Mr administration.,1
1598,247,1442,5.0,2022-09-25,Believe thought weight world necessary impact bank industry week chance item.,1
1599,85,514,4.0,2023-06-27,Feel water marriage receive none increase bank source woman maybe letter.,1
1600,228,1838,1.0,2022-10-09,Discuss church leg another expect family skill.,1
1601,27,1195,4.0,2022-09-12,Less care style process significant not party.,1
1602,19,2414,3.0,2022-10-10,Price eight specific quickly senior police arm something dinner work sort kind organization scientist.,1
1603,80,2059,5.0,2022-10-26,Of end success claim level executive month black various court behavior international within each easy sport.,1
1604,19,2130,4.0,2022-12-19,Ready spring best skin coach happen ball stage arm early drug serve.,1
1605,177,1131,5.0,2023-08-04,Cup successful government high radio fast win soldier site former here.,1
1606,199,846,5.0,2023-12-28,Before power choice but start election PM box structure too policy agree.,1
1607,27,138,5.0,2023-03-03,Major easy I on apply almost that.,1
1608,11,347,4.0,2023-12-04,Away push enter position interest until pressure watch security.,1
1609,86,2223,4.0,2023-06-02,Staff night prove firm interesting buy important white fine share number particularly.,1
1610,136,2463,4.0,2023-10-05,Same including reduce move surface forget decide shake you first will.,1
1611,196,1553,4.0,2022-03-18,,0
1612,99,476,5.0,2022-02-06,Morning rest person art blood surface oil system financial all sometimes card girl.,1
1613,163,461,3.0,2022-10-18,Or stay memory really we say pick then commercial military from unit.,1
1614,68,360,3.0,2024-12-14,Firm their respond meet one think piece late deep else so far capital Congress.,1
1615,193,459,3.0,2022-08-09,Manage lot experience travel not enough onto almost interview southern any across nothing them.,1
1616,86,948,5.0,2022-06-12,Hope national call score leader south sort market order.,1
1617,149,1101,5.0,2023-11-10,Goal prepare face source again beyond building though effect life teacher education within room owner.,1
1618,267,2078,5.0,2024-05-15,Begin its of yard take sport center.,1
1619,71,1328,5.0,2023-11-29,Sea light key century weight guess visit soldier religious father buy hour arm capital arrive stay.,1
1620,251,2168,2.0,2022-02-01,Father purpose our various else environment choice news group rate drug before surface option enough increase.,1
1621,10,2271,3.0,2024-08-18,From sometimes page security great perhaps successful run then community rise.,1
1622,300,710,4.0,2022-07-09,Manage them race tell song keep blood direction.,1
1623,242,1762,5.0,2023-12-12,,0
1624,58,1842,4.0,2022-09-11,Use evidence age degree whole hour program can hold.,1
1625,281,1260,5.0,2023-06-09,Impact staff report short everybody American rock hope professional between clear help measure whatever.,1
1626,300,2000,4.0,2024-10-09,Go visit religious source mother owner also.,1
1627,34,1334,5.0,2023-01-06,,0
1628,48,1832,3.0,2024-12-18,Quickly full ground soldier usually with water kind use information loss.,1
1629,116,2412,4.0,2023-04-20,Consumer person five enter treat director police they cover skin resource.,1
1630,275,1829,5.0,2023-05-21,White part show official bag when build activity here majority series attack create physical edge.,1
1631,209,832,,2022-03-15,,0
1632,133,1499,4.0,2022-06-17,History theory project him so story describe market guess ground eat wide green above nothing.,1
1633,22,2139,2.0,2023-09-30,,0
1634,138,926,4.0,2023-02-11,Assume law air special write appear performance subject level sure.,1
1635,175,1342,4.0,2022-02-14,Black candidate live cover water walk score military appear without.,1
1636,203,2333,5.0,2024-10-11,Range law treatment health police time agree change name.,1
1637,241,394,5.0,2022-12-03,A arrive character agree pretty local the.,1
1638,99,1547,4.0,2023-09-07,Mission suddenly wish girl early you record now significant.,1
1639,248,1716,3.0,2023-10-31,Doctor away foreign per sister perhaps return watch boy.,1
1640,58,1602,5.0,2023-09-10,Knowledge perform culture cultural standard nearly Mrs some tell though executive attack.,1
1641,277,75,4.0,2023-09-22,Activity western safe business determine agency kitchen personal institution power middle sit.,1
1642,209,226,3.0,2022-04-07,,0
1643,50,674,3.0,2023-09-11,Future must we above full send field amount peace training compare easy.,1
1644,193,1956,5.0,2022-04-22,,0
1645,290,369,5.0,2022-12-04,,0
1646,231,1279,3.0,2024-03-24,Perform quality campaign concern investment fund music by short care final whose difficult.,1
1647,153,2187,5.0,2023-11-08,Establish product tree radio read trade certainly main history production upon painting cut off expert.,1
1648,165,247,5.0,2022-08-11,,0
1649,52,894,1.0,2024-06-29,Six TV resource though last why kid thus nice theory information member street.,1
1650,142,944,4.0,2022-05-25,Mouth land per whatever beat house specific join political within face before.,1
1651,95,1362,1.0,2023-02-09,Person president last particularly first lawyer appear whom everything defense such issue entire put.,1
1652,173,2407,5.0,2024-07-23,Miss chair throw word worry just address key fall lot operation home attention meeting language hour.,1
1653,141,794,2.0,2024-09-19,Condition it recently operation series street similar wait determine why rise like decade garden many cell.,1
1654,269,2093,1.0,2023-09-28,Through wrong writer child eat agree sister leader media office skin boy doctor.,1
1655,176,679,,2024-06-25,Consider simply herself according music rich a their true specific defense.,1
1656,122,846,5.0,2024-01-05,,0
1657,156,1989,5.0,2024-07-15,Animal west air top environmental start wish start if pressure by middle its view environment three.,1
1658,202,2185,5.0,2024-09-27,,0
1659,103,640,2.0,2024-02-03,,0
1660,106,378,3.0,2024-12-23,Your kitchen result kid whole say soon international agent evening help story skin easy knowledge year.,1
1661,150,441,3.0,2024-01-14,Run bag test major final wear culture nice bar rock stay.,1
1662,245,415,4.0,2023-05-14,,0
1663,122,734,4.0,2022-12-27,,0
1664,128,2024,4.0,2024-11-22,Draw treat learn cost bag group long majority feeling according foot win.,1
1665,48,17,2.0,2022-11-16,Join business chance set right film ever major gun doctor as board safe me.,1
1666,42,848,5.0,2022-07-20,Community debate election occur bank claim day despite thank strong model subject truth but.,1
1667,250,266,5.0,2022-05-16,Size add recognize but technology catch receive face event memory type go law somebody author.,1
1668,106,1992,4.0,2024-04-07,,0
1669,297,1528,4.0,2023-05-03,Book week practice here according firm nature study officer throughout I.,1
1670,40,489,1.0,2022-09-09,,0
1671,269,1006,4.0,2022-02-19,Have present man skin property late sport usually staff rest his.,1
1672,250,1667,4.0,2022-05-29,,0
1673,91,1091,2.0,2023-05-30,Lose hour no call matter scene garden political only financial they.,1
1674,26,1694,5.0,2023-10-20,Audience hair explain perhaps mind more order may you.,1
1675,52,1539,5.0,2022-07-21,Guess science center above baby record gun American three color step level quickly population.,1
1676,239,90,5.0,2022-02-11,,0
1677,221,2092,5.0,2024-10-04,Size every article song cause increase whether dark also class term either area.,1
1678,233,2317,5.0,2024-11-19,Name couple note today drop after bad two.,1
1679,67,1181,3.0,2022-11-15,,0
1680,16,309,4.0,2022-11-16,Enjoy again government maybe food mission floor card face child hotel gas everybody include leader.,1
1681,158,1567,5.0,2024-05-07,Get religious model fish visit whatever they current maybe Republican become.,1
1682,188,1928,4.0,2022-12-28,Foreign why western trial it theory prevent data subject Republican.,1
1683,169,380,5.0,2023-10-02,Green those Mr professor attention president type force radio tough realize outside seek year simple.,1
1684,287,2483,5.0,2023-10-29,Can team various fill like region collection cultural soon range Mr case modern.,1
1685,172,168,4.0,2022-01-13,,0
1686,12,180,5.0,2022-06-24,Student magazine operation course loss risk paper worry bed there capital write.,1
1687,199,1402,5.0,2023-01-12,Spend parent around skill per task scientist tell student could western lawyer beyond campaign.,1
1688,289,2141,5.0,2023-11-11,Pm occur plant together room him step spring rich indicate consumer along.,1
1689,260,255,3.0,2024-07-15,,0
1690,252,1937,5.0,2022-01-25,From impact place dog deep question already choose country capital campaign drive Mrs.,1
1691,227,310,5.0,2022-08-20,Address approach manager finish talk series study assume event city center.,1
1692,71,1376,4.0,2023-06-18,,0
1693,144,1996,4.0,2022-08-24,,0
1694,127,943,4.0,2022-08-02,More couple way any evidence address western outside scene east contain.,1
1695,40,1578,2.0,2024-10-03,Talk policy think part letter cause establish.,1
1696,1,469,5.0,2022-09-03,,0
1697,35,1026,5.0,2023-05-26,Until dark agency people life benefit newspaper dog forget ready voice.,1
1698,245,2466,5.0,2023-10-18,,0
1699,190,2344,3.0,2023-12-24,Series major picture determine job gas kid ask camera.,1
1700,85,1959,5.0,2024-05-15,,0
1701,139,641,4.0,2024-05-06,Live different fly newspaper blood life best training image black through east.,1
1702,204,1908,4.0,2023-08-07,Sometimes officer thank parent conference remain strategy which generation value.,1
1703,249,2485,4.0,2024-11-15,,0
1704,72,2058,5.0,2024-11-01,Debate effort take PM notice join line take.,1
1705,165,1333,5.0,2022-04-19,Win popular form Congress explain land country relate strategy attorney capital ten ten determine try.,1
1706,84,1850,5.0,2023-05-22,Body worry get drug recent guy left turn we soon base school instead pull work almost.,1
1707,127,557,5.0,2022-07-18,Task return foot become about everybody edge hour theory hot face decision civil.,1
1708,182,940,5.0,2022-08-21,,0
1709,299,2097,4.0,2022-05-25,Space industry behavior challenge real wonder remain place leg change turn whatever huge matter five.,1
1710,115,2163,3.0,2022-05-13,,0
1711,236,1704,5.0,2024-01-17,Meet suggest medical think land nation protect blood own design music head always analysis.,1
1712,279,2066,4.0,2022-01-08,Tonight program deep wish garden room interest.,1
1713,13,561,4.0,2023-01-19,Use those exist hard including look need finally leg agreement eye sound point detail.,1
1714,189,226,3.0,2023-12-22,,0
1715,20,566,4.0,2022-06-18,,0
1716,251,2310,5.0,2024-08-10,Star government smile set including tell expect state assume father improve.,1
1717,259,1159,4.0,2023-06-22,Four letter manager finish write attention writer hand skin successful.,1
1718,280,735,5.0,2024-11-12,,0
1719,17,870,3.0,2023-04-25,How push grow stage guess oil force in among up TV truth director despite.,1
1720,122,1526,5.0,2024-04-05,Check notice house evening eight cause across civil wife campaign begin enter.,1
1721,12,58,4.0,2024-08-28,Lose onto happy result law candidate machine including event expect very fill.,1
1722,229,1158,4.0,2024-12-20,Continue suffer animal back so choice opportunity central.,1
1723,61,138,4.0,2023-10-10,People customer point chance throughout provide paper.,1
1724,268,2081,5.0,2024-01-09,,0
1725,21,1456,4.0,2022-07-26,Parent hard beautiful writer project very nothing today news.,1
1726,237,1087,4.0,2023-03-15,Leave it position option foreign owner TV.,1
1727,112,334,5.0,2022-07-25,Mrs defense your family material leader perhaps anyone with media financial human wonder help.,1
1728,212,626,5.0,2024-02-13,Reach develop upon standard quite north finally million measure these sea.,1
1729,39,1068,4.0,2023-07-07,Morning friend Congress skin interview number society.,1
1730,40,483,4.0,2024-01-17,Herself seem chair southern sing force same city each watch responsibility think.,1
1731,291,1170,1.0,2024-12-16,Star paper close which road establish computer sit quite education edge there involve huge animal.,1
1732,195,216,5.0,2023-01-13,Visit fear rock hit national woman thank how.,1
1733,112,1042,1.0,2023-06-28,Sport history school mind miss likely woman whom even economy thus effort affect early.,1
1734,172,2036,5.0,2024-12-29,Growth minute interview religious indicate beautiful project event sure window direction pretty than name name building.,1
1735,77,301,5.0,2022-10-19,Scientist environmental inside attention career strategy truth management management wide easy wide necessary able simply theory.,1
1736,86,269,4.0,2023-07-29,Us agree history benefit share Congress accept check oil.,1
1737,258,1634,4.0,2022-05-09,Charge available crime sport house service describe at should order concern collection.,1
1738,193,1479,5.0,2023-12-22,Contain business organization interview cost street consumer.,1
1739,115,622,5.0,2023-01-01,Page today we best significant magazine floor tough recently add recognize real.,1
1740,233,435,1.0,2022-07-21,,0
1741,56,1437,5.0,2023-08-12,Police sell bad leg than successful third start company family final draw yard six member sing.,1
1742,220,740,2.0,2023-05-10,Head authority expect manage itself boy let phone.,1
1743,116,1489,2.0,2022-08-30,Laugh card cell whose town such apply perhaps prevent run mind technology nation road executive.,1
1744,108,2217,5.0,2022-12-19,Political condition daughter both program actually hear outside report concern recently national catch save go.,1
1745,33,391,3.0,2022-05-06,His guess pretty amount clearly detail better level get face more town Democrat three.,1
1746,278,362,5.0,2024-11-06,Quickly big serious husband measure both item type some score in career our conference.,1
1747,271,433,4.0,2024-07-14,Four medical themselves senior it doctor administration commercial.,1
1748,277,2335,4.0,2024-08-23,,0
1749,289,739,3.0,2024-11-17,Of base rate use full political age watch activity social back miss single art garden language.,1
1750,20,1548,5.0,2024-04-26,Able else floor natural include majority artist site mean job particular anyone.,1
1751,55,608,3.0,2022-12-29,Next risk you practice hotel process store.,1
1752,296,1139,5.0,2023-12-14,Value discussion foreign time base total kind lawyer organization kind upon case.,1
1753,268,2241,5.0,2022-07-21,,0
1754,175,1794,5.0,2024-06-08,,0
1755,229,1289,4.0,2022-03-06,North brother ready traditional candidate guess bed citizen step.,1
1756,67,2435,5.0,2022-07-09,Agree time sure move authority peace always ahead field husband ask.,1
1757,263,193,4.0,2023-10-03,Point story task listen back become any hotel must voice tax note treatment news.,1
1758,21,458,4.0,2023-08-15,Piece become thus size effort argue scene page film fear.,1
1759,27,2351,5.0,2022-01-15,,0
1760,249,959,5.0,2024-01-15,Vote my price build artist buy you we.,1
1761,97,793,4.0,2023-05-09,,0
1762,236,1505,5.0,2024-12-08,Start friend imagine somebody I keep top once full environmental human.,1
1763,74,1247,5.0,2023-07-12,Benefit although check behind instead former use.,1
1764,95,414,5.0,2024-01-17,Thank level sometimes can check day above region glass discover laugh them key price.,1
1765,273,288,4.0,2023-12-25,Television rock arrive true player popular consumer environmental nor listen dog remember.,1
1766,208,2134,,2023-04-28,Company learn commercial part wear Democrat right red through phone clear top air spring.,1
1767,32,2498,4.0,2024-07-06,Offer husband interest research son final himself move entire quality.,1
1768,131,861,4.0,2022-10-30,One discussion reveal hotel quality capital dream back run indicate.,1
1769,171,563,4.0,2022-09-21,If smile choose eat wind term store tax time voice piece argue bit interest.,1
1770,277,39,,2023-02-24,,0
1771,293,258,5.0,2024-06-24,Establish arrive energy there begin huge cultural think world computer.,1
1772,158,1060,5.0,2022-05-24,Deep commercial than news consider describe hair allow every hair son bring traditional.,1
1773,163,1233,2.0,2024-04-10,,0
1774,138,1056,4.0,2022-02-21,,0
1775,169,651,3.0,2023-03-03,,0
1776,136,2383,3.0,2024-04-16,,0
1777,104,14,5.0,2024-03-07,Data that value base black fund threat enter yard forward political.,1
1778,152,2236,5.0,2023-01-17,She ball never responsibility conference personal feel down body.,1
1779,129,230,1.0,2022-03-10,Avoid perhaps but travel event make particular top produce explain only there.,1
1780,61,1673,5.0,2022-12-13,Community kid daughter Democrat traditional peace think hear population speech growth take article.,1
1781,104,527,3.0,2022-08-31,,0
1782,41,1811,4.0,2022-08-05,Special end word prepare someone detail everyone third concern reach doctor fund.,1
1783,252,1824,5.0,2024-06-04,,0
1784,97,1315,4.0,2023-09-14,Spend newspaper employee science young agent me cell identify feel wear sea movement quite.,1
1785,246,627,4.0,2022-08-01,Vote final seat write player TV place actually inside sea home rise help.,1
1786,128,1817,5.0,2022-03-24,Phone drug knowledge finally bill speech sometimes somebody million make what pick history across back significant.,1
1787,246,1550,4.0,2024-12-18,Base ok bill too five catch yard bank analysis travel seven cost work.,1
1788,102,1194,3.0,2023-12-20,Newspaper specific must smile while memory dinner card understand.,1
1789,149,504,5.0,2022-03-04,Never thousand enough reduce nature cell already left.,1
1790,31,1602,3.0,2022-01-28,Several pay sport sell laugh themselves clearly use positive experience everything especially either.,1
1791,7,294,3.0,2023-06-30,Politics development major east such true attack.,1
1792,100,1801,2.0,2022-02-13,Often college relate successful science remember outside lead food like join time.,1
1793,263,112,4.0,2024-08-17,Reduce participant color director future material offer process over movement story hope its light.,1
1794,44,931,4.0,2023-04-07,,0
1795,101,39,4.0,2022-06-19,Between hard despite evening pull billion above exactly suggest now window game speak score themselves most.,1
1796,68,956,4.0,2022-06-22,Plan people white international address pay deep film life true admit main suddenly something beautiful.,1
1797,20,1848,4.0,2023-05-03,,0
1798,55,2166,5.0,2024-04-08,Matter can close carry financial pretty trip money.,1
1799,299,1845,4.0,2022-10-05,Take generation fall maybe work paper doctor if drive.,1
1800,146,1406,5.0,2023-05-01,,0
1801,295,799,5.0,2022-07-29,Song political like law role opportunity also language thus.,1
1802,189,182,4.0,2024-12-13,Similar follow to magazine teacher nice see risk road seek form color.,1
1803,298,938,4.0,2024-01-24,Voice season stop information soldier suffer anything process south significant system system.,1
1804,218,2433,4.0,2022-01-23,Seem traditional perform none set yeah foreign class skill however effort them wear nor apply art.,1
1805,282,2399,5.0,2023-07-17,Professor fund also a night service garden research walk executive.,1
1806,276,685,4.0,2024-02-08,Nor floor threat determine reason future religious cut walk that heart easy claim.,1
1807,222,2120,4.0,2022-04-08,Individual fine rich security against arrive government against so daughter those.,1
1808,140,2345,5.0,2024-08-03,Attention out moment country century conference him glass.,1
1809,103,308,5.0,2024-03-04,Throw country despite medical expert Republican party loss source south answer early world scene quality article.,1
1810,203,837,2.0,2023-12-01,Factor beautiful practice economic present ten approach Congress administration painting current development.,1
1811,51,305,5.0,2023-08-19,,0
1812,217,563,4.0,2022-08-09,Music room range at oil upon magazine with use material leader less drive indeed she.,1
1813,233,1763,4.0,2023-12-22,Help ground federal pay around economic while book former team economic group school book.,1
1814,299,1390,5.0,2024-01-21,Cause person off he dog any peace.,1
1815,8,921,4.0,2023-11-09,Court economic present these day quickly work find pressure.,1
1816,36,1358,5.0,2023-02-05,From size let century economy it song institution history example blood place.,1
1817,69,2432,5.0,2023-09-03,Second father spring local church usually toward information experience.,1
1818,215,443,4.0,2022-04-28,Same effort career recently structure often economic company example join.,1
1819,15,1472,3.0,2024-05-29,Stay truth general project citizen scientist simple guess per law shoulder claim.,1
1820,83,1165,4.0,2024-01-12,Congress enough worry nice thus option three responsibility west feel owner weight himself rise person.,1
1821,94,1348,4.0,2023-09-08,,0
1822,161,1379,5.0,2022-11-21,See red everybody structure hour yourself your item.,1
1823,206,2014,5.0,2024-09-29,Certain station accept election why college their within these scene heart Mrs.,1
1824,263,1811,5.0,2022-01-11,Eight three skin maybe like maintain reach share by range heart voice.,1
1825,293,106,2.0,2023-03-18,Quickly direction majority serve well tough sea traditional recently arm reality program left too allow play.,1
1826,188,262,5.0,2024-07-11,,0
1827,132,43,4.0,2023-04-07,Establish sure amount easy including develop fear second onto camera.,1
1828,98,272,5.0,2023-10-22,History environmental loss successful maintain eye condition me.,1
1829,200,1890,5.0,2022-03-04,,0
1830,242,2009,4.0,2023-02-21,Than set senior majority tonight full bed great appear trade.,1
1831,274,451,3.0,2023-03-24,Minute meet girl sea body foot structure quality ball instead nice old feeling.,1
1832,282,226,5.0,2022-12-08,Not inside second hold imagine add notice.,1
1833,158,2469,4.0,2023-12-18,,0
1834,99,145,5.0,2023-04-11,Finish receive bring trade despite only indeed could capital trade use member.,1
1835,25,895,1.0,2023-01-09,House identify order bank certainly remember tough late school find style record.,1
1836,130,1625,2.0,2024-08-29,Often network moment number still physical wrong science be interesting difference girl manager.,1
1837,151,1692,5.0,2022-12-12,Employee daughter number store consumer seven sport.,1
1838,140,1047,5.0,2022-07-03,Instead card above building lot if true she.,1
1839,71,2420,4.0,2022-01-18,,0
1840,108,1825,5.0,2023-02-23,Maintain data blue paper number maybe interesting level.,1
1841,148,2098,4.0,2023-06-21,Student guy generation speech above small community.,1
1842,96,982,5.0,2023-08-05,Including give like political good lawyer hot.,1
1843,67,302,4.0,2023-06-29,Coach part finally assume son they study report describe season light.,1
1844,50,1920,4.0,2022-08-25,,0
1845,77,360,5.0,2024-12-07,,0
1846,237,2397,4.0,2023-03-13,Design camera short company know ten would.,1
1847,55,1069,4.0,2023-12-20,,0
1848,97,289,4.0,2022-08-16,Security foot raise director game including break method sell actually.,1
1849,77,118,4.0,2022-04-05,,0
1850,22,2315,4.0,2022-10-01,Strong music rather investment station region old measure world whom.,1
1851,80,1676,4.0,2022-05-04,No customer power professor ask bill pretty clear.,1
1852,117,2122,5.0,2022-04-03,Level somebody air vote point interest hotel hot.,1
1853,120,790,5.0,2024-03-18,Field compare available east increase support ok evidence act cut range particularly response property over write.,1
1854,99,756,5.0,2024-05-14,Strategy make despite plan cup score produce.,1
1855,133,610,3.0,2024-12-22,Report science call ready well form later better place.,1
1856,235,122,5.0,2023-04-07,Spend stock rule approach idea lawyer article.,1
1857,201,144,4.0,2024-06-07,Call teach huge charge support performance somebody page.,1
1858,96,2052,3.0,2022-08-22,Green son outside measure medical tonight training trade available building onto kid including off.,1
1859,193,863,5.0,2023-08-03,Hundred be tax key stuff case total coach card water.,1
1860,109,55,5.0,2023-03-22,Board nothing foreign especially upon project agency tax capital figure task oil fast.,1
1861,284,88,5.0,2024-02-05,Science floor lose speak important house return down my such gas.,1
1862,75,902,2.0,2023-04-26,Administration say think almost thus surface recently organization result seat middle center.,1
1863,240,105,4.0,2023-01-24,Nor prepare scientist shake where series series himself address bring.,1
1864,43,1652,4.0,2022-10-13,Beautiful PM air him no force discover alone most movement yet.,1
1865,263,438,4.0,2023-12-14,,0
1866,292,1425,1.0,2023-01-28,Career protect ahead teach difference plant Democrat vote beyond at activity tree pay.,1
1867,15,2258,4.0,2022-02-10,System investment detail clearly admit positive difference similar me would heart inside a.,1
1868,122,283,5.0,2022-09-25,Often recent girl process for south stuff suffer.,1
1869,200,352,5.0,2024-08-26,Impact long fish hospital late over away economy others opportunity sea game write thus president manager.,1
1870,82,912,4.0,2023-10-13,Responsibility anyone government why investment buy sure form wonder carry.,1
1871,255,506,5.0,2023-05-08,Song institution think campaign evening manager meet any allow foreign appear add bed family business firm.,1
1872,244,2055,1.0,2023-07-27,Shoulder actually agent trouble public whom understand late mind visit election kid serve discussion.,1
1873,234,2115,5.0,2023-06-12,Rock executive suddenly send discussion off wide never everybody decision off.,1
1874,197,101,5.0,2024-04-01,Watch her attack despite body where glass call produce PM pressure report.,1
1875,293,2395,1.0,2023-01-29,Picture billion whom on among sense over teacher add family product executive.,1
1876,128,1246,3.0,2024-05-20,Finish large person star already raise set cause newspaper.,1
1877,149,1034,4.0,2023-03-06,Quickly would home involve year hold close road officer floor yet audience dark we.,1
1878,207,1600,5.0,2024-09-13,Admit defense partner wind nearly move expert protect present again beyond.,1
1879,87,738,3.0,2023-11-04,Imagine claim series professor plant their standard relationship Congress sell.,1
1880,3,839,3.0,2022-10-30,Member there line give final bag for development station black.,1
1881,196,1536,4.0,2023-12-25,Meeting argue just last success manage or would site spend next parent shake themselves.,1
1882,197,2336,2.0,2022-12-03,,0
1883,176,1409,4.0,2022-09-01,Two most work know sound especially group person.,1
1884,225,2473,5.0,2022-11-17,Draw structure decide actually just morning book the college.,1
1885,73,934,4.0,2022-08-02,Line up her game they ask type example success live else guy reason finally director ground.,1
1886,252,1499,4.0,2022-10-13,Green rest win father specific statement mother work follow.,1
1887,239,610,5.0,2023-02-05,Pressure way of any both minute way seven billion born save live economic.,1
1888,226,1310,5.0,2023-03-24,Myself general floor into save manager also happy produce seem.,1
1889,238,208,5.0,2024-07-26,,0
1890,101,943,5.0,2024-01-27,,0
1891,290,1658,5.0,2023-02-08,Across part dark same yeah teacher development its reflect concern machine meeting into eat personal.,1
1892,4,653,5.0,2022-06-19,Heavy read take since official each perhaps though catch shoulder later fund.,1
1893,183,837,4.0,2022-04-10,Tell them reveal table voice point I movement account policy sound which.,1
1894,141,57,4.0,2022-07-24,Less help professor section hope claim upon memory place.,1
1895,165,1127,5.0,2023-03-23,,0
1896,247,778,5.0,2022-11-02,Very when economy individual south well young plan agency range general year light serious sell reason.,1
1897,137,2319,4.0,2023-02-04,Money number test truth someone choice rich week bed some white value reduce.,1
1898,217,2112,2.0,2022-06-18,,0
1899,72,655,5.0,2023-08-17,Member recent term share talk control drive often test.,1
1900,52,609,4.0,2023-12-05,Treatment guess game everything successful party five today.,1
1901,91,2117,5.0,2024-02-28,Beat she anything discussion I agreement toward citizen character little.,1
1902,224,2390,5.0,2024-02-14,Property that across worker often sense week growth beyond stock mean research.,1
1903,215,809,5.0,2022-03-07,Begin challenge school happen modern common music trade finish.,1
1904,213,1407,4.0,2024-06-06,Whether decision just anything quite station wall company after color gun.,1
1905,259,1510,5.0,2022-02-06,,0
1906,22,402,5.0,2022-07-15,Computer our prepare face level themselves degree decide however each system family among.,1
1907,170,296,4.0,2022-12-02,Citizen hour throughout method add war red if participant middle special situation property example.,1
1908,154,1832,5.0,2023-01-08,Place item your effect present development young alone.,1
1909,234,1738,3.0,2022-04-03,,0
1910,109,1298,4.0,2022-01-15,Article week better include shoulder it world wife.,1
1911,223,286,5.0,2023-06-08,,0
1912,125,903,5.0,2022-10-14,Ever student fill face able player law trial table her clear offer away study plant.,1
1913,6,1527,4.0,2023-01-04,Fine interview already room similar section science so consumer hope accept industry adult billion energy.,1
1914,83,1357,2.0,2024-09-18,,0
1915,239,936,3.0,2022-12-22,Current stop person training rest through care fine authority agency home man.,1
1916,40,1852,5.0,2024-09-16,Explain would them determine still training issue argue concern raise check deep modern crime entire.,1
1917,114,1672,3.0,2024-02-08,Suggest add baby attack understand reach series pattern hear college product.,1
1918,165,1932,3.0,2024-10-20,Wrong police see subject its behind must.,1
1919,92,1589,5.0,2023-03-09,Us price simply matter ball lawyer set ground save at.,1
1920,225,1782,2.0,2023-11-16,Try term reason fall serve concern accept situation medical public nature ground president answer only.,1
1921,268,1607,4.0,2024-06-14,Catch suddenly their natural build spring indicate involve free animal foreign arm.,1
1922,66,1067,5.0,2023-03-07,Would career seek outside discuss over draw east who seek.,1
1923,115,1503,5.0,2022-04-11,Animal sense main outside sport small dream discover whether fast serve use.,1
1924,290,665,3.0,2022-06-29,,0
1925,45,2316,4.0,2024-08-13,Loss hotel either other option child rule serious say affect.,1
1926,286,1402,1.0,2022-10-14,World mission policy start explain in early campaign power middle.,1
1927,86,1899,1.0,2024-01-17,Four arm stop visit memory many black.,1
1928,179,2030,5.0,2023-09-27,Agree fire news treat level color arrive appear education either occur discuss blue author by vote.,1
1929,260,2275,3.0,2023-05-07,,0
1930,49,1590,4.0,2023-05-29,Ahead report ground month threat reach trip.,1
1931,91,18,3.0,2024-09-26,,0
1932,139,1047,4.0,2023-11-04,,0
1933,257,1623,5.0,2024-11-12,How purpose main decade family everything her help above career hour role should surface some.,1
1934,134,1963,3.0,2022-07-21,Billion according black ability job order may child style car move.,1
1935,233,2034,1.0,2024-09-23,Personal above democratic east half I carry part remember low kid car truth industry face next.,1
1936,209,610,3.0,2024-05-09,,0
1937,110,2139,5.0,2023-02-11,Describe scientist interview hundred model least change.,1
1938,53,1462,4.0,2022-08-05,Attack full maintain though church stop water discover party activity what several group outside career.,1
1939,168,2230,4.0,2024-08-09,Among president word could outside next life door relate air base people own.,1
1940,120,761,4.0,2024-08-03,Lay forget road cut thank last leg every open pattern office.,1
1941,169,2139,5.0,2023-06-23,Learn attack financial statement hope team offer watch do his sister all customer.,1
1942,259,1954,4.0,2024-12-08,Again like training husband tough role benefit anything tend after special.,1
1943,259,2497,3.0,2022-01-29,Whom finish person everyone Democrat listen require claim bit range produce media product soon.,1
1944,174,1061,3.0,2023-11-01,Well office beyond floor leg discuss easy shake budget enough teacher keep new.,1
1945,74,298,2.0,2022-06-27,,0
1946,97,716,4.0,2023-03-22,,0
1947,171,1726,3.0,2024-07-05,Last tree wait his speak reason near at why subject only brother support.,1
1948,111,1393,4.0,2022-10-26,,0
1949,244,2325,5.0,2024-06-04,Perhaps summer meeting treatment clearly officer purpose ask these ago morning beyond receive quality night.,1
1950,244,659,4.0,2023-05-08,Then cover require article some Democrat tonight data morning happy idea management.,1
1951,43,1401,1.0,2023-06-20,Start itself performance eight natural two believe see able arrive safe already know improve.,1
1952,251,1553,3.0,2024-01-31,Draw technology but risk fine simply know yeah main.,1
1953,237,1430,4.0,2024-12-19,,0
1954,126,1072,4.0,2022-06-23,In scientist computer no product form society child under sea else open magazine state out to.,1
1955,75,2112,3.0,2024-08-11,Boy system turn lose crime in piece theory yeah knowledge vote meet.,1
1956,186,2238,4.0,2023-07-12,Student reduce vote whose during project travel travel style follow wind seat central positive.,1
1957,86,973,5.0,2023-05-08,Area involve southern least next crime husband should blood face difference after article under go west.,1
1958,276,624,4.0,2024-03-20,Another building too important however management goal lose.,1
1959,148,2032,5.0,2024-12-16,,0
1960,216,1745,1.0,2023-08-05,Just wrong thing offer religious read bill.,1
1961,239,1365,5.0,2022-08-27,Defense whatever act them seven condition recent church result true reach decision natural.,1
1962,87,2063,5.0,2024-10-06,Main rest left career ten summer just century.,1
1963,248,2110,4.0,2022-10-02,Find week how worker discussion at member yet evening lot friend approach.,1
1964,288,368,5.0,2024-11-27,Himself level through citizen president radio job again really blue report.,1
1965,120,194,4.0,2022-11-23,Allow spend hotel ask either reduce that likely behavior career society public.,1
1966,182,2281,5.0,2024-03-25,Himself itself wife expert above doctor play everyone physical present reality in north.,1
1967,23,944,5.0,2022-09-10,Friend red war may its available nearly activity network attack.,1
1968,217,1803,4.0,2022-04-29,,0
1969,149,1479,4.0,2023-09-29,,0
1970,30,564,,2023-08-25,Allow four difference break her southern tax serious tree nice father forward head impact firm.,1
1971,56,875,1.0,2024-01-05,Key year girl half marriage hair whatever.,1
1972,96,2482,2.0,2023-09-11,,0
1973,111,1848,5.0,2024-06-02,Watch already huge manage something eye camera course up only study whose national its community value.,1
1974,145,1982,3.0,2023-03-10,However character human finish agent him cost program as beautiful song week their land weight.,1
1975,274,2169,5.0,2024-12-25,Tend customer there economy free at without lawyer.,1
1976,130,297,5.0,2024-05-29,Environment than southern free position protect person manage reach born.,1
1977,221,2264,5.0,2022-05-30,Indicate become everyone heavy floor voice source it friend character center.,1
1978,291,304,4.0,2023-10-25,Total similar although put believe writer blue month board old kind.,1
1979,157,121,4.0,2024-05-28,Next evening similar new they probably east should way network share ten road safe budget career.,1
1980,288,2457,4.0,2023-07-07,,0
1981,44,1534,3.0,2022-08-21,Middle maintain unit economic road miss adult middle southern part activity table training.,1
1982,242,518,4.0,2023-10-07,Among building administration describe Republican agent yes need scientist reason throw fund wonder report game.,1
1983,240,1765,3.0,2023-07-15,Result price special option also continue black door attention in increase field against case player.,1
1984,62,685,5.0,2022-04-07,Tree they town while stop simply certain boy relationship.,1
1985,199,1825,5.0,2024-09-06,Not tell however city lead speak perform statement situation enjoy top right.,1
1986,218,1005,4.0,2022-12-26,,0
1987,134,1715,3.0,2022-12-10,Avoid common above official a difference rich employee item individual rather many top build information great.,1
1988,244,1629,1.0,2022-03-21,Place decision experience offer generation arm dog may push how power huge goal more century.,1
1989,236,2172,5.0,2023-04-19,There couple thought shoulder suggest age you year throw without need majority effort true including.,1
1990,299,919,5.0,2022-12-30,,0
1991,243,511,4.0,2024-05-19,Prove notice spring usually guy edge name budget second reach.,1
1992,155,89,5.0,2023-05-24,,0
1993,286,747,3.0,2022-07-29,,0
1994,219,1800,5.0,2022-12-05,Customer early this already despite even spring evidence cell police middle good nation member.,1
1995,162,519,4.0,2024-06-10,Commercial item him herself cultural have trip increase center learn read catch increase door south like.,1
1996,178,1579,5.0,2024-02-09,Town but day science region yourself whole play like night.,1
1997,266,1705,4.0,2023-06-05,,0
1998,288,1869,4.0,2023-09-14,Claim while up sure care method because.,1
1999,227,1174,4.0,2022-07-02,Market question ago candidate fast test adult see produce number environment development half degree.,1
2000,242,2364,2.0,2022-07-03,Yes stuff example east available sea control draw.,1
2001,267,2063,3.0,2023-08-06,,0
2002,44,1447,5.0,2022-07-25,,0
2003,21,1364,5.0,2022-09-14,Still issue production interview light of anyone interesting policy.,1
2004,72,1242,5.0,2022-05-21,Likely position career appear unit bag their far necessary meeting east.,1
2005,56,159,3.0,2022-11-22,,0
2006,19,2091,5.0,2022-10-10,Suffer community adult be national light little per generation develop term section executive card.,1
2007,205,2081,2.0,2024-05-14,Option wait can enough growth share local show lay edge.,1
2008,78,1085,4.0,2022-03-23,Purpose answer yet probably miss theory cost between understand money it alone represent couple.,1
2009,295,2099,5.0,2022-12-01,Old how she major strategy their computer six serve somebody.,1
2010,205,1067,2.0,2024-11-05,Left too personal this sign east professional social find sell argue.,1
2011,96,386,5.0,2022-10-12,Office weight stop radio concern future capital police change wind fish imagine system.,1
2012,239,2431,4.0,2024-02-12,Option face second knowledge laugh professor attention year notice skin democratic increase try their.,1
2013,255,2453,5.0,2023-07-24,For responsibility sister foreign size career win boy night security common well forward piece beautiful.,1
2014,73,883,5.0,2022-12-05,Leave management number case push measure site here store factor whether.,1
2015,251,1535,5.0,2023-08-15,There quickly now remain network place special some after nearly population age air score concern stage.,1
2016,77,430,4.0,2024-07-09,Other house floor focus follow future effect old senior amount record knowledge plan.,1
2017,136,1799,1.0,2024-11-25,,0
2018,291,871,5.0,2023-06-25,Professional account require piece good reason too.,1
2019,98,2144,5.0,2024-01-02,Church company tax tonight fall wish realize when interest region campaign.,1
2020,298,499,1.0,2023-04-14,Staff cup and yes boy buy let sea ask present ten.,1
2021,87,916,5.0,2024-07-04,Day wall foreign war leg push quite marriage defense tough skin.,1
2022,86,1233,4.0,2023-07-17,Hold strategy friend take follow deal attorney federal positive.,1
2023,223,13,4.0,2023-05-28,Out either like local picture rate consumer member western include wait yard others.,1
2024,284,2044,4.0,2022-03-23,,0
2025,252,1621,5.0,2022-07-26,,0
2026,230,211,5.0,2022-07-20,Success you hotel remain include several strategy event charge suddenly true bed build very.,1
2027,261,2341,4.0,2022-01-25,Should happy institution prevent each writer anyone child serious hit writer.,1
2028,188,1930,2.0,2023-11-08,,0
2029,137,2192,4.0,2024-06-30,He certain gun mother road threat majority floor action wide service second product compare read.,1
2030,253,1769,5.0,2023-01-23,,0
2031,10,396,5.0,2024-12-15,Father leave history water indeed question vote contain her employee recently small daughter if usually blue.,1
2032,232,1824,5.0,2022-06-07,House team trouble free recently eight oil seven on as painting front thousand husband your.,1
2033,182,2090,4.0,2024-08-13,Present cut certain understand society approach quickly home.,1
2034,291,1158,2.0,2024-03-12,,0
2035,115,82,4.0,2024-11-25,Knowledge left scientist whether Republican possible that stuff.,1
2036,41,981,4.0,2023-12-04,Blue daughter pressure share throughout crime usually role security year piece page half civil.,1
2037,218,688,5.0,2023-09-19,,0
2038,82,2453,5.0,2022-05-27,Thought she other oil name key light article guess might once show listen worry really turn.,1
2039,29,2133,3.0,2023-02-23,Participant over benefit factor near wind wait act prevent off describe receive bit.,1
2040,56,1334,5.0,2024-09-29,Hospital occur likely energy after ask its nation movie.,1
2041,5,483,3.0,2024-10-09,,0
2042,34,380,4.0,2024-07-25,,0
2043,75,2183,5.0,2023-11-22,Growth lot really score yard money common personal.,1
2044,97,1636,4.0,2022-10-18,As opportunity someone send list project trade from outside choice realize gun.,1
2045,82,490,5.0,2023-04-17,Real follow make ago write join accept project should.,1
2046,223,1793,2.0,2022-08-14,Sing require part development dog wear myself keep partner billion risk create sort out improve.,1
2047,77,621,5.0,2022-09-14,,0
2048,4,324,5.0,2024-09-09,Wall improve professional sure material include put fly lawyer character mind bill act who.,1
2049,22,1372,4.0,2022-09-19,We rise any national various lose idea financial very go agent quality myself practice floor.,1
2050,83,21,5.0,2024-04-02,Board no politics threat statement main man.,1
2051,233,2136,5.0,2023-03-03,Effect itself open land specific role western heavy store skill fast.,1
2052,184,1560,1.0,2024-08-19,Drug despite feel know everybody off wind cup look thus challenge soldier.,1
2053,296,2369,4.0,2023-01-25,Turn color boy understand general consider machine deal though material explain finish follow.,1
2054,126,749,5.0,2022-08-14,Boy face floor plant education candidate indicate person ten.,1
2055,197,1766,5.0,2023-12-05,,0
2056,75,2444,5.0,2024-03-02,Interview organization especially we main door wife help occur seem very oil paper behavior seem.,1
2057,201,1188,4.0,2023-08-24,With discussion job day kid more glass late federal section raise get pressure gun.,1
2058,160,1920,3.0,2024-06-08,,0
2059,298,1374,5.0,2022-12-26,Each son partner education energy when reveal usually.,1
2060,41,24,2.0,2023-05-31,Try during north Congress look local low down.,1
2061,71,673,4.0,2023-04-15,,0
2062,81,1184,5.0,2024-10-14,Bag develop ever lawyer hard total authority tax per.,1
2063,234,673,2.0,2024-08-24,,0
2064,80,1741,4.0,2024-10-13,Series strategy light health or protect summer determine room sport American single truth food activity.,1
2065,156,1249,3.0,2023-04-23,,0
2066,151,51,5.0,2023-08-07,Go box discover focus hair allow role attack difference field continue.,1
2067,61,1293,1.0,2024-06-15,Call price thank billion care particular east third area without image door head.,1
2068,207,882,5.0,2024-02-24,Theory happy war finish trade one must now young choose.,1
2069,89,2062,5.0,2022-10-30,Room build idea a majority major pick plan mean.,1
2070,41,129,1.0,2022-03-28,Chair reduce live couple system interesting answer use lay ok spend right test suffer in.,1
2071,264,2137,4.0,2023-03-24,Matter notice material special upon wish social senior rather factor you product kitchen cell hundred.,1
2072,20,2451,5.0,2023-03-03,,0
2073,11,1404,4.0,2024-02-04,Thus role wife science rather admit kid discuss consider wear if challenge might generation history administration.,1
2074,97,2089,4.0,2022-08-22,Fight bad goal matter attack kind data necessary side rise small clearly soon firm bed these.,1
2075,262,1560,3.0,2023-01-11,Leave alone media may according forget firm customer nearly able cultural hot peace local join.,1
2076,282,216,4.0,2023-01-05,,0
2077,36,1392,4.0,2024-03-28,That watch almost law recently agency bank couple animal paper.,1
2078,116,1182,4.0,2022-06-09,Consider single movement fish natural need sit still consumer ten minute four last theory.,1
2079,243,197,4.0,2024-04-04,,0
2080,204,1282,4.0,2023-06-07,Side born without rise color be list look able though read not stock more most.,1
2081,242,1576,4.0,2024-11-17,Impact end TV daughter team sing several.,1
2082,147,1230,5.0,2023-01-28,,0
2083,263,1895,3.0,2023-09-24,,0
2084,199,1134,5.0,2024-02-16,Interest class movie international project animal human lose yet.,1
2085,297,210,3.0,2024-05-24,Nor large during trial so fact specific five seat police thousand loss.,1
2086,3,1981,1.0,2023-11-04,,0
2087,235,1898,2.0,2022-06-12,Government activity although foreign stay see prepare scene nature.,1
2088,70,1307,5.0,2023-02-25,Physical treatment south more character garden mean.,1
2089,234,1243,3.0,2023-11-29,Six picture another again explain box society beat arrive level wear several.,1
2090,277,795,4.0,2023-12-28,Each image add provide into quite boy gas happen him join discuss expect relate key pressure.,1
2091,251,1999,4.0,2024-11-17,Among the find necessary almost political onto.,1
2092,182,2442,5.0,2022-04-23,Phone age them number race unit his parent film.,1
2093,168,1458,5.0,2023-09-26,Forward power school system power media American question small hour.,1
2094,6,2165,3.0,2024-10-08,Design fall cell clearly guy side trouble best although role dog ask shake father poor.,1
2095,31,1527,3.0,2024-11-15,End positive the partner stop imagine reduce provide along.,1
2096,7,1017,1.0,2024-05-06,Role employee deep trade report adult reduce.,1
2097,99,35,3.0,2023-02-03,Test myself say many close first feeling reach heavy school anything often war decision marriage.,1
2098,243,1186,2.0,2023-12-14,Weight may break huge image mouth night.,1
2099,154,901,4.0,2023-12-11,,0
2100,175,679,5.0,2023-12-16,Throw discover phone family owner quickly near half big education.,1
2101,107,826,5.0,2023-08-02,Until his child keep born tend despite blue kid order laugh.,1
2102,227,1635,5.0,2022-12-17,Show class sense though great marriage seat once finally.,1
2103,156,1770,1.0,2023-08-10,Hair new piece positive pay later letter discuss determine serve similar.,1
2104,106,897,5.0,2023-11-04,Usually already everyone him want bar strong show.,1
2105,155,229,4.0,2024-01-18,Because individual already enter she have involve exist general process science century total increase.,1
2106,106,1474,1.0,2023-09-26,Experience worry either process stuff sometimes boy despite room leg and organization magazine investment again country.,1
2107,173,2118,5.0,2024-02-08,Space know order us save fine community little indicate relate magazine process building job suddenly.,1
2108,11,1193,1.0,2024-07-24,About color really couple course choice good history news century war.,1
2109,121,628,5.0,2022-10-29,Story debate eight but reach general successful offer goal.,1
2110,72,2339,1.0,2022-12-15,That pick significant term fund happy total me article.,1
2111,177,1732,5.0,2024-10-04,Positive moment commercial actually choose author hospital day allow professional prevent.,1
2112,57,1692,5.0,2024-07-27,,0
2113,124,286,5.0,2022-03-30,,0
2114,11,1652,1.0,2023-07-30,Major view safe eat image citizen easy choice important large.,1
2115,177,1572,3.0,2024-12-05,Keep its pass treatment soldier teacher oil suddenly several Mr land relationship sell.,1
2116,300,1868,5.0,2023-08-17,Rather wish face parent create authority indicate get those church term road this important end spring.,1
2117,242,2104,5.0,2022-06-10,Travel form identify institution keep may shake.,1
2118,45,1865,4.0,2022-07-04,Course however top represent deal blue late.,1
2119,262,698,5.0,2022-09-30,Game few trip never move country big.,1
2120,150,1590,4.0,2022-02-21,Somebody professor thought benefit administration huge evidence stand church interest Mrs than.,1
2121,10,648,3.0,2024-04-26,Develop more really trial popular half create book everybody those thus nor name behind machine employee.,1
2122,59,1706,,2022-12-03,Team often be purpose simple activity inside contain.,1
2123,108,1104,1.0,2023-01-10,Good face also center tree president special financial weight need painting certain.,1
2124,269,1775,5.0,2024-06-20,Bit site year chair when international political wall simply front western by.,1
2125,37,1625,5.0,2022-08-30,Morning almost follow lose party old type adult.,1
2126,58,352,3.0,2024-10-25,Remember this ask nor partner politics contain what most.,1
2127,199,2317,3.0,2022-04-26,Usually anyone mouth industry behavior hospital us purpose clearly fact kind difficult worry.,1
2128,51,1876,4.0,2024-04-23,,0
2129,281,2174,5.0,2022-02-21,Moment wind bar exactly culture adult people.,1
2130,88,1468,2.0,2022-01-28,Throw choice tree game so professor computer someone lot plan world very manage message for president.,1
2131,174,2214,4.0,2022-10-13,Model move morning commercial discuss left mouth threat vote check six debate career law quickly who.,1
2132,283,341,5.0,2023-07-06,Eight born or table eat range suffer fast side happy doctor be.,1
2133,20,38,4.0,2024-12-16,I find outside lawyer appear little pick store community word send describe in out model.,1
2134,247,652,5.0,2024-08-07,Success growth police half admit story from during manage although themselves matter let all.,1
2135,64,1133,5.0,2024-11-09,Approach could kitchen certain picture back dinner guy onto matter executive decide body serious pull oil.,1
2136,7,107,4.0,2024-07-09,Adult any fine all though quality writer truth force according very.,1
2137,36,1122,4.0,2024-04-12,Worry speak himself rather debate writer sea candidate hit.,1
2138,80,1978,4.0,2023-08-01,,0
2139,111,760,3.0,2023-06-12,Discuss here fall tough well couple account little reality building.,1
2140,154,1182,4.0,2023-10-02,,0
2141,160,2123,4.0,2024-08-03,Far let school animal several page PM gun never our report accept stop sport including kid.,1
2142,89,1324,5.0,2022-06-25,Point church individual difficult our beautiful son draw consider body.,1
2143,187,362,4.0,2022-12-03,Change control up money serious look best.,1
2144,12,2047,4.0,2022-07-23,,0
2145,95,11,4.0,2023-09-07,Increase score against far cold cover third key explain professor oil happen be.,1
2146,71,673,4.0,2023-10-10,Court campaign many radio upon suggest manage society shoulder clear world firm.,1
2147,200,1808,5.0,2023-05-15,Want mission reflect such model southern break staff network economic local black tend box.,1
2148,200,1252,4.0,2023-02-21,,0
2149,181,2248,4.0,2023-02-05,Election rich break fall south find hair figure.,1
2150,24,1256,5.0,2022-01-14,Keep avoid pull data avoid scientist time those enough of two radio I.,1
2151,234,1164,2.0,2023-12-30,Financial want pressure myself little sport court account business wonder before manage.,1
2152,3,118,4.0,2022-12-04,Left hit deal theory box public later mother.,1
2153,190,1253,5.0,2024-05-11,Professor mission stock because class visit who like.,1
2154,145,1681,5.0,2023-10-28,Group stuff employee air now program system upon treat fact candidate human.,1
2155,23,2499,5.0,2022-03-08,,0
2156,62,2181,4.0,2024-07-02,Report their need where system avoid inside exactly.,1
2157,34,1386,4.0,2023-01-28,Several common whether religious success structure effect your first factor how.,1
2158,257,1140,1.0,2023-03-08,Certain travel month camera weight artist international yeah family score someone institution memory.,1
2159,151,187,4.0,2024-06-20,Area million we our girl physical full chance everything ready hospital chair suddenly.,1
2160,171,549,5.0,2024-06-02,,0
2161,7,2312,4.0,2024-02-23,,0
2162,95,381,3.0,2023-04-24,Expert either could understand better item term oil fire involve single population explain benefit.,1
2163,243,773,3.0,2024-02-15,Live yourself president use politics fact interesting those drug black.,1
2164,73,1190,5.0,2023-05-19,Water myself summer animal low into structure.,1
2165,299,1510,4.0,2024-01-04,Laugh heart born song money worker ever receive follow teach everything exist.,1
2166,125,141,4.0,2022-06-09,,0
2167,201,1570,4.0,2024-10-21,,0
2168,300,280,1.0,2024-01-22,Study drive environment development worry stop task light it owner alone.,1
2169,276,126,5.0,2023-06-12,Maybe growth structure guy drop program success low television any work somebody Democrat.,1
2170,185,1272,1.0,2023-10-14,,0
2171,171,926,3.0,2022-01-25,Bar section million perform news recent environmental.,1
2172,2,1341,3.0,2023-10-31,Scene grow north foreign skin visit allow.,1
2173,253,1565,4.0,2022-03-04,Low now maybe most land check huge anyone watch scientist paper play.,1
2174,102,2311,4.0,2024-07-28,Explain international player bed get especially speech return two.,1
2175,105,2087,4.0,2023-05-18,Concern maintain position throughout ago with you seat approach maybe cut several.,1
2176,133,667,4.0,2024-07-31,,0
2177,285,2106,4.0,2022-02-23,Whether start least old owner there chance step civil.,1
2178,156,316,5.0,2022-11-14,,0
2179,206,548,5.0,2023-07-31,Western control hope marriage get station remain degree surface wall.,1
2180,154,2355,5.0,2022-01-19,But company leave break who begin evidence company present manager century firm man.,1
2181,18,2083,5.0,2023-08-16,Television conference six put finally character participant continue keep draw loss born power lay.,1
2182,248,1467,5.0,2023-04-12,Remember explain garden within production you career where soldier difficult thank political trade tell offer grow.,1
2183,155,867,5.0,2023-07-29,Man part whose parent house provide consider decision one law development return between which size.,1
2184,21,36,5.0,2024-10-11,Camera chance dream billion process PM dream debate.,1
2185,228,969,5.0,2023-11-15,Ahead foreign health share and than if officer.,1
2186,1,2397,4.0,2022-02-26,Strategy speech represent theory color cause role consider task trade newspaper size model focus region.,1
2187,279,1663,5.0,2024-04-17,Arrive should shake offer debate store bit lose worker window no keep mind look.,1
2188,189,2177,3.0,2024-08-27,Buy wear born staff scientist control heart approach according.,1
2189,175,2325,4.0,2024-01-31,Decide attack blood discussion understand successful feeling research name skill sound music culture point world join.,1
2190,156,2324,5.0,2023-12-15,Myself believe society knowledge provide offer how fill hand final.,1
2191,285,1393,4.0,2024-11-07,,0
2192,29,360,4.0,2022-03-14,Task think address fly discussion green practice medical candidate daughter enough rich project.,1
2193,69,1516,3.0,2022-01-11,Agree new conference present discussion yeah around us role movement man option network coach future.,1
2194,17,2435,1.0,2022-03-07,Save despite audience he show beyond this southern dog sea land administration in race.,1
2195,70,1898,3.0,2024-01-31,Article three recently defense town bed of would responsibility recent your writer opportunity front.,1
2196,203,1059,4.0,2023-10-01,Agent each day box couple rate discover manage baby letter.,1
2197,187,1275,5.0,2024-02-15,Magazine piece deep increase specific oil these to expert try.,1
2198,262,1223,4.0,2022-05-18,Can live southern hospital stock large realize camera it establish long challenge these TV art.,1
2199,32,477,5.0,2022-12-02,War strong offer paper friend through his trip kid player can sport worry.,1
2200,268,549,4.0,2022-10-12,Perform live spend wide age doctor receive.,1
2201,9,92,5.0,2022-02-09,Action without better page soon whose increase teacher visit section everyone itself.,1
2202,27,730,3.0,2023-11-26,Your season rest sister station language family control wide employee unit player tough wind.,1
2203,219,1702,5.0,2023-11-29,Type program information something exactly nor company bring hour marriage firm save.,1
2204,109,2288,4.0,2023-11-20,,0
2205,253,2095,5.0,2024-06-22,Along wonder author this ten bad their give pick appear.,1
2206,31,1843,3.0,2024-07-02,Long number successful situation even item finally either wish add threat also fall include support edge.,1
2207,106,200,5.0,2022-11-11,His social fast whose special go guess affect year necessary painting teacher how care.,1
2208,100,1512,,2023-09-23,Instead bar court always like former bad write born property blood sport good.,1
2209,186,179,5.0,2024-08-06,Art push happy form against drive full again test upon audience market.,1
2210,35,741,3.0,2022-03-19,Place raise loss sound task wife product there.,1
2211,101,2467,3.0,2024-12-10,Personal real throughout since choose easy once I.,1
2212,185,943,4.0,2022-11-21,Class film heart including effect fall here information.,1
2213,300,619,5.0,2022-11-25,Seven poor parent service edge final walk my continue thus attack because.,1
2214,208,1478,5.0,2023-07-23,,0
2215,16,209,4.0,2023-02-12,Tell plan even second quite should value other report sit.,1
2216,215,1451,5.0,2022-10-19,,0
2217,254,1607,2.0,2022-06-16,Security foot offer response entire strong will travel offer figure threat off finally fund.,1
2218,231,1451,4.0,2023-02-07,Effort if think somebody choice see night successful me nice popular live during however police.,1
2219,108,2261,5.0,2022-04-15,,0
2220,281,2075,4.0,2024-05-30,Individual effort occur understand laugh and eat task go none talk lawyer interest suggest.,1
2221,254,322,5.0,2022-06-06,,0
2222,267,840,3.0,2024-11-21,,0
2223,15,1665,3.0,2022-06-28,Land kid southern it reason hundred arm particular open over thus clear stuff call officer.,1
2224,40,556,5.0,2024-09-02,Decision large ten many up administration soldier inside tax five bring pick suffer job skill someone.,1
2225,253,589,5.0,2022-07-05,Present station indeed another field everyone knowledge whole true yes even green late suggest war area.,1
2226,263,2371,5.0,2024-02-28,You seek recent growth while eight example policy six reality there fly.,1
2227,12,416,3.0,2024-12-15,Car hope picture make wear environment second especially from front protect list.,1
2228,125,1497,1.0,2024-01-05,Decision stock ready will about toward free yourself together weight sister rate civil.,1
2229,268,647,3.0,2022-06-10,Candidate person receive central home force medical news art response ok evening voice citizen.,1
2230,268,2472,1.0,2022-07-19,Stage age important interest particular all player sing itself themselves enough common toward.,1
2231,76,164,3.0,2022-04-21,While sound experience reality animal whether owner huge bill great long that level moment cause make.,1
2232,272,1831,5.0,2024-03-29,Year nor ask born cover quite old against student likely community parent general.,1
2233,238,1208,3.0,2024-02-04,,0
2234,53,1996,4.0,2022-01-30,,0
2235,36,1609,5.0,2024-07-03,Hold available interview live artist person center apply.,1
2236,17,1322,4.0,2022-02-24,Again as democratic sure film say adult.,1
2237,280,1437,5.0,2024-02-28,Water lose discuss story it team compare sister perhaps best.,1
2238,96,2156,3.0,2023-08-29,Bed here officer good particularly brother population.,1
2239,137,1525,2.0,2024-05-11,Occur feel too always attention blood choose left outside.,1
2240,265,1996,5.0,2023-02-17,Enjoy trip opportunity benefit bank certain special step.,1
2241,14,1003,4.0,2023-09-28,Sport see arrive happen weight worker quite position effect describe water face country put return.,1
2242,288,537,5.0,2022-01-21,They put those expert city may his listen look fill near sing.,1
2243,28,2303,4.0,2023-12-03,Same act wonder conference large so raise.,1
2244,294,1943,4.0,2023-12-13,Yet offer sport husband group we form cup.,1
2245,114,281,5.0,2022-01-20,Kitchen paper everyone success plant push reflect early letter house next leave religious.,1
2246,106,658,5.0,2022-01-30,Those safe they money story team bad commercial money job close maintain either small himself pattern.,1
2247,19,572,5.0,2022-04-15,Far kitchen relate tax close help per.,1
2248,183,860,5.0,2023-11-19,,0
2249,58,2475,5.0,2022-09-05,Finish strong example season magazine avoid message cell experience enough region account.,1
2250,137,1220,5.0,2024-07-11,Note care simply evidence skill eat argue unit.,1
2251,130,922,4.0,2024-10-10,,0
2252,11,2142,5.0,2024-07-02,Hair more between per develop group air old have total product air box.,1
2253,269,1971,4.0,2023-12-24,Memory hard kitchen different themselves spend local reason rich respond would realize.,1
2254,230,2492,1.0,2022-04-05,Note begin week growth week soon your according want relationship record.,1
2255,26,995,5.0,2022-09-30,Defense defense street loss plant and success themselves best thing face commercial choose.,1
2256,114,473,5.0,2022-07-10,Pattern citizen ten we quality end work indeed decade high establish realize international idea commercial.,1
2257,61,222,5.0,2024-05-05,Talk wish establish game return strong stock base stop represent all skill.,1
2258,280,346,3.0,2024-09-26,Fund bar firm drug audience both want particularly treat while spend.,1
2259,225,2245,1.0,2022-06-15,Around who loss over course thousand television someone wonder manager machine join anyone.,1
2260,186,1753,4.0,2022-05-01,Either maybe through heavy first glass study college finally ten serious hit.,1
2261,125,1429,5.0,2024-12-19,Production realize increase body rock man table they school city since.,1
2262,11,1464,5.0,2024-05-16,Soldier feel newspaper small him hard news water.,1
2263,26,706,3.0,2022-10-10,Material size form treat among color man nature sure for another establish face total town.,1
2264,65,220,1.0,2024-07-28,Second person under she see management pick morning art get analysis.,1
2265,86,2487,5.0,2023-09-20,Standard dinner protect price woman think improve edge pay yes amount central.,1
2266,130,1841,5.0,2024-01-05,,0
2267,16,1630,5.0,2022-09-03,In nor measure far them until knowledge him.,1
2268,172,2253,,2023-10-08,Bad president analysis movement top detail growth line public difficult security skill hot say raise.,1
2269,48,1269,5.0,2022-09-08,Edge tend situation follow ahead management add reach that girl which report.,1
2270,288,1770,5.0,2023-12-07,Thing accept large list economy medical wind guy join morning into low sometimes item maintain.,1
2271,109,2017,4.0,2024-02-10,Page city still network discussion only bring day.,1
2272,237,881,4.0,2024-04-24,Somebody book citizen weight seat performance movement cultural west less win size approach model office color.,1
2273,145,183,3.0,2024-03-03,Generation once environment expert let there hospital.,1
2274,298,1994,1.0,2023-09-21,,0
2275,144,528,2.0,2022-03-31,,0
2276,121,2376,3.0,2022-07-15,,0
2277,52,1580,4.0,2022-07-01,Writer much bed provide close sense something article democratic benefit address nice although group statement.,1
2278,148,829,3.0,2022-02-06,Society sure themselves collection another president responsibility.,1
2279,259,1524,4.0,2024-01-28,Artist top until people those performance fish hot together send itself including work image.,1
2280,190,1082,5.0,2024-02-24,Must however them cover task approach sister during technology message could certain.,1
2281,142,538,5.0,2024-09-23,,0
2282,73,1950,5.0,2023-06-18,Peace concern their growth source yes trial hit.,1
2283,150,1499,5.0,2024-11-29,Adult keep song leg daughter when power next treat stage movie.,1
2284,285,1660,5.0,2022-10-31,Player explain bring argue anything above hope music middle yeah.,1
2285,127,645,5.0,2024-11-06,Surface sense so discuss agree accept issue different speech student.,1
2286,86,250,1.0,2022-11-01,Ability move recent weight market although every television raise like perhaps accept executive.,1
2287,115,864,1.0,2024-12-21,Within player water section start around like call pressure officer civil lay enjoy box could rate.,1
2288,212,765,4.0,2023-06-07,,0
2289,119,375,4.0,2024-12-02,,0
2290,37,203,4.0,2023-12-27,Fly piece anyone take time nation week.,1
2291,71,2322,5.0,2022-12-29,Foreign lot total meet a executive machine agency civil clearly for able clearly fire.,1
2292,77,460,3.0,2022-01-24,,0
2293,164,642,4.0,2022-08-08,,0
2294,74,1713,5.0,2023-07-03,Actually really while guess floor have argue country church.,1
2295,115,1541,1.0,2023-06-12,Ball song need listen set simple add guess decade tend second build most environment.,1
2296,177,116,5.0,2023-07-30,Agency security start big against require station manage place among ever within attack into page.,1
2297,249,1204,4.0,2022-03-26,Democratic sign list record certainly similar no throw on large.,1
2298,187,837,5.0,2022-06-05,Let partner among very purpose condition data any without happen cup specific keep chance stop.,1
2299,217,1639,4.0,2024-09-19,,0
2300,65,1367,5.0,2023-03-02,Data day suddenly past carry fine write attorney develop.,1
2301,134,1624,5.0,2022-01-07,Hope expert couple father whose glass really base fill school fire why window.,1
2302,17,1452,4.0,2022-10-16,Health inside set happy senior on yeah trouble high discussion president.,1
2303,52,1116,5.0,2022-07-23,Move pay often theory sit dream purpose another.,1
2304,185,334,5.0,2023-12-13,Account choose station drive develop million place dream product hit.,1
2305,51,2236,5.0,2024-10-20,Food particular research child administration accept sing early strong.,1
2306,171,1249,5.0,2022-04-11,Up investment field always matter check amount civil fire safe paper weight dark.,1
2307,196,472,2.0,2024-07-15,Ahead day yet cover around never moment which cut third amount leave behavior something.,1
2308,277,2129,5.0,2024-06-26,My far matter piece level between realize how bit nor produce then prevent top style identify.,1
2309,133,373,4.0,2022-05-14,,0
2310,25,1617,4.0,2022-03-02,,0
2311,220,1716,4.0,2023-11-25,,0
2312,42,1099,2.0,2023-12-02,Various rate measure practice these name off action her this human society race model themselves.,1
2313,130,654,4.0,2024-09-22,,0
2314,194,362,5.0,2024-05-02,Main another risk clear commercial public help me age.,1
2315,130,1742,2.0,2024-04-19,,0
2316,128,774,5.0,2024-11-22,Simply quality others church experience program participant lead page across but newspaper most enough right.,1
2317,179,1573,4.0,2024-02-23,National sure those election traditional worry necessary and star watch today move court indicate somebody much.,1
2318,94,1385,5.0,2024-07-21,Trouble play hit consumer describe prove mean ahead reflect security increase argue two paper.,1
2319,211,2024,3.0,2024-08-07,Live raise development agency material new success deep model two politics free two drop blood.,1
2320,240,1591,5.0,2024-08-15,Same themselves month age year bag skill floor music PM dog safe customer.,1
2321,208,1732,4.0,2023-02-27,Exist cold wife subject protect hold case lose.,1
2322,99,942,4.0,2023-07-23,Every reveal east strong market name last reveal although power pattern impact care month station TV.,1
2323,284,98,4.0,2024-04-22,Minute resource husband to shake forward large image history bring pass magazine production.,1
2324,98,121,5.0,2023-03-07,Garden by total professional feel enjoy no instead lawyer particular occur area leg.,1
2325,42,2389,4.0,2023-07-29,,0
2326,62,1192,4.0,2022-02-01,Work information pattern analysis program between writer employee direction.,1
2327,139,167,5.0,2023-01-15,Just under do imagine Mr despite door career data.,1
2328,170,1580,5.0,2024-07-14,Project paper hope choice positive education power science cost include issue beautiful dinner husband market.,1
2329,13,1243,4.0,2023-08-29,Appear trial customer prepare bad figure sign claim certainly discussion hand positive all role chance.,1
2330,34,209,4.0,2022-02-23,Include experience hospital still one its expect situation note tax according others involve.,1
2331,35,1166,5.0,2023-01-14,,0
2332,4,2272,2.0,2023-08-25,Strong or follow fund financial result although benefit those thank take candidate.,1
2333,173,2182,1.0,2022-08-16,Road television practice choose state treat fire start candidate professor near media throw rather.,1
2334,127,2177,4.0,2024-11-02,Argue similar cup board yeah health similar hundred though animal.,1
2335,88,303,2.0,2023-02-09,Arrive mother property seem assume brother manager degree tree a chair almost against especially.,1
2336,164,1852,4.0,2022-07-24,,0
2337,183,2156,5.0,2024-02-08,Without yes traditional either financial offer fill provide full.,1
2338,292,1448,5.0,2023-06-06,Purpose trip article floor court material make sure bag you address meet red.,1
2339,225,569,3.0,2024-06-05,Court stuff tough near return gas outside too management first use cost.,1
2340,141,682,5.0,2024-10-11,Rich pull think clear smile morning six true several anyone television.,1
2341,259,1571,5.0,2022-08-08,Type event discuss travel early whom care where leader evidence poor expert direction.,1
2342,38,1082,5.0,2022-02-09,Or finally quickly moment we trip really rule there.,1
2343,278,694,4.0,2024-03-11,Far task line lawyer energy PM hotel.,1
2344,58,1380,3.0,2022-04-05,Trial lose skin smile south decision similar bill somebody improve physical.,1
2345,236,938,3.0,2023-11-19,Against others kind factor worker party close now.,1
2346,275,500,4.0,2023-10-20,Here employee building me interest media whether like.,1
2347,12,2062,2.0,2023-03-03,Whose term conference middle author garden hair.,1
2348,66,442,5.0,2022-06-13,Of become short stop sea direction question go her which practice yes development daughter enter.,1
2349,65,1803,4.0,2022-04-13,Respond level agree sign increase present author safe.,1
2350,283,1322,4.0,2024-05-18,Forget possible draw usually music situation trouble tax people score decide real strategy choose clear PM.,1
2351,198,2017,5.0,2022-08-04,Consumer final charge will memory floor energy many.,1
2352,115,1222,4.0,2024-10-08,,0
2353,226,2443,5.0,2022-08-19,Measure design less will appear around talk know perform water return point usually his design.,1
2354,236,1556,4.0,2024-04-19,,0
2355,226,577,4.0,2023-07-04,Identify use research them theory dark into laugh about shoulder paper apply school.,1
2356,291,822,4.0,2022-11-15,Loss perform social summer drop page military.,1
2357,37,1135,4.0,2022-02-15,Professional clear wife course open itself strong home south specific feel everyone blue quickly.,1
2358,278,1420,5.0,2024-05-29,Nation different medical gun win three child close speak score adult information truth bit owner officer.,1
2359,130,705,4.0,2022-02-23,,0
2360,260,1643,5.0,2024-10-22,Loss exist system myself scientist management better poor same.,1
2361,118,1064,4.0,2024-12-02,Which audience positive off similar author professor political stage forget.,1
2362,82,1112,4.0,2022-06-26,They pattern institution believe let guess anything both after after analysis material interest.,1
2363,261,347,3.0,2022-08-25,Side ground staff miss trip than less shoulder go PM walk dinner today apply power instead.,1
2364,244,158,5.0,2023-02-22,Pass able too thought strong him our color.,1
2365,129,1762,5.0,2024-07-27,Life offer stock cold that western expert successful his cost house middle particularly fish become.,1
2366,127,287,4.0,2022-12-04,Clear employee soldier much care prevent know land cover best technology feel.,1
2367,41,274,5.0,2022-07-13,Environment situation boy relationship heart establish why offer win several his plan protect need according offer.,1
2368,198,997,5.0,2024-12-23,,0
2369,157,1063,1.0,2024-05-17,Short land professor such late type program increase former.,1
2370,231,890,1.0,2024-01-27,Arrive purpose time choose become traditional so visit bed most laugh young local.,1
2371,160,595,5.0,2022-04-30,Black everyone score increase week baby impact I learn heavy act begin four respond doctor yes.,1
2372,79,1940,3.0,2024-12-03,A continue pressure garden her fight have such.,1
2373,106,1841,4.0,2022-04-18,Guy leader court cause poor look feeling share front item foot again sell.,1
2374,228,547,5.0,2024-07-05,Drop approach situation through international reflect bring reflect PM.,1
2375,165,1349,5.0,2024-05-26,Study study week free sure today detail structure actually data themselves fast myself.,1
2376,26,1714,4.0,2024-12-30,Week remember audience through individual official artist.,1
2377,209,1946,4.0,2022-10-02,Sort help goal argue born success it business page detail suggest least forward around brother.,1
2378,77,2372,5.0,2024-02-07,Prevent off talk light participant push billion offer expect kitchen nothing perform pull near.,1
2379,289,306,1.0,2024-06-06,Pattern still television change television memory adult prove majority military Republican.,1
2380,185,1859,4.0,2023-02-10,Support much trade check sing lay perform worry scientist Mrs issue computer worry turn.,1
2381,40,2484,5.0,2022-03-06,,0
2382,103,779,5.0,2022-12-01,Voice doctor their war now key tonight either sport.,1
2383,129,55,5.0,2024-03-04,,0
2384,86,1206,4.0,2022-08-11,Write administration speech create seven wait his teach risk because structure high share miss at adult.,1
2385,138,235,5.0,2022-10-22,Trade consumer family strategy final participant stop somebody spend.,1
2386,286,2474,5.0,2023-12-07,Last information for nothing prove cold special describe black trade.,1
2387,159,166,4.0,2023-06-19,Police light much someone brother president particularly half mention avoid drop southern sound.,1
2388,128,383,5.0,2023-04-23,Every key answer it figure out art.,1
2389,224,555,4.0,2022-09-16,Radio national forget painting development effort choose nice though yourself reflect with.,1
2390,102,1079,3.0,2024-09-22,,0
2391,13,2169,5.0,2024-01-05,Within civil smile movement approach perhaps such international question policy step mission throughout strategy final ball.,1
2392,135,1097,5.0,2024-01-20,,0
2393,201,1611,5.0,2023-03-14,,0
2394,294,1285,5.0,2024-07-22,That home bill service range structure everything wife important tend anyone why garden.,1
2395,134,1756,5.0,2022-05-22,Season general child your activity perhaps look Republican operation reduce reduce computer your almost arrive.,1
2396,35,2107,5.0,2023-09-05,Half second mind including language operation participant concern.,1
2397,190,2406,3.0,2022-12-08,Rather particularly plant life enough where particular operation successful.,1
2398,45,323,5.0,2023-07-26,Usually Congress guy out also act team special discussion energy performance care certain try.,1
2399,160,1669,3.0,2022-04-15,Recently list mother officer sure close media doctor probably growth have cup everything Mrs.,1
2400,127,259,5.0,2025-01-01,Before mission above building possible fund if everybody between.,1
2401,183,1715,5.0,2023-09-28,,0
2402,286,864,3.0,2023-03-18,Thank bill performance several gun happy wish church various like add serve.,1
2403,214,916,5.0,2024-08-29,Manager brother floor coach floor race response chair doctor recognize benefit daughter glass score social though.,1
2404,144,587,3.0,2024-02-17,Wall close according culture development affect inside else real side result and.,1
2405,290,751,,2022-02-02,Site color throughout among teach must mind cost same miss security.,1
2406,100,645,4.0,2024-05-13,Country run later she theory church policy than weight rich herself model happen Mrs step.,1
2407,86,308,5.0,2023-04-14,Individual sense view professor will year health after base.,1
2408,269,156,5.0,2024-08-02,Sure player last agency simple structure short stop themselves visit.,1
2409,147,2351,5.0,2024-05-10,Live front here recently meeting put deep maintain door keep operation Mr account.,1
2410,142,835,4.0,2023-10-18,,0
2411,3,1218,4.0,2023-12-21,Technology real support easy contain various nearly.,1
2412,102,2133,5.0,2023-08-02,Something relate pressure since worker than hospital still.,1
2413,174,626,,2022-06-04,Reach hair crime population society home southern forward citizen foreign himself vote check must.,1
2414,286,1416,4.0,2022-05-18,Size sign story put son capital not safe business military.,1
2415,32,2462,4.0,2022-02-07,,0
2416,132,1335,3.0,2024-12-14,Avoid question wall and rock now something dark out future already his support current.,1
2417,1,1093,3.0,2022-05-19,Pattern audience certainly old yourself help fill control medical.,1
2418,189,754,3.0,2023-12-19,Some black arm instead course actually heavy four well sense tree firm alone ok.,1
2419,93,498,3.0,2022-08-26,Feel cell five natural national old soldier ability whom nature method shake very several moment begin.,1
2420,148,128,5.0,2024-12-20,Leave executive season trial daughter hundred each.,1
2421,206,307,2.0,2024-05-22,Memory medical free next measure end show decide strategy care both cup it.,1
2422,271,2497,2.0,2022-05-10,,0
2423,168,2089,5.0,2023-01-15,Year table defense next well simply authority onto range mean song do throughout recognize.,1
2424,286,1356,3.0,2022-10-24,Side work now major when heart respond.,1
2425,272,496,5.0,2022-04-17,Computer new news whether assume moment section evidence coach before west.,1
2426,126,471,4.0,2023-12-02,Bit city hit people key hold describe capital defense card.,1
2427,225,1051,2.0,2022-01-09,Month language seem final reflect than management fire name begin bag fish speech agency.,1
2428,186,478,3.0,2022-02-02,,0
2429,128,2110,5.0,2022-04-05,Agency energy high candidate law theory become thousand bill offer.,1
2430,196,227,1.0,2022-09-24,Best amount wind stay least probably Congress food different test.,1
2431,111,647,3.0,2022-09-28,Choose myself adult democratic large allow air not thought.,1
2432,84,2132,2.0,2023-05-10,,0
2433,33,1154,5.0,2022-04-26,Strategy find avoid trouble everyone pattern bank relate.,1
2434,252,1588,5.0,2022-12-19,Along let central make already sea hair receive number necessary its successful daughter.,1
2435,296,1049,4.0,2022-03-26,Director whether gun born I could car wind along successful office help.,1
2436,197,1549,4.0,2024-12-30,Magazine along thus program special way beyond determine by.,1
2437,188,739,5.0,2024-04-08,How data ten various strong still change wish local behavior successful full place information front door.,1
2438,93,2405,5.0,2023-03-22,,0
2439,172,1207,,2024-12-12,,0
2440,284,1724,5.0,2022-09-15,Develop himself produce military well lose customer.,1
2441,171,1281,5.0,2022-10-18,Big floor mean reflect agree need bill center help guess begin financial mind possible environmental guy.,1
2442,156,1748,5.0,2023-05-14,Different eight plan world test guess respond.,1
2443,198,1443,4.0,2024-01-03,Home sea poor around maybe several trip again degree able heart.,1
2444,110,341,,2024-11-29,Black mission use according season successful born main give lead gas try.,1
2445,27,1783,3.0,2024-10-15,Understand hope tough list great again husband those positive product purpose traditional physical exist cultural page.,1
2446,289,902,4.0,2022-07-17,,0
2447,149,249,4.0,2023-08-10,Generation Mrs sea PM story police six clearly central about suddenly watch without.,1
2448,171,1630,4.0,2023-07-06,Threat stock himself purpose dinner maintain sell because.,1
2449,240,887,4.0,2022-01-08,Size reveal represent second boy trade very visit front ask fast.,1
2450,172,1595,3.0,2024-01-05,Happy address nice anything certain pay adult interview old figure cultural fire treat effect specific reach.,1
2451,195,1020,3.0,2022-08-23,Effect include behavior west particular not wait end arm miss enough issue father among structure industry.,1
2452,71,2032,4.0,2024-06-02,Fast man six actually community college follow trouble produce bag effort behavior instead.,1
2453,184,1943,5.0,2023-04-16,National traditional get unit man entire all home within.,1
2454,12,2365,5.0,2022-03-29,Pass go near never network knowledge party deep summer sea peace tough ago true.,1
2455,258,1338,5.0,2022-02-05,Clear one prepare wish its board speech sit wall expect everyone impact wall look employee.,1
2456,138,895,5.0,2024-02-18,Staff him former answer end good seat back term though figure some stock of north.,1
2457,123,1643,4.0,2022-07-03,Life administration oil this method build certain general friend strategy economy more.,1
2458,289,1170,3.0,2023-11-29,,0
2459,131,99,5.0,2024-06-18,Focus four action control understand than must important strategy.,1
2460,133,915,4.0,2023-02-16,Mr who technology none take along give morning day.,1
2461,248,1644,5.0,2022-12-24,Sign think sure fund address item despite address provide different apply no month affect scene PM.,1
2462,262,1197,,2023-06-12,Social or receive that ok position same foreign suddenly thing official alone government machine.,1
2463,96,1062,4.0,2024-09-23,Give religious agency job want yes threat easy lawyer its debate.,1
2464,104,1462,4.0,2022-01-10,Early sign understand fish song including interesting fire trip person none.,1
2465,28,1869,4.0,2022-04-01,Say dinner respond despite white way major amount put.,1
2466,109,1665,4.0,2024-11-02,,0
2467,209,2357,4.0,2024-05-05,,0
2468,97,2168,5.0,2023-12-11,Bad project American important share raise wish under enter rate final again large million task change.,1
2469,129,1611,5.0,2024-12-02,Sister know specific natural political security almost government return beautiful billion society civil environmental tend.,1
2470,222,1973,5.0,2023-01-25,See kid rock Democrat economic and design away yet cover avoid general purpose.,1
2471,279,1866,4.0,2022-09-06,Source see central buy board your leave understand color.,1
2472,15,2089,2.0,2022-08-21,Day leave loss social director gas building station food give various that later.,1
2473,236,839,5.0,2022-05-31,,0
2474,76,221,5.0,2023-04-22,Ask best how move or identify discuss PM affect nation.,1
2475,106,2036,4.0,2024-11-09,Thousand environmental nature animal fear property listen save three identify top act morning another question.,1
2476,50,2411,4.0,2023-07-05,Today meet per seem provide example way southern continue money color.,1
2477,106,2375,3.0,2023-08-22,Level energy help until specific leader shake its.,1
2478,289,1284,4.0,2024-06-13,Back nor ready might couple treat several operation cut season.,1
2479,226,2419,3.0,2024-01-14,Figure according director simply politics skin discover.,1
2480,243,1543,2.0,2024-04-28,Born ball experience include oil rise culture real imagine special data doctor road power thousand.,1
2481,230,1293,3.0,2023-02-02,,0
2482,28,1232,3.0,2022-10-09,,0
2483,22,16,5.0,2024-09-05,Player special sit billion away generation debate often half.,1
2484,202,1724,4.0,2024-07-11,Movement alone company customer main impact prepare each financial trial list minute idea choice.,1
2485,171,2473,4.0,2022-01-30,Finally yes line including real economy meeting about reason easy because lose avoid most.,1
2486,173,1036,5.0,2022-11-29,Know plant own music town note walk yet since throughout.,1
2487,200,7,5.0,2023-01-14,,0
2488,171,211,2.0,2024-05-16,Skin position might event occur economic first still instead.,1
2489,138,696,4.0,2024-09-03,,0
2490,100,1871,3.0,2022-11-03,Rock drug whom company just plan sport increase teacher beat it threat story sit city.,1
2491,256,1072,4.0,2023-10-19,Stage home need ask office history also.,1
2492,42,2361,4.0,2022-12-28,Everybody worker support no yet effort join yeah.,1
2493,165,1317,5.0,2023-02-15,Also no serious campaign nature film form control staff.,1
2494,40,516,4.0,2023-04-30,Position news reflect look determine song something learn imagine region wind could then rather political.,1
2495,143,1370,4.0,2023-02-11,,0
2496,50,2267,5.0,2022-08-05,Imagine notice old interview significant factor recently order economy despite.,1
2497,134,134,5.0,2023-05-27,Identify remain push little strong he sit town medical government garden laugh research.,1
2498,56,2176,5.0,2023-04-22,Gun catch participant who measure including movie race source treatment court factor must not coach.,1
2499,184,340,5.0,2023-07-29,Though help example environmental food consumer strategy hope policy choice worry speech community four where new.,1
2500,167,1899,5.0,2022-10-20,Tree service rich while just in shake operation.,1
2501,76,954,4.0,2024-05-14,Development society year risk all degree eight.,1
2502,130,169,1.0,2023-01-14,Church particularly state visit mention heart five build model since big stay leg wonder term summer.,1
2503,78,1935,5.0,2023-06-18,Deal so question dog performance allow put some onto consider top at wait health.,1
2504,294,2113,1.0,2023-02-07,Half little miss defense chance author action trade many security about future.,1
2505,300,1229,5.0,2022-03-24,,0
2506,71,1337,5.0,2022-08-14,The front fire decision response several study break.,1
2507,74,2034,5.0,2023-08-21,Identify single second up stock impact wind purpose at garden work key image source clearly.,1
2508,70,2459,3.0,2023-02-06,Really heavy leg operation member fall discover real these hit people.,1
2509,132,797,4.0,2022-10-09,Foreign forward society enjoy size his course simple Congress again create that national spend.,1
2510,63,636,4.0,2023-04-26,,0
2511,114,211,5.0,2022-03-07,,0
2512,218,1455,4.0,2024-02-17,Part open itself hundred rise national sit visit spend boy letter.,1
2513,181,395,4.0,2023-02-17,Military already blue police cover wonder visit money employee black soon hospital.,1
2514,204,953,5.0,2023-11-20,,0
2515,151,2402,3.0,2023-01-19,They term partner tend citizen score parent these over reach family want audience clear social.,1
2516,108,1638,2.0,2024-08-13,Year require form keep particularly air American control husband sit system.,1
2517,219,1203,5.0,2024-03-14,Magazine voice arm political wait give tell window kind available race board skin expect door.,1
2518,284,1031,3.0,2022-10-21,Lay west you paper source prevent popular sea rest car that him design bag.,1
2519,242,1823,5.0,2023-10-06,Likely foreign later word speak air painting free prove two Mrs person reach.,1
2520,59,2070,3.0,2022-10-20,Data understand more help onto idea everything building push hit especially.,1
2521,94,2075,5.0,2023-05-16,Minute subject page on owner account she million discussion tree would father much dream once.,1
2522,214,1793,4.0,2022-12-06,Experience apply example fact letter control apply case feel gas character night as own education still.,1
2523,5,386,4.0,2023-02-27,Near everyone area fish bed party particularly use high.,1
2524,283,849,4.0,2022-05-08,,0
2525,69,1813,1.0,2022-04-20,Dream national word wait all fire model.,1
2526,222,786,3.0,2022-05-02,Participant boy tough nice position movement lose a rest group blood office public democratic sort physical.,1
2527,107,369,4.0,2022-08-22,Hour we study us yourself long sign significant special sport begin word.,1
2528,80,692,4.0,2023-09-18,Attack idea image room same surface in identify discussion difficult no debate move drop.,1
2529,175,1025,3.0,2023-11-23,,0
2530,238,1677,5.0,2023-04-06,Central son candidate range past instead agree education however speak.,1
2531,296,602,5.0,2024-07-04,,0
2532,175,420,5.0,2022-06-19,Note laugh sing different father white sort stage whole power expert.,1
2533,277,1314,5.0,2024-08-06,,0
2534,54,549,4.0,2023-10-25,,0
2535,194,1805,5.0,2023-01-29,,0
2536,108,1401,4.0,2024-08-31,Board let color toward present summer red tell past.,1
2537,294,1292,3.0,2023-01-03,Truth clear across age purpose clear affect early history ago plan.,1
2538,218,858,2.0,2022-01-04,,0
2539,153,2146,4.0,2024-08-21,Modern people out although bag college despite become town card feel wear throughout.,1
2540,232,769,5.0,2023-12-25,,0
2541,7,800,4.0,2022-01-14,Until PM force ready receive certainly institution individual suffer.,1
2542,2,674,4.0,2024-09-02,Lose sport rock success sea culture drop dream forget.,1
2543,32,915,5.0,2024-07-25,Financial choice behavior environment someone language white base than response war this subject trial side apply.,1
2544,177,700,3.0,2022-12-30,Example add back film player visit yard thousand property point happy cell eight.,1
2545,131,685,5.0,2022-07-25,Hard throw gun involve as stand song detail service exactly without lawyer community.,1
2546,12,1481,5.0,2024-11-19,,0
2547,288,1558,5.0,2024-06-17,Few appear their want send pay relate member own throughout quickly.,1
2548,281,2368,3.0,2023-06-22,Word fund spring energy conference picture who involve stop mouth tell south.,1
2549,271,527,2.0,2022-01-11,Market wrong be serve site yourself exist.,1
2550,285,170,5.0,2023-06-04,Somebody suggest each share simple leg event because thank fish hear theory those catch.,1
2551,104,1964,4.0,2023-10-03,Appear generation value shoulder individual goal capital husband age physical issue.,1
2552,293,936,5.0,2023-07-20,Person site give option despite keep foreign so.,1
2553,191,2062,4.0,2023-07-21,,0
2554,212,913,4.0,2022-11-17,Budget movement her direction shake site even street campaign administration.,1
2555,282,467,3.0,2024-05-23,Effect admit once close treat senior blue great understand what nice drug.,1
2556,188,1043,5.0,2024-03-05,Range ok support dream even room plan watch second city home agent.,1
2557,118,1003,5.0,2024-04-15,Race shoulder happy get up yeah standard thousand feeling marriage his generation.,1
2558,212,1490,3.0,2023-01-29,,0
2559,294,271,5.0,2022-03-01,National detail worker director drug oil eye author official go wife mean government.,1
2560,23,1536,4.0,2024-01-06,Natural most cost thing vote address suffer future conference than meeting page million.,1
2561,152,1427,4.0,2024-09-23,Radio author owner it guess poor tax.,1
2562,228,1223,5.0,2024-07-07,Factor sense play rule strategy send game information protect quickly help life time treatment language.,1
2563,212,552,5.0,2022-08-04,,0
2564,180,1309,5.0,2022-02-13,Southern medical ground later foreign some need all car magazine though production camera edge soldier.,1
2565,122,1806,4.0,2022-11-04,Treat though wonder decade again human employee mouth lose manager pass among fear some station single.,1
2566,95,778,3.0,2024-10-14,Radio dog big low training present see.,1
2567,214,97,5.0,2023-10-22,,0
2568,203,1856,4.0,2023-01-24,Building Congress serious serious major conference race.,1
2569,106,1613,5.0,2022-05-04,Same peace picture until throw bar police word.,1
2570,19,2280,3.0,2022-12-16,Production ever at ahead reason detail consumer game happen write religious myself blood.,1
2571,245,1683,4.0,2023-12-02,Activity accept say bag tend determine bed citizen notice another.,1
2572,235,1970,5.0,2023-08-10,Far southern himself help receive decision also help sort chance tax dog huge cell.,1
2573,17,1747,5.0,2023-11-03,Surface feel student edge exactly break herself so article.,1
2574,139,1752,3.0,2022-03-05,Where down traditional more those clearly eight myself always learn south agent produce likely.,1
2575,284,2113,4.0,2023-08-24,Result risk pretty lay same should even point question science much have series last again.,1
2576,89,2016,1.0,2024-02-21,South different pick that floor open road evidence majority owner.,1
2577,176,1651,5.0,2023-04-15,,0
2578,175,854,5.0,2023-08-27,Street again on peace peace stuff design station.,1
2579,27,869,5.0,2024-06-16,More music table fire describe amount above firm degree enough deep enough stand company.,1
2580,271,1299,4.0,2023-09-22,,0
2581,62,286,2.0,2023-10-18,Support able child well light front land dark remember pattern source smile become interesting.,1
2582,52,304,4.0,2023-04-09,Cause ball likely stand star play apply successful give clearly listen when word what rate.,1
2583,211,2152,4.0,2024-12-24,Name trade situation security election value successful.,1
2584,275,311,3.0,2023-01-13,Movement reality require thing bad coach happen.,1
2585,66,1575,5.0,2022-03-23,,0
2586,232,1961,5.0,2022-04-19,,0
2587,198,354,4.0,2022-05-05,Few reduce discuss huge five stock less.,1
2588,275,2314,4.0,2023-08-23,Camera beyond knowledge reduce might a most believe worker process law indeed investment do.,1
2589,215,620,5.0,2023-01-01,Campaign free usually low stock later authority later according house improve population.,1
2590,239,2186,5.0,2023-05-19,Information scene film fact though glass parent financial near friend player.,1
2591,64,491,4.0,2022-04-30,,0
2592,168,1518,5.0,2024-08-04,With garden fish know here on now reason response specific determine.,1
2593,22,135,5.0,2023-04-26,Hear hold too alone rise wind practice prevent science air enter right think good position.,1
2594,152,1695,4.0,2023-07-20,Quickly somebody specific go yet best particular here.,1
2595,90,774,5.0,2022-10-25,Scene cell around film treat character response industry reduce guess who part relate rather pick discover.,1
2596,117,1878,5.0,2024-05-19,Similar before call series raise often win top admit continue same meeting fly receive.,1
2597,15,16,5.0,2022-01-07,,0
2598,154,1070,2.0,2023-04-04,Huge product social cover wife offer around walk police democratic use ever note.,1
2599,192,2081,4.0,2023-08-27,Economic itself article you mission kitchen pick serious TV expect certain top end.,1
2600,154,354,5.0,2024-05-08,Less certain song make face after imagine matter candidate policy cause month role.,1
2601,280,1005,4.0,2023-05-31,Low page wear common summer bit public nice operation news give moment child cause live.,1
2602,230,763,4.0,2023-11-09,Development technology cost miss candidate shoulder subject treatment hotel I.,1
2603,83,1206,3.0,2023-03-22,According something performance window score end would interesting resource sure can.,1
2604,297,1334,3.0,2022-08-19,Suddenly husband sometimes vote boy or at have leave easy reach century network.,1
2605,189,1219,3.0,2022-05-31,,0
2606,297,2237,4.0,2023-12-03,Employee lawyer Republican street according age south keep raise remember western machine.,1
2607,62,1745,5.0,2023-09-13,Fine least fear difficult project budget lay another movie dog glass experience computer.,1
2608,3,480,5.0,2022-09-23,Turn gun expert well serious Mr hit administration country.,1
2609,217,1862,4.0,2024-05-20,Southern finally maintain record good imagine southern better population official body pressure.,1
2610,209,2300,4.0,2022-10-21,Purpose leg develop political quite bag college officer standard dog source.,1
2611,12,2086,5.0,2022-01-25,Economy nice time account between learn available though woman recently trip history maybe full still.,1
2612,189,513,5.0,2023-05-27,Above opportunity race example maintain travel education treatment ability court soldier wife series organization civil not.,1
2613,217,621,1.0,2022-11-26,Television end best pay home new far.,1
2614,129,366,4.0,2023-08-22,Reason each inside focus start policy never whom modern.,1
2615,102,365,4.0,2024-10-21,Draw these floor condition increase would never half myself.,1
2616,258,302,4.0,2023-04-14,Television shoulder memory according easy a until lay child.,1
2617,29,1718,3.0,2023-04-12,Tend save picture skill pretty phone anything sense course lawyer article teach artist.,1
2618,74,1432,5.0,2024-09-12,,0
2619,89,377,3.0,2022-05-19,,0
2620,8,752,1.0,2024-03-14,Number color coach their opportunity her positive cold hand attorney surface recent wish.,1
2621,122,223,5.0,2024-08-18,Arrive able single thus lawyer care production story reason final start choice next describe Mrs.,1
2622,54,1710,2.0,2024-08-25,,0
2623,101,1874,4.0,2024-07-24,Fill cold think customer old time star maintain pretty past.,1
2624,39,542,5.0,2022-10-27,Participant apply cell similar discover dream guy modern give suddenly chance middle.,1
2625,228,1955,5.0,2024-01-20,Energy pressure positive staff best itself production ago fly travel.,1
2626,173,107,5.0,2022-03-05,Hand affect player only beat rest own serve wonder themselves teach various fear investment.,1
2627,206,2210,,2023-10-18,,0
2628,179,416,4.0,2022-04-01,,0
2629,136,190,1.0,2022-12-25,Foreign probably present cost other trouble past room benefit foreign enjoy must special none pattern.,1
2630,215,530,3.0,2022-02-08,List class evidence situation feeling school establish either success.,1
2631,205,2290,5.0,2024-09-29,Than inside need sister wife get music against those prevent would stock newspaper product green.,1
2632,203,1193,5.0,2024-10-24,Ball tough expect decision several professor focus.,1
2633,299,2265,3.0,2022-10-15,Rate price pay form yes toward service their instead agency reach environmental.,1
2634,138,703,4.0,2023-03-31,Rock ability fund president book sister herself charge region fall population raise six question above win.,1
2635,84,1917,5.0,2024-07-26,Break realize hotel prepare tough final especially interesting perform growth which ready.,1
2636,293,2377,5.0,2024-07-08,Study mouth machine leader drug today approach rather defense.,1
2637,285,1113,4.0,2023-08-01,Car Mr ahead peace teach purpose already real individual environment least physical push.,1
2638,75,955,4.0,2024-01-20,Add enough simple animal child crime firm test live general eat worker step yeah.,1
2639,143,2171,3.0,2022-08-31,Us support her whatever growth ground catch meeting newspaper.,1
2640,88,605,4.0,2023-07-14,Theory growth right international his worry may modern price finally win list difference.,1
2641,68,1742,5.0,2024-01-16,Approach gas end political future economic experience.,1
2642,270,710,2.0,2022-02-27,Meeting carry enter phone meet explain accept stand ready find along project history share lot into.,1
2643,43,1757,5.0,2023-05-27,Possible table mission opportunity possible cup population talk hair pattern for evidence.,1
2644,203,1449,5.0,2022-08-13,Offer voice professor east use charge baby property least.,1
2645,112,307,5.0,2023-12-27,,0
2646,183,1607,5.0,2024-06-17,Responsibility ball accept blue really kid six family stand here stop nation will tend.,1
2647,159,1218,5.0,2022-05-27,Forward choice between election range of even education page wide figure lose recently might old.,1
2648,292,1858,2.0,2022-02-02,,0
2649,171,2120,1.0,2023-08-13,Individual hospital say red money lose least film road model argue fall ball peace.,1
2650,293,1874,4.0,2024-07-10,Class attack reason student save policy agree fly professional care information have.,1
2651,299,1370,5.0,2022-01-18,Federal cause physical son sell few from happen several wall interest fly north style.,1
2652,168,2178,5.0,2023-01-01,Indeed bed alone million late decide sit reason drop.,1
2653,295,949,5.0,2022-08-24,,0
2654,177,1439,,2024-10-08,Try board say share writer foreign response cut specific realize argue see eye five matter true.,1
2655,192,2448,5.0,2023-02-03,Year specific let sign four travel executive by start cut many area day.,1
2656,86,1895,4.0,2022-04-28,,0
2657,179,2491,2.0,2023-03-18,Eight total almost modern avoid while able place machine discussion father debate evidence indeed.,1
2658,232,2107,4.0,2024-04-01,,0
2659,246,1451,5.0,2023-04-19,Power whom section wife decade right huge available idea.,1
2660,100,2331,5.0,2024-09-17,Or natural wall also commercial character growth reveal because.,1
2661,48,1285,5.0,2023-04-15,Water take believe candidate cup high medical analysis room some.,1
2662,265,1404,5.0,2022-01-11,,0
2663,184,1362,5.0,2024-09-27,,0
2664,26,1465,5.0,2023-03-29,Movie college anything third center reveal early expert like theory either.,1
2665,213,1274,4.0,2024-09-17,Until usually sort to animal if baby break difficult admit entire pretty.,1
2666,247,953,5.0,2024-03-11,Career hair play cultural appear man sell industry some woman professor despite hand group dream have.,1
2667,137,323,5.0,2024-01-31,As show news third partner sing father so oil amount them respond major where stay.,1
2668,15,1872,2.0,2024-10-07,Traditional about perhaps same call picture a purpose act edge.,1
2669,220,412,5.0,2023-01-06,Ago lawyer fire four quickly hot site middle she plant section population.,1
2670,83,1679,5.0,2023-10-28,,0
2671,67,2230,5.0,2022-09-08,Movement however opportunity tend see Republican clearly college consider edge adult human.,1
2672,225,698,4.0,2024-07-30,Off test step system light suffer school east.,1
2673,100,2214,1.0,2023-08-21,Future bad public sort suddenly word chair any student natural.,1
2674,100,438,4.0,2023-03-02,,0
2675,54,1909,4.0,2024-06-29,,0
2676,162,1121,4.0,2023-01-28,Card certain citizen in task will building ability.,1
2677,144,196,4.0,2024-03-08,Player upon fear certainly scene choose expert against discuss.,1
2678,164,963,5.0,2024-11-07,Similar argue agree course language voice commercial process claim.,1
2679,173,2176,3.0,2024-12-14,Four political structure note research do discover class follow herself.,1
2680,23,1191,2.0,2024-04-05,Young contain exactly say mind impact major heart argue should send together other lawyer.,1
2681,166,902,5.0,2022-03-15,,0
2682,130,2104,4.0,2022-02-07,Value democratic attorney every necessary a let our hot to down area magazine could business wide.,1
2683,104,295,5.0,2023-12-07,Like right instead majority usually sit investment onto factor speech protect occur remain.,1
2684,11,675,4.0,2024-12-03,,0
2685,134,1101,3.0,2022-04-25,,0
2686,115,1839,4.0,2024-12-02,Crime risk consumer feeling watch choose evidence coach civil control civil morning development miss.,1
2687,100,1229,2.0,2022-05-29,Culture voice foot return design over agreement certain.,1
2688,285,204,5.0,2023-07-19,,0
2689,76,2171,3.0,2022-12-02,Sign technology fact would surface there reach.,1
2690,139,1922,5.0,2024-10-13,,0
2691,18,1725,4.0,2022-07-09,Federal commercial full civil opportunity choice specific hold push mission station.,1
2692,9,418,3.0,2022-06-09,,0
2693,281,673,4.0,2022-11-12,Determine relationship toward recently give evidence training reason party country poor learn both type teacher.,1
2694,4,2038,5.0,2024-03-07,,0
2695,30,358,1.0,2023-02-25,,0
2696,196,2380,1.0,2022-03-07,Standard road upon doctor resource land popular old skin bag town unit against drug allow.,1
2697,174,756,4.0,2022-07-06,Future lot now arrive record continue speak local different scientist race.,1
2698,12,1994,5.0,2023-06-10,Accept above instead thousand newspaper owner field.,1
2699,212,2351,4.0,2023-05-04,Hour lead letter picture glass sea better natural science west herself.,1
2700,91,628,5.0,2024-07-10,Among point herself carry stuff leader voice very a common standard quality.,1
2701,38,1903,5.0,2024-07-23,Sort play religious throughout billion book property throughout them great improve president.,1
2702,149,834,5.0,2022-04-01,Central process knowledge to medical skill value still.,1
2703,152,1630,5.0,2023-04-19,School nothing few along customer start color.,1
2704,278,55,3.0,2023-10-28,Success foot cup resource age floor sure run cell impact attack.,1
2705,123,2479,5.0,2022-02-02,Fear around program thus short strategy long generation threat represent.,1
2706,287,1698,2.0,2024-06-28,Some amount assume put very move practice air trial say.,1
2707,211,1054,5.0,2023-10-08,Risk way section control yard clear teacher I only example.,1
2708,36,1060,5.0,2023-01-19,Less itself practice property fact clear including view do level probably air model same rule.,1
2709,168,2136,5.0,2022-10-04,Board family stuff face sign head paper.,1
2710,81,958,2.0,2022-10-19,Wall bit school lot respond present agent eight attorney area why.,1
2711,186,1126,4.0,2024-10-17,Keep recognize reach rule south true common air.,1
2712,239,2081,3.0,2023-04-23,Over administration whatever eye thousand beat available learn provide ever whose avoid song have act.,1
2713,132,343,3.0,2022-01-08,Hair mission lay first hit address issue whom.,1
2714,95,887,3.0,2024-08-11,Positive environment enter direction visit forward again go entire capital leader appear.,1
2715,287,1814,5.0,2022-12-31,Assume sing music boy who business bad remember company.,1
2716,261,1503,5.0,2022-12-28,Suffer eight seem pattern enjoy along bit tax white action effort recently material water.,1
2717,243,1901,4.0,2023-04-14,,0
2718,207,125,5.0,2024-05-11,,0
2719,37,481,5.0,2023-12-21,Democratic support along customer to cost according certain safe nation write fly.,1
2720,128,97,4.0,2023-04-05,,0
2721,186,2205,4.0,2024-05-20,Feel after military rest alone particular purpose campaign she.,1
2722,17,1791,5.0,2022-02-27,Spend imagine between address us save party down avoid the.,1
2723,189,1335,2.0,2022-09-11,Want relate especially arrive specific particularly measure clearly.,1
2724,87,240,2.0,2023-10-26,,0
2725,19,1507,4.0,2022-07-09,Later religious yes onto product suddenly poor might language together run friend option tough performance song.,1
2726,4,297,5.0,2022-05-16,,0
2727,263,1580,5.0,2023-11-05,Player fear former analysis if end community drug view item organization.,1
2728,36,1188,1.0,2022-09-03,Style thus nature these also audience she not role recognize life standard country.,1
2729,59,123,5.0,2023-09-16,,0
2730,113,2068,4.0,2024-09-07,Manage marriage might production lay medical activity able reality care whether me society.,1
2731,264,1192,5.0,2023-07-17,Bar reason though course seven year lawyer condition no public social history.,1
2732,3,22,4.0,2024-03-14,Poor administration land window character speech foot bring cell popular them around radio.,1
2733,164,1336,3.0,2022-08-05,Week institution book beautiful who never ability dream agree nothing probably public yourself.,1
2734,215,1417,1.0,2022-12-08,Together describe include simple individual thousand deal staff other wife analysis hospital identify.,1
2735,275,2464,4.0,2022-02-15,Into society future after population possible fund TV quickly apply design indicate perform guess.,1
2736,226,204,4.0,2023-05-20,Seven stop goal wish he issue far son one see simple such end individual hotel head.,1
2737,274,2013,4.0,2022-02-22,Other seem once why key begin brother piece body.,1
2738,189,79,5.0,2022-10-14,Particularly Mr including miss particular down study behavior kind nor western.,1
2739,25,2476,5.0,2022-04-15,Wind short itself four age really property American.,1
2740,83,570,5.0,2022-05-21,Stay fund that scene black stand great vote teacher throw.,1
2741,151,61,4.0,2022-01-29,Focus respond easy next along cup on defense many new kind growth how week table sign.,1
2742,60,1893,5.0,2024-05-27,Wall thousand eat product wonder management dark value market million color leader.,1
2743,201,2200,4.0,2024-10-26,Several resource debate music task break eat.,1
2744,223,1293,3.0,2022-04-28,Soon accept charge dream trade spend if others pass.,1
2745,163,1983,4.0,2022-04-01,Less major minute southern government though human none material how fine time answer development operation.,1
2746,43,2214,5.0,2023-07-16,Response its positive by college letter style know it affect environmental possible tax.,1
2747,39,2301,3.0,2024-02-24,,0
2748,221,1147,4.0,2024-07-15,,0
2749,108,871,5.0,2023-08-20,College high second conference power surface include.,1
2750,27,1817,5.0,2023-06-14,Once total religious onto him medical husband economic within office describe court.,1
2751,33,32,5.0,2022-12-11,Last ever couple paper as amount do family kid base police field difference respond different put.,1
2752,216,1461,5.0,2023-08-07,Tough help popular already wide artist forget fund sing life fill hot democratic.,1
2753,184,1600,4.0,2024-04-18,Resource president conference occur actually experience order politics Mr someone church dark human wear bad.,1
2754,5,1382,3.0,2022-01-03,Smile today civil sense interview idea above mission.,1
2755,106,25,3.0,2023-04-14,Important become her throughout them media perform maybe civil financial same suggest guess capital office news.,1
2756,285,842,,2022-02-06,Economy police among probably return personal adult discussion off human money toward.,1
2757,270,2288,2.0,2023-04-05,,0
2758,28,147,5.0,2023-05-15,Help way hope sense model your family most you case represent.,1
2759,12,2007,4.0,2022-11-18,Write consumer new throughout tend general very against admit throughout something bit.,1
2760,99,2345,3.0,2022-05-15,,0
2761,35,2045,2.0,2023-05-15,Somebody relationship receive might want away artist.,1
2762,81,747,5.0,2023-03-22,Treatment draw you speak audience paper chance yeah season get.,1
2763,224,2119,3.0,2024-01-28,Meet current many minute fight man town film.,1
2764,263,1999,3.0,2023-09-11,,0
2765,142,42,4.0,2023-06-01,Age sort final money card star organization step arrive represent area meet.,1
2766,48,2157,3.0,2023-03-25,,0
2767,136,314,5.0,2023-05-15,Land four a since couple seek machine traditional PM throughout himself arrive detail teach.,1
2768,241,1329,5.0,2022-10-29,Describe home especially will line be green stock store same.,1
2769,95,35,2.0,2023-09-03,Past join remember political meet show somebody choose record.,1
2770,51,1762,5.0,2023-07-21,Indicate nation away month receive race season listen art hit.,1
2771,275,510,4.0,2024-06-30,,0
2772,137,1246,4.0,2023-09-14,That hospital bag prove she other fill together art stay open.,1
2773,146,37,2.0,2023-04-12,Include member dark support form over TV stock land economic southern news.,1
2774,92,1006,5.0,2024-10-05,Long foreign a difference voice likely building general though later probably according campaign positive.,1
2775,162,2476,3.0,2024-12-07,Industry green spend sign who Congress development property long.,1
2776,227,1429,4.0,2023-05-19,Condition have edge purpose election doctor figure plant member would occur painting guess.,1
2777,52,1050,4.0,2023-12-30,Forget human fear voice Congress any official just forward those manager huge.,1
2778,264,1413,5.0,2023-12-26,,0
2779,230,1394,5.0,2023-09-07,,0
2780,279,612,4.0,2024-08-16,,0
2781,276,1326,5.0,2024-04-05,Then recognize particular without remain whom attention no pretty his reality parent strong artist.,1
2782,48,372,4.0,2022-05-16,Memory former reveal term mind artist then show military even.,1
2783,297,645,1.0,2024-11-10,Different capital on ready letter response near financial their computer exactly.,1
2784,49,2303,4.0,2023-10-20,,0
2785,91,18,5.0,2024-05-03,Past yet employee thought share feeling interesting modern reflect.,1
2786,250,2145,4.0,2022-11-25,,0
2787,83,806,5.0,2024-11-20,Per whatever player another Republican hundred thousand subject visit company close keep let born knowledge lay.,1
2788,55,441,5.0,2024-07-15,Site Mr game image stuff idea assume major her list beat score reveal culture.,1
2789,186,1370,4.0,2024-12-01,After policy democratic away real bring interesting term responsibility interest financial.,1
2790,42,1306,5.0,2024-04-07,Pay nation rich poor it they hotel very away catch find notice pick.,1
2791,114,461,4.0,2023-09-09,,0
2792,43,2477,5.0,2024-12-07,Call management present threat need key would lay hotel.,1
2793,197,8,1.0,2024-08-15,Begin environment program grow particular free Mr reality court firm character me wonder.,1
2794,51,419,1.0,2024-05-21,Size country serve development kid economy especially.,1
2795,56,206,4.0,2023-10-04,Long the series who generation fire yeah tax we newspaper step.,1
2796,149,1732,4.0,2023-04-30,Base begin page ability state itself line into property culture that decide.,1
2797,255,114,5.0,2023-01-27,Top fear during cultural hundred fast give write talk which each reason scene.,1
2798,172,496,4.0,2022-10-01,Spring because beyond front feel idea foreign task attorney.,1
2799,196,30,3.0,2023-06-20,,0
2800,169,21,5.0,2023-04-10,Open painting support several series likely discussion reflect lose growth mouth rise hard cultural American together.,1
2801,254,1651,4.0,2022-09-29,Form he source ten size themselves pattern middle sound win.,1
2802,148,1087,1.0,2022-11-29,,0
2803,113,954,5.0,2024-09-28,May dog plan strategy work find finally often then air identify west seem.,1
2804,263,139,4.0,2022-03-18,Teacher seven north plant help report age cell yeah family pattern tell series.,1
2805,221,1245,5.0,2022-12-01,Pass company land whatever politics social game issue.,1
2806,114,465,1.0,2022-06-25,Must college office scene me care budget catch adult memory rich past court series.,1
2807,22,1615,5.0,2024-03-09,They true bit thousand sit week quality happen glass fear worker bad next sell rich with.,1
2808,179,1115,5.0,2022-07-18,Alone down financial whom air ten force work establish information admit sound shoulder budget than.,1
2809,83,2086,4.0,2023-08-09,Deep drive a group energy control save blue travel general off.,1
2810,300,863,5.0,2023-03-16,Place pretty perhaps official serve listen save blue her yard those son another ten dog fall.,1
2811,7,213,4.0,2023-09-24,Poor first record can training step within few play skill agent now agree there.,1
2812,230,373,4.0,2022-03-21,Inside mind blue bank throw station describe score.,1
2813,229,1107,5.0,2022-03-10,,0
2814,220,1913,5.0,2024-12-13,Perhaps factor part hair suddenly crime environment.,1
2815,182,1506,4.0,2023-01-24,Manage call able on almost bring cultural cut piece window ahead determine some gas it common.,1
2816,34,1554,1.0,2024-07-12,,0
2817,161,716,5.0,2022-03-16,Quality young national teach positive read why admit son yes many.,1
2818,195,1968,5.0,2022-03-07,In necessary red follow word best identify rule clear executive successful.,1
2819,159,1816,4.0,2022-07-23,,0
2820,131,927,4.0,2023-04-14,Series public site between treatment not hard note phone doctor popular often really sport.,1
2821,2,2286,3.0,2023-06-15,,0
2822,196,1154,4.0,2023-08-16,Marriage reach person question growth authority medical strategy put sure her themselves amount.,1
2823,272,1386,3.0,2024-04-22,,0
2824,206,1926,1.0,2022-07-20,Paper certain add you method produce only central similar skin.,1
2825,28,511,5.0,2023-02-07,Machine so participant standard name court agency laugh deal bar appear whose.,1
2826,79,379,4.0,2022-07-22,Important politics figure great reality lead minute water back country window reveal give president under.,1
2827,299,537,3.0,2023-05-11,Floor season network drug suddenly hit management.,1
2828,239,1239,5.0,2022-02-20,Able why method group rock board sure.,1
2829,63,160,4.0,2022-03-06,,0
2830,63,528,5.0,2023-06-06,Radio program media billion themselves old question close force.,1
2831,187,488,4.0,2024-02-01,,0
2832,27,997,4.0,2023-11-08,Record history follow guess bad especially view production respond realize.,1
2833,241,2053,5.0,2023-11-27,My article treat around course can four open blue south body benefit surface middle doctor.,1
2834,55,2031,3.0,2024-08-19,,0
2835,214,2212,5.0,2022-03-27,Seek also image garden serious use in baby but stand include.,1
2836,28,398,5.0,2023-10-17,Fear because reflect PM ability ask report despite receive but lawyer stay front happy would.,1
2837,252,2319,3.0,2023-09-22,Town cost nature positive worker court measure between drive example through compare measure seek.,1
2838,184,695,5.0,2023-08-11,Production poor finish current purpose teacher number political garden party account.,1
2839,53,409,5.0,2024-12-11,Class political job discuss charge weight man beat record make level.,1
2840,145,727,4.0,2022-05-16,Well strategy head bag whatever glass leave thank meeting.,1
2841,99,347,4.0,2022-01-31,,0
2842,76,483,3.0,2023-10-02,Health from necessary or responsibility so cold interest.,1
2843,41,1554,3.0,2022-10-31,Phone cell benefit cup necessary center since look poor commercial.,1
2844,112,66,5.0,2023-09-08,Arrive class through pay poor learn common fire blood possible rest certainly fine friend make.,1
2845,160,54,4.0,2024-11-29,,0
2846,285,1169,3.0,2023-01-16,Would each fact when tell case health art.,1
2847,170,2418,3.0,2024-03-20,This exactly assume administration break decision example few.,1
2848,134,1643,3.0,2023-05-17,Continue example let long question quality who he professional pay school.,1
2849,182,1933,4.0,2023-02-25,Whole age produce into scientist nor human various list on whom view receive goal.,1
2850,95,2238,3.0,2024-07-22,Job sister back deep address language its face performance later red religious couple north media watch.,1
2851,27,1826,3.0,2024-08-18,Both black tell material answer we green contain animal at this small low.,1
2852,147,1565,3.0,2023-03-20,,0
2853,148,497,5.0,2022-02-19,Rule central what hard now development power.,1
2854,135,1287,5.0,2023-10-10,Decision necessary space discussion born time wear issue image.,1
2855,290,837,3.0,2022-06-27,They likely question treat including main maintain born you southern oil today social brother management total.,1
2856,106,289,4.0,2022-10-14,,0
2857,121,1398,3.0,2023-01-18,,0
2858,147,2083,5.0,2023-08-07,Dream art culture brother positive very middle action I.,1
2859,144,2332,5.0,2024-09-24,Decision thank rich few someone Mrs woman represent scientist.,1
2860,43,1815,4.0,2024-10-01,,0
2861,97,803,4.0,2023-07-21,Land speech left necessary get ago prove ground really phone.,1
2862,274,2094,5.0,2024-09-29,Threat standard marriage election fill any choose maintain.,1
2863,147,599,5.0,2024-12-19,,0
2864,185,1949,3.0,2022-04-26,Similar own color fill discuss parent daughter hope whatever expert much.,1
2865,137,99,1.0,2022-10-11,Skill same bring Mrs away attack collection majority key detail statement less open.,1
2866,58,1746,4.0,2024-05-21,Win scientist heart by time reality drug plant bill might sort mind fish.,1
2867,178,536,2.0,2022-09-05,Force expect standard social everyone should plan gas just lead southern rich over rest.,1
2868,60,817,5.0,2022-03-08,,0
2869,101,626,4.0,2023-07-18,Throw politics strategy piece health why agree after machine billion up bit likely which.,1
2870,99,1576,5.0,2024-06-23,Compare point offer never high real election happen garden position phone force study marriage eye mother.,1
2871,300,2003,5.0,2022-10-21,Fly type idea tree service see democratic film measure career child continue anything.,1
2872,12,1880,3.0,2023-04-27,About fall number among class future research west.,1
2873,246,1209,4.0,2023-08-14,Right message information performance later discussion color almost.,1
2874,186,1749,5.0,2022-02-24,Draw claim bring of hope style performance smile arrive run institution girl however nothing travel.,1
2875,139,1378,3.0,2022-08-30,Pull should from must effect prove call however.,1
2876,167,1147,3.0,2024-09-01,Trade authority town agree almost thousand color Mrs heart identify alone around smile century watch benefit.,1
2877,285,1632,3.0,2024-07-25,Build white letter buy heavy opportunity condition office agree mission government ball.,1
2878,277,1301,4.0,2023-12-05,,0
2879,163,1908,3.0,2024-05-12,Quickly deep together conference manager another expert bad range use leader.,1
2880,98,234,5.0,2023-10-20,Century level pay we that tree not safe main.,1
2881,96,1329,5.0,2024-02-11,Clearly road almost main hot though political property morning western town.,1
2882,30,1142,4.0,2022-03-11,Arm billion southern almost glass reach oil war morning hair whole challenge let friend especially.,1
2883,197,386,4.0,2022-12-16,Soon huge drug cost everything race human economy alone such unit require individual how season.,1
2884,75,156,5.0,2024-09-02,Piece candidate one cultural onto light car thousand fear herself scientist partner.,1
2885,102,230,4.0,2022-02-26,Find protect authority chance particularly interview serious.,1
2886,292,2406,4.0,2023-02-23,Enjoy bar security serious enter majority term cold produce learn these form.,1
2887,144,657,5.0,2024-09-18,,0
2888,136,1122,5.0,2024-12-28,Focus sing story down later cost send however environmental for.,1
2889,29,287,5.0,2024-04-25,Act Mr today ground beat one all identify sell rule compare control identify.,1
2890,40,1414,5.0,2024-04-25,Author break sport meet box girl represent race condition whose baby others want several candidate summer.,1
2891,119,685,5.0,2024-08-08,Under east either necessary form technology whom hope majority.,1
2892,285,592,5.0,2024-04-10,,0
2893,185,589,3.0,2023-12-27,Quickly class prove television upon subject together minute television dog item matter.,1
2894,278,710,4.0,2022-11-06,Describe young executive message run sort line design sure both street office system increase image.,1
2895,66,683,,2023-07-17,Age war loss hard from anything anyone speech machine half pattern reality probably administration like.,1
2896,145,1600,3.0,2022-04-17,,0
2897,66,413,5.0,2022-11-22,Peace night dog develop soon enter radio.,1
2898,6,856,3.0,2024-01-07,,0
2899,264,656,4.0,2024-12-27,,0
2900,287,1772,3.0,2023-09-15,Source eye station material notice official piece rate writer reflect.,1
2901,266,1848,4.0,2023-11-16,Everything number employee material indicate then particularly rock set vote room the member center finally quickly.,1
2902,20,2484,4.0,2023-03-15,Sometimes middle site pay generation maybe piece project turn.,1
2903,14,1334,4.0,2023-01-29,Agent son standard air move rich enjoy person discuss rich join yet sing forget.,1
2904,245,757,1.0,2022-06-01,Control grow else hope discussion card region relationship conference.,1
2905,202,988,5.0,2023-07-18,,0
2906,176,156,2.0,2024-02-01,Big firm give certainly anyone benefit peace official since.,1
2907,56,1719,5.0,2024-10-25,,0
2908,63,61,5.0,2024-08-18,Note traditional effect benefit relate house spring writer sit.,1
2909,264,1602,1.0,2024-12-08,Above human simple fast or foot blood current interesting spend above save game.,1
2910,171,705,4.0,2023-11-11,,0
2911,2,2342,4.0,2022-12-12,Food chance offer house fight where assume quite mention defense to probably law cover.,1
2912,125,2346,4.0,2022-02-07,Budget report Mr wind form half approach improve design oil professor meet you skin wide.,1
2913,202,2462,3.0,2023-10-01,Think thank possible guess per voice oil walk others your include kind article contain.,1
2914,14,1373,4.0,2024-02-25,Her work occur of sometimes rather suggest doctor project scene.,1
2915,187,1042,5.0,2024-12-22,Thought edge choice parent surface choice culture marriage light even.,1
2916,104,314,4.0,2023-01-10,,0
2917,224,389,5.0,2024-08-18,Challenge certain tax quite capital population special soldier success court message.,1
2918,258,1597,4.0,2024-09-02,Agreement discussion kitchen billion force all computer up music rock force media day collection big.,1
2919,288,2478,5.0,2022-10-25,Finish save follow whole fish interview cut public far different recent.,1
2920,190,1187,4.0,2023-01-14,Painting white whom throw herself upon crime give.,1
2921,1,207,5.0,2023-10-10,Physical reduce the tend deep view plant war coach few machine improve number cell.,1
2922,75,2226,5.0,2022-11-01,Allow type card water option rise game necessary among.,1
2923,204,1169,5.0,2024-04-20,Use get budget news of rather beyond nor popular will interview compare walk others crime.,1
2924,127,2108,5.0,2022-10-26,Focus role full customer turn whom book development letter fact history.,1
2925,93,975,1.0,2022-08-28,Beyond step five drop laugh after sell soldier story him back marriage employee.,1
2926,204,1417,1.0,2023-12-21,Individual send take white source company law.,1
2927,3,34,3.0,2023-08-31,Spring organization task production hold show cell order land cell apply become involve party assume.,1
2928,273,2350,2.0,2022-07-19,Population threat necessary those laugh sea very his.,1
2929,271,1257,4.0,2022-01-15,,0
2930,203,971,2.0,2023-06-01,Man election thousand third parent century hair east building window for.,1
2931,161,1635,3.0,2023-05-04,,0
2932,295,1063,4.0,2022-03-30,Employee study its far doctor suffer total.,1
2933,102,2190,4.0,2022-01-01,,0
2934,192,2102,2.0,2022-12-16,Any owner letter suddenly live example key stand place ok become.,1
2935,297,1694,5.0,2023-01-08,,0
2936,213,2463,5.0,2024-05-28,Green process artist good cultural quality argue meeting position.,1
2937,184,683,2.0,2022-02-03,Medical mission couple wait chance people into memory thus.,1
2938,257,1964,3.0,2024-12-11,Dark grow record provide pay blue paper think letter easy gun.,1
2939,117,1882,4.0,2024-08-19,Region price challenge free positive write dinner realize cultural if me best left.,1
2940,129,827,5.0,2024-01-08,Whole join technology whole garden serious girl crime.,1
2941,198,809,5.0,2023-12-10,Understand southern interesting nothing past maybe price parent Mrs dog soon.,1
2942,244,217,5.0,2024-04-18,,0
2943,75,2291,5.0,2022-10-27,Off left character four reason everybody land daughter strategy pattern treatment be today relate enjoy treat.,1
2944,146,253,5.0,2024-09-30,Education reveal without almost husband successful chair travel nearly weight manager almost.,1
2945,5,1298,2.0,2023-06-14,Way have seat reality PM let up.,1
2946,257,2167,5.0,2024-12-23,Cut edge left herself spend sport anyone.,1
2947,61,457,4.0,2022-10-16,Smile probably kid speech major baby population old house pretty short whom better surface.,1
2948,210,2498,2.0,2022-08-04,,0
2949,250,1762,5.0,2023-04-11,,0
2950,180,9,4.0,2024-10-27,Maintain step whom exactly source bill risk.,1
2951,138,2314,5.0,2023-02-17,Brother science material message nor cause onto statement because record peace.,1
2952,25,1731,4.0,2024-11-28,Conference read and situation behavior kid total.,1
2953,27,979,3.0,2024-11-04,,0
2954,17,1057,5.0,2023-01-12,Computer occur remain yourself focus drive mean reason agreement party trip general reduce fall.,1
2955,34,690,4.0,2024-10-24,Up executive carry him crime statement early together play name film room.,1
2956,149,1629,5.0,2022-06-06,Garden number among require no society next far decade brother some if side.,1
2957,258,478,5.0,2024-06-12,Product school source American hand season during yet until budget magazine.,1
2958,295,1189,4.0,2024-09-23,School personal create expect reach do seem piece whatever region trouble law natural stand.,1
2959,230,792,5.0,2022-04-09,Personal most begin him admit its could close.,1
2960,53,1120,5.0,2022-06-27,Attack up leave play minute push product station name way.,1
2961,297,466,4.0,2023-08-04,,0
2962,66,60,2.0,2024-01-12,Child thank truth news thought young quite travel.,1
2963,187,690,5.0,2022-05-11,,0
2964,81,1105,5.0,2023-03-28,Something prove green part first site institution establish as.,1
2965,72,2498,5.0,2022-09-01,Paper race give travel later continue hospital option.,1
2966,40,1387,4.0,2022-09-05,Reduce class southern professional discuss reflect whose century different little general away fly parent own.,1
2967,34,621,3.0,2022-11-10,Pressure performance half look miss heavy drop.,1
2968,263,1781,5.0,2022-04-07,Dog week site there bed him responsibility difficult defense mind know wife.,1
2969,237,541,5.0,2024-03-07,Star way far prove teacher realize office hospital past region dog newspaper.,1
2970,7,1685,5.0,2024-07-17,,0
2971,71,792,4.0,2022-10-04,Generation former consumer available quite born play week realize speech hair financial similar nearly financial.,1
2972,252,2041,5.0,2022-06-29,Center land arm bit road reality talk letter wind question color reveal later foreign partner care.,1
2973,163,2212,4.0,2023-09-30,Security phone visit morning off ago world compare reality black appear.,1
2974,100,2152,5.0,2022-03-26,Capital seven area change sell our common game strategy force ground why choose Democrat.,1
2975,208,250,4.0,2024-10-01,,0
2976,15,942,4.0,2023-03-09,Poor management parent show use seat debate age.,1
2977,125,150,5.0,2024-10-25,Citizen billion hit join mouth particularly brother clearly experience.,1
2978,4,1760,5.0,2022-04-01,Better debate field officer response no police water while.,1
2979,185,638,5.0,2023-05-03,Huge ask west our rise suddenly allow to note themselves avoid fear.,1
2980,74,1155,4.0,2024-03-11,Truth set into cultural later new report statement give individual factor meet.,1
2981,144,1111,2.0,2022-10-11,Into find marriage individual group professional quality main above brother imagine half story how out.,1
2982,16,81,3.0,2022-12-27,Including evidence front between one accept pattern them successful include lead financial close energy whatever matter.,1
2983,83,828,5.0,2024-05-15,Another role another since read imagine according weight hope medical site stock.,1
2984,299,1043,4.0,2022-01-31,He respond bill central let a sometimes police agree pass Congress company continue simple.,1
2985,54,618,4.0,2023-03-12,Night company stage return enter star without these care manage.,1
2986,54,1664,5.0,2022-12-29,Food rest thought family less operation likely before prove capital.,1
2987,75,1893,4.0,2024-04-13,Way every send night drive world finish today wrong dinner matter produce now physical owner pass.,1
2988,293,763,5.0,2022-08-30,Item girl want two population outside fund card.,1
2989,58,2112,5.0,2024-01-13,Present focus can according realize assume bed property senior leader she business expert parent.,1
2990,132,1686,4.0,2023-07-20,Decide sure north particular benefit that fire able pull seem.,1
2991,95,2490,5.0,2024-07-26,Sell play bill pressure tonight while article suggest gun make since debate treat yeah group save.,1
2992,229,2336,4.0,2022-01-24,,0
2993,55,1869,4.0,2023-06-24,Become respond clear put toward sport then cost phone.,1
2994,198,858,5.0,2023-05-21,Fly now strategy natural company forget relationship financial free thought paper off leader.,1
2995,270,1542,3.0,2024-05-06,Service wonder word talk stock often here total would race begin prove only both.,1
2996,225,2280,3.0,2024-04-21,Staff commercial my small news here over within size onto hair wide.,1
2997,84,1384,4.0,2022-08-25,Leg article important people capital carry out prevent star home pull through our itself.,1
2998,289,571,5.0,2023-07-30,,0
2999,119,253,5.0,2024-04-01,Surface population market buy action Republican government.,1
3000,276,2349,5.0,2023-09-19,,0
3001,184,1375,5.0,2022-07-31,Price agree perhaps test half only sing on.,1
3002,159,1396,5.0,2022-05-22,,0
3003,285,1988,1.0,2023-10-17,Week light region over thing none until produce customer live note mention.,1
3004,132,1597,3.0,2023-11-22,Or be run save three more that both middle picture production.,1
3005,145,2368,3.0,2024-05-06,Build discover someone particular theory view decade behind.,1
3006,11,579,5.0,2023-06-21,Coach bank toward actually let serve better majority magazine own.,1
3007,263,1576,5.0,2024-03-01,,0
3008,165,2020,1.0,2024-04-11,Early member service pattern American mention attention push common say.,1
3009,105,481,4.0,2024-06-19,Voice Congress approach example family sport dream fish page method theory no indeed eight.,1
3010,62,2493,4.0,2023-04-12,Live sort alone fact center that yard option address site place memory.,1
3011,2,1311,5.0,2024-03-27,Card share material religious much sit stop worker system.,1
3012,101,1341,3.0,2022-04-26,Draw man every either difference threat arrive game.,1
3013,280,856,5.0,2022-01-13,Off forward southern before development early girl boy impact clear class bank these task.,1
3014,75,685,4.0,2024-04-24,What read pattern need yourself identify ball history later plant indicate analysis carry black car act.,1
3015,277,1549,4.0,2024-11-09,Item rest player property defense charge offer break receive thousand four plan.,1
3016,31,2084,3.0,2023-06-11,Bit even under help try without think oil.,1
3017,103,1162,2.0,2022-10-13,Operation star bar stay experience wait us.,1
3018,27,10,5.0,2023-03-13,Green protect return everyone order cell far successful probably shake eye.,1
3019,23,862,5.0,2024-03-27,Skin fill by blue student in notice only walk spend for.,1
3020,60,1524,3.0,2022-10-10,,0
3021,21,983,5.0,2023-08-08,Feeling figure really guy finally attention factor fish first reflect memory.,1
3022,43,1527,5.0,2024-05-21,Move something fear fish admit night director agent draw bank up family baby voice better.,1
3023,83,1816,3.0,2022-10-12,Reflect pay material end despite Democrat machine time car since kid business gun.,1
3024,68,1408,5.0,2023-11-27,Clear break yet wife write ability data money decision.,1
3025,195,780,5.0,2023-08-16,Control little Congress window talk trial analysis father.,1
3026,36,288,3.0,2024-11-18,,0
3027,38,2115,4.0,2024-02-12,,0
3028,216,1737,5.0,2024-05-25,,0
3029,43,2464,4.0,2023-11-20,Out generation statement any push task door doctor.,1
3030,95,2437,4.0,2024-09-04,News phone total visit decide what city yeah most trouble country policy hand radio national size.,1
3031,242,1322,2.0,2023-11-23,Wide want city because page son side hard beyond.,1
3032,24,976,3.0,2022-10-19,News get medical relationship official wind property month.,1
3033,117,444,2.0,2022-08-04,Sometimes own establish no market threat night experience.,1
3034,185,2020,4.0,2022-01-11,,0
3035,130,2452,1.0,2022-12-08,In couple price open pretty word fund.,1
3036,247,2146,5.0,2023-05-21,Crime exist quality Republican shoulder know personal establish stock the push.,1
3037,208,1066,4.0,2023-08-12,Continue chance simple still wife student allow agency population quite.,1
3038,74,666,4.0,2022-11-08,Different heavy develop fall dinner price pretty professor share color effort me stuff say.,1
3039,100,1578,5.0,2024-01-09,Budget career treat cold many specific wall it outside back chair surface notice me.,1
3040,8,1963,1.0,2024-07-01,Likely clear exactly prepare growth yourself key now pick.,1
3041,99,867,4.0,2024-01-24,Green staff music be value not manage office.,1
3042,272,1176,5.0,2023-06-06,International group trial use these answer head father.,1
3043,152,2321,4.0,2023-05-25,,0
3044,243,1314,5.0,2022-08-07,Seem level hope bring tend develop home.,1
3045,60,2136,2.0,2022-11-04,Such happy agency almost democratic team seek give team dream single worry.,1
3046,146,1599,5.0,2023-08-12,,0
3047,66,1862,3.0,2022-04-13,Nature tax late police some seat national soon hand avoid.,1
3048,226,1871,5.0,2022-11-14,,0
3049,271,955,5.0,2023-11-27,,0
3050,25,887,3.0,2022-03-17,Dinner answer computer community source movie court create table will form both cause.,1
3051,182,892,2.0,2022-05-18,Various season day senior beat child check key guy himself lawyer far reveal company go.,1
3052,173,2453,5.0,2022-09-03,Office for support soon from stage region everything heavy.,1
3053,181,55,2.0,2024-06-28,It begin have tonight weight approach his different.,1
3054,228,1666,4.0,2024-03-23,Citizen use kid write eight interest term seat call important recently.,1
3055,46,680,3.0,2022-08-14,Available fight key activity source yet friend coach central right color amount our.,1
3056,76,1921,5.0,2023-06-04,,0
3057,283,2460,5.0,2023-11-07,End would hand page mother heart director bar success where until always positive.,1
3058,73,1729,5.0,2023-02-11,Sure sound performance tree develop board another girl suffer doctor this.,1
3059,250,536,4.0,2022-07-10,Have until benefit score room radio evidence contain above girl put end subject let wish article.,1
3060,6,227,5.0,2022-07-11,Indeed nature most memory full responsibility hard good me water difference end enjoy no health.,1
3061,228,2375,4.0,2023-02-15,Large north seven low card safe two place possible around shoulder field his cold local idea.,1
3062,238,844,5.0,2024-06-02,One manager public foreign southern three laugh technology them traditional loss.,1
3063,128,1907,2.0,2022-10-08,Several discussion service blood morning myself identify keep push.,1
3064,300,1312,5.0,2023-10-25,End board suffer time total quickly task sound include audience research none order less commercial keep.,1
3065,14,1627,2.0,2024-09-04,After across chair someone which happy partner history.,1
3066,138,876,5.0,2024-09-13,Available short suggest go area data Congress none early baby range after.,1
3067,251,538,5.0,2022-01-12,Find imagine so board when citizen north wide eye price deep.,1
3068,281,1989,5.0,2022-07-31,,0
3069,43,1395,4.0,2024-02-20,Foreign well hold sit develop remember sign rich throughout entire audience before back couple.,1
3070,149,1016,5.0,2023-06-13,Seek wear machine people big enough street.,1
3071,202,1429,5.0,2024-06-03,Arm let son doctor democratic PM window soon some language participant make including another amount wide.,1
3072,267,1911,4.0,2024-01-28,Treatment spring like appear organization left as democratic have push site high term name help about.,1
3073,57,1407,5.0,2022-08-18,Skill specific American matter stop beyond try seek car bring reduce nice.,1
3074,127,122,4.0,2022-10-28,Them want among benefit seat business whom baby trial national.,1
3075,264,1457,4.0,2022-12-04,Safe not smile risk born situation trouble job.,1
3076,162,1988,5.0,2022-03-08,Too successful always wonder example figure bank sort since international structure next season guy note.,1
3077,204,1834,5.0,2024-03-10,Significant treatment true view medical history item certainly as them after.,1
3078,173,2453,3.0,2024-08-07,Spend education feeling sport hospital force will relationship type.,1
3079,228,1040,3.0,2023-11-03,Too base million who center for son PM anyone.,1
3080,134,944,5.0,2024-10-31,Way pay wife ability they family why practice catch democratic who conference break leg.,1
3081,122,672,5.0,2024-08-19,Explain kind wall such which child choice husband real past point add.,1
3082,36,1040,5.0,2024-03-22,Sing indeed interesting rule staff evidence million cold.,1
3083,211,1734,5.0,2023-12-24,Seat never material crime article TV together partner discover recently trial individual term serious join.,1
3084,17,1466,4.0,2024-02-21,Her plan water remember support watch find particular audience wonder among society manage worker fear.,1
3085,207,2483,2.0,2023-05-11,Foreign either store fly maybe enter fight imagine life response brother reach too late general effort.,1
3086,144,1841,5.0,2023-04-29,Maybe old player company training less Democrat visit since south should international fly series.,1
3087,268,279,4.0,2023-10-01,Place campaign technology shoulder side face into figure physical positive country role result choice beyond.,1
3088,4,1677,4.0,2024-11-24,Do indeed series throughout nor grow trip never network work Democrat.,1
3089,264,2379,5.0,2022-01-14,Figure what rich despite hold method class car seven out.,1
3090,294,1867,5.0,2024-04-07,Staff side provide field top chance accept skin determine record natural both do.,1
3091,105,525,1.0,2023-03-29,Police available particularly too public loss account trial theory boy bad security more PM.,1
3092,195,2127,4.0,2023-06-18,,0
3093,278,1884,4.0,2023-05-09,Deep government participant civil available group leg reveal if.,1
3094,134,27,5.0,2023-09-14,Officer ask dark outside they hair hard.,1
3095,178,133,2.0,2023-08-05,,0
3096,28,903,5.0,2023-07-27,Star painting size case the have although voice news begin air official enter.,1
3097,62,1860,5.0,2022-02-09,Address cause maintain catch add heart however eye land including.,1
3098,299,1104,4.0,2024-01-29,,0
3099,199,1852,4.0,2024-10-28,Network strong moment him culture close hour knowledge say reason.,1
3100,147,1823,1.0,2023-05-03,Because east second learn director others ten they.,1
3101,104,2375,4.0,2023-03-17,Yeah everybody entire with control return factor option air heavy yes either high born.,1
3102,157,2290,5.0,2024-11-04,Media cut toward media second including feel right real risk.,1
3103,70,424,5.0,2024-06-02,,0
3104,214,16,3.0,2022-11-19,Traditional the green expect listen early so fall theory card meet operation.,1
3105,35,1195,1.0,2022-05-19,Prepare free parent tree new operation condition understand explain.,1
3106,3,972,2.0,2022-10-11,Reality ago prepare evidence business act feel option human body stop list.,1
3107,218,460,3.0,2024-06-28,Focus evidence decade school power return key people herself value with issue computer size down.,1
3108,68,2225,5.0,2023-05-08,Song unit room across second pick campaign get goal crime free probably.,1
3109,111,2048,4.0,2023-03-07,Hundred deal successful maintain second black stage citizen gun rest majority allow.,1
3110,54,1597,4.0,2022-10-25,Yourself scene bring knowledge business down deal newspaper in through.,1
3111,27,1143,5.0,2023-03-31,,0
3112,275,1681,4.0,2022-07-20,Place buy beautiful investment finally detail many natural attorney use discuss week this democratic to.,1
3113,41,54,4.0,2023-06-23,Race base argue glass start Mrs side yes former city training defense interesting exactly pull.,1
3114,257,1155,5.0,2024-01-27,,0
3115,272,1259,5.0,2024-12-20,Talk involve short a outside center near produce product region.,1
3116,3,336,4.0,2024-06-03,Fall project line form fire however keep carry realize keep want war already himself pattern.,1
3117,130,290,5.0,2024-06-21,,0
3118,269,1661,1.0,2022-10-07,Range politics you national whole scene military north.,1
3119,180,151,3.0,2023-05-18,,0
3120,283,2224,5.0,2023-06-20,Fact inside start door between toward beautiful high PM my fine.,1
3121,63,92,5.0,2024-06-05,Color security by military hotel really size.,1
3122,35,650,5.0,2022-04-20,Seek impact college range science near term certain process into.,1
3123,167,2148,2.0,2024-04-11,Human current time student same drive per western bad prove memory race.,1
3124,188,215,5.0,2022-03-02,,0
3125,80,1606,4.0,2023-12-18,Film thank ahead less factor front push today late major turn.,1
3126,137,1231,5.0,2024-10-03,Possible fall information subject stay get beyond decide husband.,1
3127,277,1572,3.0,2023-11-04,,0
3128,259,1992,2.0,2024-07-07,Serious those develop size threat relationship culture forward same leg.,1
3129,102,1590,3.0,2022-10-21,Sport identify argue yourself cost trade from lead write into and hit political ground.,1
3130,139,279,2.0,2024-01-28,,0
3131,5,1408,2.0,2022-12-11,,0
3132,68,1885,,2023-09-21,View Republican interview we inside pattern head teacher same carry shake effort even blue remember.,1
3133,248,369,5.0,2024-03-15,Congress evening purpose study crime job exist such.,1
3134,144,510,3.0,2024-09-30,On sign anyone accept attack process choice top major hold describe thought.,1
3135,37,251,5.0,2024-12-08,Or represent ok political live not media office detail.,1
3136,4,795,5.0,2023-02-13,Well move themselves campaign including able summer western.,1
3137,265,1714,5.0,2024-12-18,Say lead season bill allow mind require raise floor by in fill site free.,1
3138,60,302,5.0,2022-12-24,Pass collection blue somebody street their front see maintain majority back base pass sound too.,1
3139,289,832,4.0,2024-10-14,Early dream case will season put interview consumer soon garden east man process artist technology.,1
3140,246,2257,,2024-08-13,Fly send interest similar book Democrat body college believe.,1
3141,11,1154,5.0,2024-05-31,Edge really including movement than would crime building six age cut I.,1
3142,99,426,4.0,2022-10-31,Find or suffer which kid knowledge population fast record fight education central middle threat.,1
3143,216,2241,3.0,2022-07-11,Design wonder process black camera form for myself majority likely start tonight goal design.,1
3144,87,1460,1.0,2024-12-18,Future debate shake here approach relate indeed really.,1
3145,75,574,5.0,2022-07-31,None investment seat nation smile fall this back film close season political million receive top policy.,1
3146,50,1667,3.0,2024-07-26,Tell beautiful interest since still career room within per knowledge stuff.,1
3147,187,620,4.0,2022-05-06,Instead church require amount inside material any door parent degree heart talk.,1
3148,100,46,3.0,2023-12-11,,0
3149,93,495,4.0,2023-04-06,Law find believe television to raise edge one top see seven mind worry area.,1
3150,141,717,4.0,2022-05-22,Design true every performance early say memory.,1
3151,35,2364,5.0,2022-09-04,Save box third cup role career where apply bag action however example itself growth.,1
3152,187,141,3.0,2022-06-08,Usually little so marriage town performance moment mention fight table personal rise people these.,1
3153,57,1076,3.0,2023-02-08,,0
3154,19,54,5.0,2024-03-27,,0
3155,243,292,5.0,2023-12-15,Red local between them beautiful true own family attack test approach heart remain vote.,1
3156,291,533,5.0,2022-10-18,Police number great again team while reveal save daughter card.,1
3157,295,897,5.0,2022-04-04,Provide while hotel task my produce paper modern certainly again cost history special art.,1
3158,238,148,3.0,2024-04-23,You there trouble end benefit sense always kitchen imagine such.,1
3159,222,2046,1.0,2023-04-07,,0
3160,195,1605,3.0,2022-12-27,Democratic concern none outside live apply Republican piece now television.,1
3161,214,263,2.0,2024-10-14,Yes music skill walk quickly clearly responsibility local.,1
3162,45,461,5.0,2024-02-13,Significant deal whatever myself huge century seem large make charge wear.,1
3163,140,1139,5.0,2024-10-27,Friend piece identify attention exactly dinner surface general culture professor.,1
3164,59,2071,3.0,2023-08-27,Phone range fight statement political test require guy woman at thank treatment all she officer.,1
3165,11,1800,5.0,2022-04-11,Find win ahead compare billion quality allow.,1
3166,210,875,5.0,2024-03-25,Respond contain during make eat back federal plant find factor phone buy mention.,1
3167,85,2214,3.0,2024-10-18,That hour suddenly service situation light table process safe way road which politics concern.,1
3168,207,1172,3.0,2023-06-02,Spring manager many environment short ball future.,1
3169,233,588,3.0,2023-05-07,Total short world rule make note door different.,1
3170,168,1340,3.0,2023-03-23,Reach production risk ever hope bag too recognize wind five particular.,1
3171,16,198,3.0,2023-01-08,Commercial begin go appear interest unit most ready single job structure type degree.,1
3172,98,1119,5.0,2024-01-13,Head seem leg put win but assume opportunity whose take pretty painting beat here sea.,1
3173,147,130,4.0,2023-10-02,Program sell majority action camera position officer.,1
3174,255,330,5.0,2023-10-18,Simple say fill consumer media summer we a wide detail nation may senior.,1
3175,83,1507,5.0,2022-05-17,Would whose interest week street film others probably talk increase population statement fight.,1
3176,186,1970,5.0,2022-04-25,,0
3177,210,1019,5.0,2024-04-10,Main even report recognize account return center her teacher I likely possible debate happen wide.,1
3178,24,750,5.0,2024-01-16,Most skill expert machine really hit food above century section industry day treat born.,1
3179,86,9,5.0,2024-03-02,Change generation leave affect away clear hotel sell realize.,1
3180,75,313,4.0,2023-12-14,Room able example town have school popular discussion expert now process interest.,1
3181,300,2279,4.0,2023-05-18,Certainly price man investment cut new south whom arrive.,1
3182,155,2476,5.0,2022-10-01,Article certain firm significant respond quality investment both.,1
3183,263,602,2.0,2022-07-07,,0
3184,100,2188,4.0,2022-04-02,Pretty dream owner home long each them sit policy sense party data measure right.,1
3185,264,1073,1.0,2024-12-22,Land involve mention necessary someone miss so change mention where decision that its Mrs treat.,1
3186,113,1251,1.0,2022-09-26,Give sea economic also space play street place dog myself make run.,1
3187,145,2492,4.0,2024-10-20,Card often mission heavy might type others air culture decade eye organization.,1
3188,143,1813,5.0,2022-01-24,,0
3189,173,2483,5.0,2023-07-18,,0
3190,10,78,5.0,2023-03-25,Right arm house child rest impact piece continue because argue identify lead wonder southern Mrs including.,1
3191,57,254,4.0,2023-07-20,Provide director own away yet work animal present just traditional may skin thus.,1
3192,285,1878,2.0,2023-09-08,Describe gun realize exactly protect citizen eight hold area dog.,1
3193,39,1803,5.0,2023-03-20,Evidence new line could go month event paper pass.,1
3194,76,2024,2.0,2024-11-20,Senior ball center feeling hundred war will consumer level summer outside give she.,1
3195,250,1513,3.0,2023-03-26,Produce model alone let need quality federal dinner possible reason modern their across.,1
3196,206,2401,5.0,2024-04-17,,0
3197,251,1041,3.0,2023-01-14,Perform open memory its rather record claim recently environment something writer real upon ask environment agreement.,1
3198,271,1088,5.0,2023-09-15,Sense section general parent hear difficult expert some dog high family north beyond article.,1
3199,83,2155,5.0,2023-03-20,Return off player lead change center investment that her push series food drop wear.,1
3200,142,2437,4.0,2024-01-28,Challenge action least guy art suggest success.,1
3201,244,421,4.0,2024-04-12,,0
3202,164,137,2.0,2024-04-01,Like throughout join none task reality today board group that help organization act us middle their.,1
3203,30,1120,3.0,2022-12-18,Seven though marriage their area I teach toward range.,1
3204,279,1858,5.0,2022-02-07,Hand this get nothing term throw church century election five want full.,1
3205,216,1871,4.0,2024-01-08,Consider benefit sea movie past evidence base perform similar off.,1
3206,111,33,5.0,2023-05-07,Travel I outside decade appear necessary first on.,1
3207,14,1101,5.0,2022-01-16,,0
3208,214,791,2.0,2023-04-13,Treatment loss glass process shake our remain actually issue stage in born size space million machine.,1
3209,162,1389,4.0,2023-07-09,Relate maybe both law course agent heart.,1
3210,108,2335,5.0,2024-10-25,Director morning attorney finish nation threat source on serious threat however measure which doctor sit cost.,1
3211,150,2126,3.0,2023-04-14,Argue certain maybe another himself appear very season number change impact.,1
3212,31,2319,5.0,2022-07-19,Reduce national season month inside enjoy very attack wind evening administration.,1
3213,191,424,4.0,2023-05-10,,0
3214,224,2003,3.0,2022-11-30,Myself wait into wrong learn performance cost matter such anything.,1
3215,75,677,4.0,2024-09-04,Effect leader morning already human check agree skill risk street hotel according.,1
3216,110,388,4.0,2023-10-30,Evening hospital blue action best style traditional pull rise true apply.,1
3217,227,233,3.0,2024-08-06,Pick teacher item area world growth worker pay strong system popular recent into.,1
3218,66,329,4.0,2024-06-28,,0
3219,90,1618,5.0,2022-07-08,Mrs off step live record eat benefit own maintain difficult charge note order relate.,1
3220,13,1643,5.0,2022-04-29,Thank bar so simply rule use space adult by catch institution site.,1
3221,85,1121,5.0,2022-08-13,Author share thank cost push direction ball avoid plan any join indicate purpose doctor.,1
3222,224,824,2.0,2024-05-05,Court plan need situation way small account town Mr best enjoy within economic move.,1
3223,28,1789,4.0,2023-03-04,Debate history son scene Congress kitchen plan.,1
3224,198,316,5.0,2022-10-15,Indicate idea together need including mother security when turn American anyone growth.,1
3225,279,2410,5.0,2024-03-17,Office glass they send name foreign strategy tend apply begin finish determine myself read source.,1
3226,124,941,4.0,2023-11-12,Law blood player which law whom Republican event unit turn sometimes they.,1
3227,78,914,3.0,2024-10-21,The boy prove successful work style western even image thousand price game book behavior about.,1
3228,18,1103,3.0,2023-06-24,Try increase center how into network fact six project dog them rate detail.,1
3229,53,526,2.0,2023-03-31,,0
3230,292,1650,4.0,2023-06-25,International guess per goal outside collection director example similar car thus night strong Congress.,1
3231,74,1834,2.0,2024-12-24,Investment especially suffer pass blue possible benefit his civil might identify Republican.,1
3232,126,1268,4.0,2023-07-30,Wait process sell customer probably bank current quality culture issue spring watch to clearly medical.,1
3233,251,1400,5.0,2023-10-01,,0
3234,165,140,5.0,2024-04-07,Could fill within officer course color compare show threat section lot herself particular will.,1
3235,219,1773,5.0,2023-10-29,,0
3236,170,1371,5.0,2022-07-18,Newspaper thing get national program mission way sport product build play seem recent.,1
3237,95,402,5.0,2022-03-14,,0
3238,168,2328,4.0,2024-04-28,,0
3239,133,103,5.0,2023-11-07,Fight month film event tend crime live offer information second girl game magazine occur.,1
3240,152,609,5.0,2023-07-23,His medical drug eye change buy media others.,1
3241,174,1173,5.0,2022-11-26,Free back today production face hard can when down natural accept.,1
3242,145,1698,4.0,2023-08-28,Suddenly beautiful later three practice herself parent bring fill defense early ready glass.,1
3243,155,736,4.0,2022-04-14,After standard high believe itself pull here war year.,1
3244,135,429,5.0,2024-04-22,Thing direction little time military according people cut author man attention peace.,1
3245,70,1128,1.0,2022-04-27,,0
3246,235,284,4.0,2024-11-01,,0
3247,67,2192,4.0,2023-06-23,Born hear politics prevent federal general find grow evidence tax prepare force simple my.,1
3248,28,2234,5.0,2022-05-26,Himself already the company hour risk suddenly military movement drop.,1
3249,148,938,5.0,2022-03-02,Million attention still financial cause life college crime those statement page lay admit find view.,1
3250,256,1487,5.0,2022-11-17,Economy about against according public energy require buy particular answer base.,1
3251,16,816,2.0,2023-12-03,Look decision agreement manage station dream yes space lead coach site develop interview tax arrive.,1
3252,298,1118,2.0,2024-04-26,Certainly power three forward answer less ground force cell industry.,1
3253,22,557,4.0,2022-09-07,Employee deal whole staff general decide when life couple figure hard crime.,1
3254,151,1170,5.0,2024-03-31,,0
3255,161,143,1.0,2022-10-20,Speak onto fast inside plant station resource particular performance learn level think.,1
3256,294,1338,1.0,2022-12-20,Bed pressure drug true hit before attention past become customer happen financial.,1
3257,163,2251,5.0,2023-02-03,Wind within choose guess eye step into.,1
3258,59,1297,5.0,2022-11-29,,0
3259,43,854,4.0,2024-03-01,Include music position probably cold minute data.,1
3260,180,1284,4.0,2022-08-19,Participant pattern Mrs others under feel then no cold for political everything main compare.,1
3261,38,292,4.0,2024-05-21,Performance learn huge fire class suffer special pull peace four job.,1
3262,194,2098,5.0,2022-05-11,Could make interest significant around bag about cold physical early popular usually whole manage skill.,1
3263,153,2267,4.0,2023-01-18,Condition feeling say Democrat society eye simply former six eye media.,1
3264,90,1069,4.0,2023-07-11,Discuss interesting minute customer really gun he expert along tax voice ready use fund who goal.,1
3265,85,14,1.0,2022-03-05,Cultural world smile information sure wait item mouth off north require word will eight.,1
3266,117,1173,4.0,2024-10-31,While live fly through admit another travel although.,1
3267,74,578,4.0,2022-02-07,Standard class three resource decide full guy condition team individual.,1
3268,211,158,4.0,2024-03-22,,0
3269,9,1346,5.0,2022-11-23,Difference course new treat better wish very important discover card season second box enough data.,1
3270,248,2213,2.0,2022-04-23,Blood position entire by pay major technology management matter allow stop bad by good.,1
3271,168,1922,3.0,2023-10-08,Beyond condition Mr control trade relationship hotel front soldier increase quite debate response state none could.,1
3272,171,629,4.0,2024-12-03,Then table know nothing easy customer nature.,1
3273,44,987,1.0,2023-12-01,,0
3274,164,1070,4.0,2023-12-03,Fall full law write next light police claim herself these these form.,1
3275,85,1030,5.0,2024-10-13,Against put discussion performance service move meeting within outside health loss.,1
3276,31,235,4.0,2023-02-05,Job visit yard notice parent design modern board notice position thought physical face wide treat.,1
3277,264,1969,4.0,2023-09-03,Evening brother doctor process out product already eye gun both summer force set town.,1
3278,65,1635,4.0,2022-01-05,,0
3279,10,1913,3.0,2024-11-25,Decision daughter coach list candidate simple or I while maybe speak very hard much.,1
3280,244,2040,5.0,2022-04-09,Defense become claim attack Republican really great summer base red education.,1
3281,124,82,5.0,2023-12-20,,0
3282,265,1145,5.0,2023-01-16,,0
3283,103,1438,4.0,2023-05-24,Deal party I hair so see back future keep at and daughter area produce.,1
3284,202,1142,5.0,2023-09-04,,0
3285,109,1278,1.0,2023-08-29,Leave of among turn nation official former him later.,1
3286,136,1297,4.0,2024-03-02,,0
3287,262,2178,5.0,2024-08-17,Write test federal eight claim between note shoulder cold big.,1
3288,251,647,3.0,2023-06-26,Religious whole nature animal catch why above person mention necessary radio answer.,1
3289,284,2487,5.0,2023-11-11,Their result rock peace break buy who seat factor group arrive give professor region purpose.,1
3290,260,1471,5.0,2023-10-13,Pick resource wife read training situation effort threat commercial in laugh floor environment despite.,1
3291,153,56,5.0,2024-10-11,,0
3292,187,1098,5.0,2024-01-11,Science condition future outside rich actually eye effect Mr base executive pick catch pull upon.,1
3293,206,2500,4.0,2024-12-29,Month front personal laugh spend yet me computer nothing nature near close fill.,1
3294,183,2478,1.0,2024-06-25,Hope very this single Mr painting major claim part success only address itself.,1
3295,40,911,4.0,2024-10-12,Group trial store rather performance avoid game degree bring area.,1
3296,78,1775,4.0,2024-03-04,Time dream out ability home final positive life long generation leave shoulder.,1
3297,272,2197,4.0,2024-12-12,Level manage along boy discover dinner account understand control week.,1
3298,154,1676,3.0,2023-09-29,Tree indeed knowledge edge top course town attorney beyond before increase dinner fact much smile.,1
3299,47,2023,4.0,2024-02-08,Citizen include it beautiful few defense or street ahead deal white.,1
3300,145,2107,3.0,2023-11-24,,0
3301,271,1507,5.0,2024-10-01,,0
3302,17,2166,5.0,2023-07-29,Reality brother away start political cultural star here many debate fill.,1
3303,139,2446,3.0,2024-04-01,,0
3304,87,2456,4.0,2024-10-27,Forget section feeling collection middle police defense thing reach store.,1
3305,155,1264,5.0,2022-04-07,Process rise statement other several nothing Republican other image wind lay near your determine computer.,1
3306,31,997,4.0,2023-03-08,,0
3307,251,1774,2.0,2023-01-26,Many without hold according item because cultural realize skill political food American final woman me across.,1
3308,82,1551,4.0,2023-11-01,,0
3309,97,1368,5.0,2022-10-25,Three address hundred center plant when practice number education tend put by we pick.,1
3310,258,349,,2022-07-18,Start including father less check available treat image water range.,1
3311,20,21,4.0,2023-05-05,Dark main meeting want loss what long figure look talk control.,1
3312,53,409,5.0,2024-07-20,Message remember above small real deal car past night sort responsibility we speech stop ability political.,1
3313,104,647,5.0,2024-05-22,Program low owner his father owner perhaps tax goal final least institution but.,1
3314,223,570,4.0,2024-05-04,School someone name on for reality huge standard middle contain citizen maybe not.,1
3315,267,2458,5.0,2022-04-15,Author single send not herself attorney very past per couple rule well later.,1
3316,203,2397,3.0,2023-01-27,,0
3317,287,2252,4.0,2024-03-14,Animal natural friend those interest address area region show experience security lot student role seven author.,1
3318,66,1879,5.0,2022-06-23,Any light agency successful catch doctor month spring guy.,1
3319,41,1821,3.0,2024-05-06,,0
3320,176,795,4.0,2022-10-19,Strategy reduce start reason cause personal word along check culture smile drug save change difference.,1
3321,187,366,1.0,2024-12-25,Pay grow black build drop share per market scientist try during statement leader church necessary.,1
3322,25,1012,4.0,2022-05-13,Hope join mouth choose hot play research consumer or himself their summer impact bit.,1
3323,71,1962,5.0,2023-07-27,Rather someone heavy least cup together choice age month finally put.,1
3324,171,838,4.0,2023-03-19,Player special pass but media keep anyone successful method as act above even two despite.,1
3325,136,369,5.0,2022-09-13,,0
3326,283,1432,2.0,2024-09-12,Yourself together often near senior away whether just improve.,1
3327,47,666,5.0,2024-11-09,,0
3328,64,2094,4.0,2022-10-02,Again front ability lawyer weight number fund test executive suggest.,1
3329,280,2342,3.0,2024-07-11,Kid stay opportunity now thought who center minute with.,1
3330,188,1489,2.0,2022-12-26,Several born six beat help defense range impact condition store mind.,1
3331,125,2500,4.0,2022-05-15,,0
3332,231,1900,3.0,2022-01-08,Short word boy through prepare discussion drive billion majority without save lot professor baby drug.,1
3333,259,350,3.0,2023-01-04,Until compare table free environment responsibility campaign use somebody decision glass sort doctor.,1
3334,71,500,1.0,2023-03-21,Military year budget executive simply research improve matter south blood couple range people society.,1
3335,133,167,4.0,2022-02-05,Simply thought story power vote miss teacher tax.,1
3336,119,1153,3.0,2023-07-30,Rate stuff nearly moment trouble step apply expect animal course seat economic.,1
3337,3,2140,5.0,2024-02-28,Plant option however clear or best establish answer box cell drug investment.,1
3338,122,905,3.0,2023-11-12,,0
3339,205,225,4.0,2023-01-30,Human stage house central believe night conference more.,1
3340,220,947,3.0,2024-08-19,New that mention rather least bed baby past such mother film prove kitchen animal window.,1
3341,19,1305,5.0,2023-02-19,,0
3342,172,1202,3.0,2023-07-24,Possible several respond listen yard wrong never.,1
3343,210,1925,,2022-12-12,Young clearly behind box bad fear memory find though.,1
3344,44,1651,3.0,2022-07-19,Store feeling doctor ever far high less phone.,1
3345,54,1411,5.0,2022-05-20,Chair foreign include feel usually seek set upon opportunity information result.,1
3346,235,807,3.0,2022-12-04,Difficult everybody account election peace become beautiful picture Democrat kitchen home hope live hit upon hold.,1
3347,76,1346,1.0,2023-04-11,News environment including someone Mrs treatment somebody wind use mission call finally model.,1
3348,53,1975,2.0,2022-03-26,,0
3349,165,2275,4.0,2024-02-07,Mention movement off page difficult exactly to argue.,1
3350,122,2038,5.0,2024-05-08,Key sure finally series commercial so sister improve cultural whole check religious.,1
3351,107,753,4.0,2022-03-07,Avoid account produce evening quality far body save citizen create thus agreement keep recognize hospital write.,1
3352,117,915,2.0,2023-07-14,Tv drug just between nation guy never democratic generation wait risk two pretty southern fight.,1
3353,59,583,5.0,2022-10-04,,0
3354,210,2430,4.0,2024-05-30,Single up really because to city indicate.,1
3355,73,32,3.0,2024-05-27,Which himself trade everything quite firm hope leader friend significant war wife state.,1
3356,7,2068,4.0,2022-07-08,Although management bit read adult front money note she.,1
3357,295,84,5.0,2023-08-05,Institution piece space sound this consumer return fund generation inside glass represent trouble write down.,1
3358,275,1991,5.0,2023-06-08,The parent physical population movement subject individual mean public protect player science.,1
3359,178,819,5.0,2024-03-29,Sell standard daughter west claim owner program many health candidate.,1
3360,100,1417,5.0,2023-05-13,Real about Republican despite on north describe north exactly.,1
3361,251,2027,5.0,2023-06-28,,0
3362,237,832,2.0,2022-07-25,,0
3363,39,1885,4.0,2022-09-03,Easy usually themselves general finally save throw.,1
3364,133,807,3.0,2024-02-01,Product administration through amount fund four a street late major pull stage our particular particular.,1
3365,155,871,3.0,2024-02-16,Radio leave own according hospital house teach sing several.,1
3366,159,690,2.0,2024-10-19,Might cover miss thing most must herself impact.,1
3367,145,1197,5.0,2024-05-21,Bag red home knowledge whom those lay remember five our respond race religious.,1
3368,296,1467,4.0,2024-02-07,,0
3369,289,835,4.0,2023-01-03,Read performance group evening music pass understand name because.,1
3370,231,1088,5.0,2023-06-20,Benefit catch foreign clearly know state along although mouth window full.,1
3371,153,505,4.0,2022-08-04,American involve enter successful move myself weight than themselves woman mouth start.,1
3372,300,185,3.0,2024-04-08,,0
3373,94,2,5.0,2023-02-01,Kind which resource tell big thought both officer moment artist TV study ball.,1
3374,204,1904,4.0,2024-03-27,Against drive student spring smile teach deep world section.,1
3375,298,2242,4.0,2023-12-06,Professional up very financial fall computer listen join road somebody subject until continue improve class.,1
3376,14,1367,5.0,2022-09-26,Discussion maybe now drop five father however matter sound eat.,1
3377,79,560,4.0,2022-12-23,Strong with walk among trip focus when hit industry.,1
3378,162,1695,3.0,2024-02-23,Leave responsibility could site line use of away that number political will present such.,1
3379,158,495,3.0,2023-07-24,Suddenly statement through however information let others head begin always resource go rock clear.,1
3380,194,1376,4.0,2023-11-16,Really card arm yet personal almost money get serve team wind gas age sound.,1
3381,68,30,3.0,2022-03-12,Fear available interview successful shoulder quite among traditional risk time market.,1
3382,208,2041,4.0,2023-01-18,,0
3383,234,934,3.0,2023-07-03,,0
3384,182,228,4.0,2024-07-01,,0
3385,25,581,4.0,2022-11-20,,0
3386,111,652,1.0,2024-09-09,Choice this that against box floor nothing state no north against create ahead.,1
3387,236,498,5.0,2022-12-20,Politics remember reflect ahead wall lead above street check rule.,1
3388,197,1622,1.0,2022-06-20,Woman cover simply dinner letter type trouble inside live under very hold nation daughter control.,1
3389,202,2000,5.0,2024-10-02,Whose family executive industry with page win rock.,1
3390,260,1191,4.0,2023-02-05,Kid live plant experience soldier morning quality keep he start happen simply ok everyone.,1
3391,45,369,3.0,2022-09-02,,0
3392,234,1204,5.0,2022-06-28,Nothing enter Mrs camera present protect well before generation contain miss wish debate blue.,1
3393,245,1566,3.0,2023-02-06,Level morning drive yes attack expect total professor kid knowledge imagine culture knowledge return west.,1
3394,290,1608,5.0,2024-09-18,Cover model keep simply yourself star market.,1
3395,71,2362,2.0,2023-05-06,We why themselves property measure miss high property situation room company across rather air star.,1
3396,144,1035,4.0,2023-08-31,Likely whose idea certain attorney decide sign form most identify fish box.,1
3397,162,453,3.0,2023-02-06,,0
3398,157,288,5.0,2023-10-01,Beat as throughout quality do miss pick maybe success perhaps.,1
3399,123,958,,2022-10-15,See rule produce interview skin TV effect study space situation bill add short glass down.,1
3400,65,835,4.0,2022-08-04,Leg blood today reach hard term contain final scene enjoy history too friend.,1
3401,57,583,5.0,2022-10-06,Guess main laugh soldier value try boy myself cause wait conference something leg buy Democrat ball.,1
3402,117,1473,5.0,2024-01-07,,0
3403,266,28,5.0,2022-07-22,Art bank everyone million all share move.,1
3404,100,1247,2.0,2022-08-01,,0
3405,137,2341,4.0,2024-06-20,,0
3406,75,127,5.0,2023-06-19,,0
3407,146,1802,5.0,2023-12-21,Wind fire table growth range east rather describe night director paper could yes.,1
3408,219,242,2.0,2024-04-06,,0
3409,172,1646,5.0,2022-03-21,Near statement drop hope speech yeah perhaps eat.,1
3410,250,1952,5.0,2023-10-30,Message act even over spend market catch wonder law firm evening friend center blood possible letter.,1
3411,199,474,5.0,2022-05-29,,0
3412,148,827,5.0,2022-08-10,Century trip hot particular everybody nor within risk own here us agreement father modern wind staff.,1
3413,51,765,4.0,2022-09-14,Two international if world maybe mother not network concern.,1
3414,164,628,3.0,2024-11-21,Environmental feel traditional wide bank road range someone reach amount water.,1
3415,39,371,3.0,2024-06-18,Figure early note and middle rate century also whatever available pretty write population meet.,1
3416,44,2173,2.0,2024-04-29,Decision meeting allow fact board hold forward you.,1
3417,205,952,4.0,2022-07-13,,0
3418,34,2043,2.0,2024-07-03,,0
3419,213,1947,5.0,2024-10-15,Account short teacher later live back approach animal compare who issue live expert their.,1
3420,247,806,3.0,2022-03-15,Section dream international western thing finally evening player back artist south decade design discussion use.,1
3421,226,2057,5.0,2022-02-07,Specific drug resource when loss area green garden community per those everyone.,1
3422,251,58,4.0,2022-01-02,,0
3423,20,1979,3.0,2024-08-25,Owner partner nation catch deal treatment quite these chance well hand may.,1
3424,236,2253,5.0,2022-01-17,Mind save collection deal local build book type shoulder level production late around marriage people push.,1
3425,180,1837,4.0,2022-10-09,Success feel today stand feel stay light pressure white.,1
3426,219,2198,4.0,2023-04-04,Billion style hear senior yet song street decision.,1
3427,158,1562,1.0,2023-02-26,Candidate church source fish rise investment discuss.,1
3428,163,419,1.0,2022-08-09,Whom month he degree between actually occur court get quickly me.,1
3429,280,1527,3.0,2024-06-03,Career couple could sort glass stuff make audience choice figure book according dog sit.,1
3430,94,610,4.0,2024-06-09,Upon might success all economic wish value through research.,1
3431,83,798,4.0,2024-11-21,,0
3432,9,579,5.0,2024-02-07,Notice management her person fine report able safe piece none identify.,1
3433,218,97,3.0,2022-06-25,,0
3434,253,543,5.0,2023-01-17,,0
3435,236,283,5.0,2023-01-02,Stage determine product represent generation century ok small common threat television third write likely rather whether.,1
3436,179,2314,5.0,2022-07-12,Mr cause campaign area dog seek amount.,1
3437,96,1792,1.0,2024-06-14,Dog responsibility himself short more more factor him support bring support ten experience tell consider speak.,1
3438,238,606,3.0,2022-03-15,,0
3439,230,2186,4.0,2024-05-09,To pass between business main nothing so industry around idea most road.,1
3440,53,2243,2.0,2024-11-15,Left involve although let turn building after stop give child figure that.,1
3441,151,89,2.0,2024-12-15,Hour whose current score six week value.,1
3442,157,1680,5.0,2022-01-09,,0
3443,58,1018,5.0,2024-07-21,Choice traditional trip produce want part either short sea issue feel Mr.,1
3444,186,2248,5.0,2023-12-09,Level significant usually rule effect pass visit everyone research figure admit various.,1
3445,273,559,4.0,2024-06-11,,0
3446,90,371,5.0,2023-07-04,,0
3447,201,1648,1.0,2022-01-20,Student body set white enjoy language even.,1
3448,37,2352,5.0,2024-11-22,Admit listen medical condition where chair suggest walk.,1
3449,295,2011,5.0,2022-12-22,,0
3450,196,1189,5.0,2024-04-06,Ready development into side clearly room that decide dog forget break every likely if left.,1
3451,29,2006,1.0,2024-09-15,Your join amount prepare along thought out system but today class rule matter.,1
3452,182,2011,5.0,2022-07-14,Perhaps personal deal feeling professor be argue house open push.,1
3453,106,2302,3.0,2024-05-24,Beat floor record plan put answer affect lose marriage full.,1
3454,204,966,2.0,2024-07-11,Better ready body upon development right career court approach score exactly eight.,1
3455,299,2371,4.0,2023-08-04,Usually floor black cup must each happen write put system near final pattern claim idea.,1
3456,39,1352,2.0,2023-03-06,Yard law assume technology where which economic subject maintain also another.,1
3457,38,1247,5.0,2022-08-02,Cover analysis family right north bar list do phone move there close.,1
3458,231,1118,,2023-02-28,,0
3459,280,871,5.0,2022-08-26,Life industry simple road painting pass a receive feel measure pattern hold particularly grow.,1
3460,23,1417,4.0,2022-01-02,Tell beyond star teacher cost officer tell relationship would finish issue detail no.,1
3461,172,771,2.0,2022-10-22,Against manage development cup help both energy ten want maybe.,1
3462,114,1672,5.0,2023-10-15,Impact often might identify process floor house it economy first ever option high evidence range common.,1
3463,248,260,1.0,2023-02-02,Speak should through of check similar more drive action son glass arrive reflect.,1
3464,77,1002,2.0,2024-07-17,Since happy phone west effect face best task always military successful face newspaper national TV.,1
3465,10,1990,5.0,2023-03-13,Street total key write very suffer special kind situation eye market structure phone could vote maybe.,1
3466,189,1856,,2022-07-02,Become product beat wind later behind according expect company who man despite at financial lawyer.,1
3467,234,2292,,2022-05-09,Black phone at evening more adult artist seem theory bed draw.,1
3468,247,1165,4.0,2023-04-25,Return everybody natural adult trouble bag risk today strong.,1
3469,59,2264,5.0,2024-02-27,,0
3470,126,1604,3.0,2022-04-20,Claim great player ten they oil letter man chair eye population represent week focus away.,1
3471,54,617,5.0,2023-12-24,International of better tough play season cultural treatment want perform kitchen.,1
3472,282,2187,4.0,2022-02-26,,0
3473,32,1915,5.0,2024-02-06,This us picture opportunity factor left yet budget continue pull senior tend small development.,1
3474,224,2231,4.0,2024-12-14,Thousand successful heart instead note movement sort oil myself audience help in pay brother role.,1
3475,114,1646,5.0,2023-02-20,,0
3476,93,2385,4.0,2023-06-25,Such their rock within thank purpose push maybe plant receive heavy lay toward fast much.,1
3477,284,697,3.0,2023-01-25,He others kind well over travel make lot reality society phone administration total.,1
3478,178,2431,4.0,2023-05-16,,0
3479,93,1338,4.0,2023-12-20,Alone spring modern court room sister dog too not everything sign reality.,1
3480,180,597,3.0,2024-02-21,Its none identify full appear early standard toward happy.,1
3481,1,1388,2.0,2024-01-06,,0
3482,205,1631,3.0,2023-01-16,Able sea grow ball least there decision at design point method keep night.,1
3483,155,945,1.0,2022-12-08,Sometimes meet thought work work simply wall open stage.,1
3484,122,131,4.0,2023-10-30,Since that matter peace design mention Mr marriage raise just rule rise.,1
3485,65,1837,4.0,2024-09-20,Situation act camera rate power generation example significant family bad step financial sure able national threat.,1
3486,84,2426,4.0,2022-05-25,Sea maintain born key side fall more first one dream dark health skin right another.,1
3487,92,2077,5.0,2023-10-05,Economy individual center receive really hot lawyer entire measure here nice manage bar require central big.,1
3488,25,247,4.0,2024-11-06,Interest artist quality people member budget book environment four particular soon city three.,1
3489,260,1671,5.0,2023-04-28,Special travel term nearly property against common drug yeah old huge finish course fine.,1
3490,142,1458,4.0,2024-11-11,,0
3491,120,892,5.0,2022-01-26,Test plant list far voice lot religious treat.,1
3492,41,1674,4.0,2023-12-18,Imagine want hair foreign southern consumer easy deal worker hair avoid.,1
3493,165,1093,1.0,2022-08-12,Second beautiful pretty image age cultural customer mention resource meeting four.,1
3494,187,797,5.0,2023-04-29,Land far decade conference sound suggest ability.,1
3495,169,517,5.0,2023-01-18,Because hand huge leave southern prepare party such personal question magazine person state debate ask.,1
3496,140,1676,3.0,2024-08-05,Change way every view ever once rate first get agency admit enter.,1
3497,174,592,4.0,2022-10-26,Same away minute always thought voice out over election rule hair sister.,1
3498,269,1275,4.0,2022-12-14,,0
3499,125,1206,1.0,2023-04-11,,0
3500,260,1717,2.0,2024-12-12,Certain lay any federal pretty billion common she year sing.,1
3501,237,1005,5.0,2024-06-11,Whole enter line ago particular better song positive gun upon.,1
3502,42,764,2.0,2024-10-29,Year teach dream put walk probably stand song.,1
3503,5,678,5.0,2023-02-17,Fish you care need guess section build word television.,1
3504,163,969,5.0,2024-08-26,Collection fall off board memory season significant able ago community dream mother mention treat year performance.,1
3505,186,168,5.0,2024-12-30,Hair increase now management hundred radio of account per be line.,1
3506,247,1268,4.0,2022-05-09,We term down watch reflect north eat decide deal town easy it Republican myself leave case.,1
3507,223,1752,5.0,2023-05-12,Word recently plant sign responsibility young reality off billion soldier professor.,1
3508,28,1559,3.0,2022-08-26,Series investment close program Mrs back practice face.,1
3509,297,1953,5.0,2022-04-30,Natural spend benefit create candidate major deep issue politics popular recent your process.,1
3510,154,602,5.0,2023-12-21,There center respond design cause catch city item laugh that rise hotel second.,1
3511,206,30,4.0,2022-12-04,Future bit garden carry miss magazine spend evidence girl.,1
3512,116,796,5.0,2024-04-11,Everyone letter recent kind fine event back.,1
3513,170,2222,2.0,2024-10-08,Leader federal rule hit focus sense describe often place environmental structure production.,1
3514,121,967,5.0,2023-12-17,,0
3515,59,1973,2.0,2023-07-01,Everyone hear officer onto five accept nearly recently last fish.,1
3516,198,1190,4.0,2022-10-11,Management response six season protect agree into concern social a relationship.,1
3517,193,2445,5.0,2022-12-15,Cost feeling process large writer else tend nature live.,1
3518,10,1544,5.0,2023-06-26,Military once can bring commercial million series within down follow interesting.,1
3519,183,2332,3.0,2024-12-01,Rock team nice another compare right political table order.,1
3520,105,1924,5.0,2023-03-28,,0
3521,51,122,5.0,2024-06-02,Today commercial along still ground personal about region order should crime generation else north deep.,1
3522,200,1721,4.0,2022-05-06,Majority sing candidate suffer oil cold beautiful administration pull.,1
3523,15,1961,3.0,2022-01-19,College our under carry guess less wish number mention.,1
3524,279,1709,2.0,2024-04-17,,0
3525,144,1207,4.0,2024-01-31,Easy small reality school economy deep issue almost condition color any above possible list allow.,1
3526,75,1062,1.0,2023-03-27,Loss move make skin any here foreign family add member.,1
3527,182,648,5.0,2024-08-21,Someone hard office western anyone force watch base cost position member trouble while again occur.,1
3528,44,1134,,2024-09-25,,0
3529,103,2178,4.0,2022-10-20,Responsibility whom face exactly body single body yeah together doctor fast TV result easy call gas.,1
3530,107,595,5.0,2023-04-11,Senior certainly own international evidence ready especially.,1
3531,188,685,1.0,2022-02-23,Recognize worry use reach must produce pick avoid fine vote.,1
3532,92,1291,4.0,2022-03-12,,0
3533,75,479,4.0,2022-04-17,Speak rule note several fund per thought serve food.,1
3534,101,1241,5.0,2022-11-13,Bank ok keep thank market and world outside base popular season another hand despite.,1
3535,153,2031,4.0,2024-04-28,Total perhaps boy value conference entire whatever send beautiful fly.,1
3536,109,2200,3.0,2022-03-13,Population its easy upon work power project my argue body garden certainly top break such.,1
3537,170,867,5.0,2023-01-23,Service per full either remember boy challenge report foot oil brother day hour hope figure.,1
3538,224,405,5.0,2022-10-21,Everything because smile top age share a behavior national.,1
3539,157,509,5.0,2022-02-17,Stay above important new Congress study dog his.,1
3540,145,603,4.0,2024-10-27,Whole notice safe bag message personal may politics main president form.,1
3541,76,1293,5.0,2022-10-07,Assume late both expect draw often total American political degree happen research.,1
3542,259,1788,5.0,2024-11-24,Western daughter window exist evening modern part attorney what indicate for party behavior movie democratic.,1
3543,126,1742,3.0,2023-04-02,Beat like where collection son explain several structure down answer.,1
3544,230,715,5.0,2022-09-18,,0
3545,257,1572,4.0,2022-09-23,Able nor off agree watch everything middle art language arm bit perhaps.,1
3546,18,28,4.0,2024-06-17,Better source yeah painting stop agent him Democrat material often government group.,1
3547,91,686,1.0,2024-12-31,Cultural could modern test room history response eight north early try western black challenge wrong.,1
3548,230,1392,4.0,2022-10-17,Nature rule account physical something scientist their year relate public compare ball less physical design.,1
3549,100,242,4.0,2023-03-09,,0
3550,115,1150,4.0,2023-10-16,Physical moment less interest economic responsibility force truth name be scientist strong practice close.,1
3551,288,494,3.0,2024-03-06,,0
3552,79,1731,5.0,2024-09-21,Leg better guy believe ahead young teacher find enjoy life situation someone affect.,1
3553,101,662,1.0,2022-10-01,,0
3554,232,1130,5.0,2023-07-06,Thank wall source generation kitchen in market contain either themselves nation.,1
3555,298,1464,5.0,2024-02-26,Nothing within good organization as off top adult suddenly worry process enough realize.,1
3556,63,820,4.0,2024-09-06,Whatever friend us feel task institution power type certain body glass necessary stay lead simply speech.,1
3557,37,171,3.0,2024-12-20,Some wish soldier pull leader idea sea magazine reduce suggest.,1
3558,136,656,3.0,2023-01-07,,0
3559,167,1985,3.0,2022-03-22,Consider whose drive study short lose order across TV girl newspaper.,1
3560,70,1813,3.0,2023-10-07,,0
3561,138,1753,1.0,2022-10-11,Your everyone serious somebody join doctor difference amount.,1
3562,182,333,5.0,2023-03-08,,0
3563,283,15,5.0,2022-10-10,Instead memory themselves notice yeah least shake industry commercial task parent director conference information be young.,1
3564,84,353,4.0,2022-01-23,Community indicate from attack today camera wide better friend some visit stay turn think.,1
3565,150,241,5.0,2023-08-25,,0
3566,94,2247,4.0,2023-08-01,Public would success campaign dark simple car physical.,1
3567,241,136,4.0,2023-07-10,Appear food true development every young reveal likely.,1
3568,108,1771,5.0,2024-04-10,Admit law name side responsibility head discussion set future far medical.,1
3569,130,312,4.0,2023-12-30,Sure concern subject scene think fund rather since else value summer down.,1
3570,198,2035,5.0,2023-10-15,None book change region various increase hair minute seem her create.,1
3571,221,1668,3.0,2023-01-10,Decide another yes claim its word require message letter believe choose year story statement these free.,1
3572,164,1390,5.0,2022-11-07,,0
3573,251,1236,4.0,2022-06-05,Enjoy speech pull today way send beyond billion national while realize face talk back.,1
3574,4,893,2.0,2024-11-05,Require or fight year remember picture third time say up sense heavy gas in street.,1
3575,154,1152,4.0,2022-06-17,Magazine seek amount figure happen will reality business.,1
3576,167,665,4.0,2023-12-10,,0
3577,202,969,3.0,2023-07-14,Future general television peace want decade accept various continue within can whose late.,1
3578,283,1794,4.0,2024-03-07,Yard find write product cover son what green be out per phone civil.,1
3579,164,233,2.0,2024-01-07,,0
3580,172,728,3.0,2024-10-31,At first when party kind suddenly stuff wind.,1
3581,237,164,3.0,2022-05-31,Defense area speech investment either answer week recognize bring significant material service really your avoid back.,1
3582,295,1347,5.0,2023-01-22,Than air race energy along star control type find future hit individual specific report become customer.,1
3583,285,629,5.0,2024-01-13,,0
3584,178,275,4.0,2023-03-04,Group line plan career significant single discover off consumer over coach smile consider environmental name term.,1
3585,117,1288,5.0,2023-07-25,Man young out rise job leg some.,1
3586,41,1223,1.0,2023-09-01,Find occur while western never beyond interest several coach prevent far raise.,1
3587,64,1656,1.0,2022-10-20,Law old quite that assume baby alone meeting quickly let quite.,1
3588,200,2077,3.0,2023-07-14,,0
3589,54,424,4.0,2022-10-13,Newspaper certain degree require quickly plant sometimes everything smile.,1
3590,26,2003,2.0,2023-07-25,Movie moment size house people the financial wife ball energy brother.,1
3591,158,666,2.0,2024-11-03,Less per only either here area ask data often especially tough can.,1
3592,113,801,2.0,2023-06-11,Size production boy she deep over follow happen under PM challenge friend number.,1
3593,113,1772,3.0,2024-08-03,Structure kid stuff action including light police project.,1
3594,196,586,5.0,2022-06-18,Want while leave ago table partner degree hundred.,1
3595,243,1751,5.0,2024-08-18,Claim research gas water deep break out set situation old couple usually military.,1
3596,193,385,5.0,2022-12-06,Statement member return third rich actually door matter mother vote fund guy hospital budget behind.,1
3597,45,850,5.0,2022-11-04,Enter card wide four show play claim light.,1
3598,163,2487,1.0,2022-04-09,Unit push then concern discover measure but too especially guy than worry bar.,1
3599,153,73,5.0,2023-09-15,Or laugh data alone fast his defense name focus exist son.,1
3600,263,1772,2.0,2024-07-24,By central available pay rather miss whether father.,1
3601,26,641,5.0,2024-05-26,Daughter campaign approach group parent argue off pay.,1
3602,286,1512,3.0,2022-05-24,,0
3603,88,816,4.0,2023-12-04,,0
3604,281,1802,5.0,2023-01-23,Agency not charge two charge always response two theory speak.,1
3605,16,1462,5.0,2022-10-11,Imagine site just star trouble quickly that cut natural need her impact face.,1
3606,101,2055,5.0,2022-04-08,Program our write lose determine real family.,1
3607,25,537,2.0,2022-04-12,Continue program our option room center design forward country brother full education yet.,1
3608,192,115,3.0,2024-02-03,Rock home ok let international play trouble fear age picture environmental compare build.,1
3609,178,982,3.0,2023-03-16,,0
3610,200,1956,3.0,2023-10-20,Road travel form western recently Congress threat get floor dinner beyond special view say trade sing.,1
3611,45,2140,4.0,2024-10-11,Style these goal a hold under expect happen good mission decade hot leg chance night.,1
3612,78,1837,2.0,2022-10-01,Site office whether oil soldier step plant next represent image hold.,1
3613,164,1127,3.0,2023-06-10,More better hundred question wait threat rich morning expect find crime finish produce section interesting we.,1
3614,53,409,3.0,2022-09-21,,0
3615,42,1915,3.0,2023-10-26,,0
3616,118,2163,3.0,2022-07-23,It skin wide present adult point market end.,1
3617,20,2380,5.0,2023-05-20,To and without though PM glass consumer per sound.,1
3618,135,846,2.0,2022-09-26,Though kind party dinner travel list night.,1
3619,58,585,4.0,2022-12-31,Another energy hard beyond girl our scientist ten.,1
3620,121,299,4.0,2024-10-10,Think fast serious mission plan final should material bit.,1
3621,172,655,3.0,2022-06-08,Quite teacher traditional million maintain office glass.,1
3622,227,101,2.0,2022-02-27,,0
3623,138,1439,4.0,2023-08-25,Follow wait particular store card boy position lay.,1
3624,23,101,3.0,2023-01-16,,0
3625,117,830,3.0,2023-01-29,Almost as never example add recognize suggest ready discover sit reality us finally simple others fight.,1
3626,14,576,3.0,2024-07-22,Pressure special control west may catch these yourself make success everything item.,1
3627,16,1701,5.0,2023-04-20,Single evidence impact heart while new still deal kitchen help.,1
3628,31,1504,5.0,2024-05-22,However president relationship behind if military onto he these financial.,1
3629,206,2126,1.0,2024-01-14,Brother mission feeling natural fire point evening science community because but bank close under.,1
3630,143,2224,5.0,2022-01-09,Model really size occur significant establish apply bed can southern positive speech level record behavior.,1
3631,167,2160,4.0,2022-10-31,Rather notice benefit onto specific though country may control attack election sound.,1
3632,26,741,5.0,2024-01-11,,0
3633,275,841,5.0,2022-10-01,Child task local across why see amount Congress military skill large run important explain form.,1
3634,242,1642,4.0,2024-12-29,Quality quickly art common person blue five society factor.,1
3635,145,325,5.0,2022-07-22,,0
3636,187,620,2.0,2024-06-26,Job personal two ability simple company learn capital senior dog break usually possible.,1
3637,255,2278,4.0,2022-04-25,Meeting improve realize decade wind sense everybody.,1
3638,5,1865,4.0,2024-10-13,Old watch them another common throw after cut message young.,1
3639,135,2113,4.0,2024-02-04,Red organization animal catch field ability type late customer realize probably need traditional.,1
3640,202,2286,1.0,2023-07-04,,0
3641,280,1771,5.0,2022-01-08,Peace fast range question fall window outside enough lay bank doctor.,1
3642,191,1297,5.0,2024-07-25,Plan coach thus adult service again music son can raise chair when administration radio.,1
3643,158,1665,4.0,2024-12-01,Order movie instead loss society catch environmental finish finish.,1
3644,126,1924,4.0,2024-10-17,Participant chance weight building method billion perhaps.,1
3645,101,431,2.0,2022-06-04,Some floor movie describe wife company to direction manager different.,1
3646,57,2036,4.0,2023-12-15,Catch author shoulder hot around Democrat modern popular bank serious once.,1
3647,50,1538,4.0,2022-11-13,Even visit coach provide Democrat western camera maybe road interesting tax house own note ball meet.,1
3648,116,2313,4.0,2022-10-11,She hundred chair trouble book poor land sell.,1
3649,252,506,4.0,2024-06-03,Resource race condition single general ground few land child agreement anything enough.,1
3650,51,1669,3.0,2023-09-19,Traditional truth PM yard soon sign close compare gas raise laugh all man middle south.,1
3651,10,2338,5.0,2022-10-30,Modern situation just especially develop safe seem.,1
3652,81,2237,4.0,2023-02-21,Hundred above possible nearly ability week maintain.,1
3653,192,2253,4.0,2024-02-01,,0
3654,24,1426,5.0,2024-11-24,Section high set west green million toward western road treatment first subject difficult.,1
3655,211,1664,5.0,2022-05-29,Yet may material wife whom continue move us security trip fact push.,1
3656,61,773,3.0,2024-10-30,Join rule quickly learn seven weight collection voice though build sea top.,1
3657,176,1944,3.0,2022-01-27,Paper husband evidence along off party citizen energy car lawyer interview thank respond today.,1
3658,29,92,5.0,2023-06-25,,0
3659,149,2408,5.0,2023-09-22,Character bad surface really wall as land point four hot least family easy born.,1
3660,194,2043,4.0,2022-06-06,,0
3661,25,1201,5.0,2024-02-01,Law field father reality smile so nor amount remember we red major man.,1
3662,147,689,5.0,2022-02-13,Appear adult close expert seem support despite put ability turn nice difference building mouth south.,1
3663,142,2237,5.0,2023-09-27,Single religious so adult speak pay create since discover.,1
3664,163,634,5.0,2024-09-10,Couple hard day step economic save body.,1
3665,66,1821,5.0,2024-12-05,Hard reason some establish tonight phone window run board pattern material half summer not direction.,1
3666,110,613,5.0,2022-04-06,Politics card street modern perform century miss think red.,1
3667,47,486,5.0,2022-11-15,,0
3668,32,159,5.0,2022-03-10,Such how them behind although condition everybody investment least increase cultural American development as hold.,1
3669,99,2254,4.0,2022-03-05,,0
3670,211,909,5.0,2022-06-11,Tree senior nation look life here partner Mrs.,1
3671,14,263,4.0,2024-09-16,Suggest standard evening ever ask nation bank black enjoy coach sing compare free.,1
3672,254,1431,5.0,2024-04-14,,0
3673,119,1795,3.0,2024-05-02,Direction say yeah section moment career me compare difference capital political little wish sort.,1
3674,42,1905,5.0,2023-12-30,Reality story citizen reach successful collection sing role value project drop tend red develop.,1
3675,48,1853,5.0,2024-08-31,,0
3676,114,1444,3.0,2022-08-05,Rock himself tell my individual keep half old.,1
3677,22,474,2.0,2024-12-16,Let letter president meeting every ago country understand well.,1
3678,134,323,4.0,2024-01-16,Point key to sell party society discussion real move job personal mean.,1
3679,40,617,5.0,2024-04-02,Interview face with small pass north shake lose.,1
3680,123,1076,4.0,2024-12-31,Hope affect drop step ability try myself ask site age.,1
3681,243,1359,4.0,2023-11-15,Sure likely door theory yeah million woman run data police audience music quickly answer.,1
3682,16,1433,4.0,2023-03-05,,0
3683,280,2089,2.0,2024-09-11,,0
3684,169,1672,2.0,2024-09-01,Control argue middle person discuss purpose claim win election.,1
3685,25,438,4.0,2024-05-03,,0
3686,99,1866,5.0,2024-01-13,,0
3687,65,473,2.0,2023-04-18,,0
3688,200,647,5.0,2024-01-07,Them enter really risk exist executive lot civil million management outside.,1
3689,225,133,5.0,2022-12-29,,0
3690,56,1354,5.0,2022-06-22,Face someone staff rock least spring lay agency understand.,1
3691,198,902,5.0,2023-10-25,Hold nothing official end test race heavy despite investment wind than course heart state capital.,1
3692,96,1140,2.0,2023-11-22,,0
3693,90,1252,4.0,2023-07-22,Task style daughter ahead manage teacher management ahead attorney matter baby water wall together describe something.,1
3694,287,834,4.0,2024-11-15,Born its avoid common tough commercial remember series save part court information someone significant tend.,1
3695,81,767,3.0,2022-02-27,,0
3696,286,880,3.0,2022-06-20,Discover public something contain tree effect rich between cold though car.,1
3697,2,270,2.0,2024-05-02,Enter control none attorney church seven brother.,1
3698,272,2402,5.0,2022-08-10,Loss pay probably issue sometimes letter deal cover best college second.,1
3699,154,1069,3.0,2022-05-15,,0
3700,133,1117,5.0,2023-07-04,Past democratic yeah go defense indeed three.,1
3701,211,328,4.0,2023-08-20,,0
3702,205,1941,4.0,2022-09-14,Watch election both say big other herself nor teach wife news spend attention check meet.,1
3703,268,1218,5.0,2024-09-01,Yeah see go smile from trade energy health idea face raise.,1
3704,110,2248,5.0,2023-03-11,Suggest really approach these another left ten nature remain window pay clearly tell threat line rock.,1
3705,188,2194,5.0,2023-01-24,Another training from eat responsibility brother choose she when collection especially experience.,1
3706,281,662,3.0,2022-12-04,,0
3707,221,941,4.0,2022-12-03,Speak upon personal easy actually office national form sit light key down heart project minute.,1
3708,190,1816,2.0,2023-11-14,Action kitchen thus imagine myself husband Congress senior perform federal participant official task although decade.,1
3709,243,64,3.0,2023-08-09,College while born hope mouth design attention play show.,1
3710,72,1099,5.0,2024-03-22,Economy quickly consumer bag want gun four program foot mission night.,1
3711,16,32,4.0,2023-04-14,Wonder even conference camera difference foreign husband remember.,1
3712,69,2370,4.0,2024-04-18,,0
3713,205,830,5.0,2024-04-24,Study doctor ground ask production significant there yeah play.,1
3714,3,1537,4.0,2023-05-06,Indeed drug music animal much hot almost accept watch suggest.,1
3715,254,62,1.0,2023-04-08,Front recently main paper ball civil upon assume why must.,1
3716,202,358,4.0,2024-03-06,Force cut population sense economy radio wind billion conference from month.,1
3717,113,1787,5.0,2024-05-09,Painting growth friend sport create list over local much memory ball represent middle amount identify back.,1
3718,254,2173,4.0,2023-10-12,Near seem medical knowledge popular relate create Congress listen laugh meeting follow fish expect local.,1
3719,8,2245,5.0,2022-07-27,Age always show some scene need medical course music health increase sell rest up.,1
3720,31,280,5.0,2024-12-06,,0
3721,33,2300,3.0,2022-05-02,Relationship final wind audience station international change law trial us general want him hope.,1
3722,173,265,3.0,2024-04-23,North ball arm happen late space change and for huge staff institution seven everyone require important.,1
3723,207,1311,3.0,2023-04-13,,0
3724,238,1680,4.0,2023-03-04,Wish I finally single television draw friend reason much middle cut soon dinner.,1
3725,5,1402,4.0,2022-08-15,Enjoy eat choice surface memory use rate maybe.,1
3726,258,414,4.0,2024-03-31,Community account visit hour itself debate matter large recently because note again such usually a after.,1
3727,265,1535,4.0,2024-01-28,Section human support letter actually response stay someone final.,1
3728,252,97,5.0,2023-08-02,,0
3729,262,2490,4.0,2023-03-21,Try oil attorney win century management main including about tell participant far share great serve child.,1
3730,208,583,5.0,2022-08-20,Bring what happy lead would woman choose loss where less house hour break cold carry.,1
3731,30,107,4.0,2022-01-28,Defense agent star any seem third and just senior trade.,1
3732,292,422,4.0,2024-05-28,How much fast next heart off maintain food lay service try.,1
3733,288,228,4.0,2024-12-29,Up whether development task take difficult out help.,1
3734,21,147,5.0,2022-10-28,Student expert point style whom determine give fear.,1
3735,8,1233,1.0,2023-09-30,Exactly run impact his rate nice try couple responsibility purpose there well.,1
3736,143,1908,3.0,2023-02-03,Knowledge hotel city moment receive voice sing including thought.,1
3737,274,1792,4.0,2022-03-31,,0
3738,95,367,4.0,2023-01-01,,0
3739,159,519,4.0,2022-09-19,,0
3740,137,347,3.0,2024-08-12,Tv pretty work attention at outside sort speak energy quality resource girl.,1
3741,163,1630,3.0,2023-06-03,Course too office door account similar hold even room around social perhaps.,1
3742,85,1576,1.0,2022-11-02,Wife guess production nothing employee challenge upon above also seven mean.,1
3743,122,668,5.0,2023-12-16,Ability later east second involve summer wall at what between there almost imagine magazine.,1
3744,293,1348,3.0,2023-05-07,Government ball today money necessary finish compare question former item relate himself central close.,1
3745,242,960,4.0,2023-05-30,,0
3746,189,673,2.0,2024-01-26,Well poor southern executive behind because girl television.,1
3747,50,1326,2.0,2023-04-20,Democrat rule per recently space in of allow writer street economy might manage resource.,1
3748,56,674,2.0,2022-03-29,Serve white yard serve could no town project process free left hair.,1
3749,69,153,1.0,2024-05-22,Approach let age fill crime account we hospital left.,1
3750,226,475,4.0,2024-12-20,There gun degree citizen successful film next choose standard several.,1
3751,250,1812,3.0,2022-05-26,Tend front international six fight decision dog second science.,1
3752,89,397,2.0,2023-09-20,Task author time improve interest guy single air morning soldier.,1
3753,13,115,4.0,2024-05-20,Science tonight be firm close deep manager suddenly sport building use everybody.,1
3754,175,88,5.0,2022-10-25,Describe along shake on apply ok time drop effect professional stuff.,1
3755,277,550,5.0,2024-01-01,Area more lose whatever mean project hot.,1
3756,282,57,3.0,2023-01-25,Miss field clear continue less hope goal friend really success though find.,1
3757,11,1287,1.0,2022-08-03,Ok management game beat decision sound candidate imagine kid.,1
3758,83,932,3.0,2022-11-20,Evidence teach several community interesting around which great course society wish participant late ready consider against.,1
3759,30,1934,3.0,2023-12-12,,0
3760,12,372,4.0,2022-03-01,Professor lead material performance build effect face early himself whole.,1
3761,227,513,5.0,2024-03-21,Chair director attention make police daughter rule customer father low life it.,1
3762,86,2477,5.0,2022-08-13,Their response its with green central think issue.,1
3763,279,484,3.0,2022-05-08,Feel specific some task training only attack put they now despite agreement.,1
3764,164,2092,3.0,2023-01-27,,0
3765,240,1174,5.0,2024-11-27,Republican send unit yourself us turn protect put then find.,1
3766,296,2338,4.0,2024-05-18,War model represent impact level boy again finish first.,1
3767,61,2338,5.0,2023-12-31,,0
3768,71,785,5.0,2024-11-09,Between respond way good sort analysis us southern.,1
3769,35,2257,5.0,2023-11-29,Nation none husband sense their those beat never part ask author me street or tough statement.,1
3770,6,688,5.0,2024-12-18,Think medical politics green image possible end art any.,1
3771,19,1581,5.0,2024-11-23,,0
3772,126,1786,2.0,2024-04-21,Sing identify should loss particular gas east shake.,1
3773,130,855,4.0,2023-10-26,Then skin same simple painting those report base safe realize program community relationship.,1
3774,72,1282,5.0,2024-12-24,,0
3775,10,1402,4.0,2022-08-14,Wait recent site call wear half story.,1
3776,278,1463,4.0,2022-08-02,Voice drive along word team meet nor statement article.,1
3777,153,1708,3.0,2022-09-21,Require western daughter wife bank case war say position evidence worry decide spend.,1
3778,281,748,5.0,2022-01-04,,0
3779,36,1638,3.0,2022-08-17,Modern hit thousand lawyer administration at Mr movement.,1
3780,168,260,5.0,2024-10-22,,0
3781,211,2317,5.0,2024-08-24,Glass radio feeling far people body blood win chance factor.,1
3782,96,864,4.0,2022-06-21,About us oil cover statement door prepare soon usually everything according together in.,1
3783,143,482,5.0,2024-07-29,,0
3784,187,39,4.0,2024-10-12,Body news race reality picture establish important ready country fast four very doctor past.,1
3785,271,336,5.0,2023-08-19,Practice single store sit stand key mother economic this project million forget feeling computer claim.,1
3786,75,1763,5.0,2023-08-05,,0
3787,276,62,5.0,2024-02-14,Woman rather can network approach serious them call computer opportunity seem role exist total.,1
3788,192,1731,4.0,2023-09-26,Threat but source although key father century run account serve news address.,1
3789,93,307,5.0,2024-08-07,Rich far strong majority affect prove eight forward themselves young.,1
3790,177,55,3.0,2024-03-12,Continue director work front read not lead within worry information peace.,1
3791,231,64,2.0,2023-02-01,Stuff practice security top coach today support than determine ago whatever consider various end how.,1
3792,28,2160,3.0,2024-11-14,Account discover effort them detail live act month management rather make friend class small support thousand.,1
3793,239,1245,4.0,2024-07-10,,0
3794,136,176,5.0,2024-05-26,Without traditional almost figure plant Democrat wife card upon.,1
3795,265,430,4.0,2023-08-04,Could question nation political need health should.,1
3796,291,1903,3.0,2022-06-01,,0
3797,290,1127,4.0,2023-09-09,Grow allow approach best professional in myself idea indeed evidence.,1
3798,151,1480,3.0,2024-03-15,Imagine fund heart performance fight audience officer my themselves system.,1
3799,157,816,2.0,2024-04-28,Style report to family firm fly recent others.,1
3800,243,1802,5.0,2023-03-08,Market man firm find thousand must become positive moment hour huge industry director spend.,1
3801,117,722,5.0,2024-01-13,Society special owner best employee both member far soldier.,1
3802,245,1463,5.0,2023-02-06,,0
3803,182,1903,4.0,2024-06-07,Accept green worry project box under usually end all the he establish management government.,1
3804,61,2303,5.0,2023-09-30,Up interest range sort rest wish through leader sound.,1
3805,99,982,2.0,2024-09-23,Big message end hand clearly north determine project foot suffer board realize.,1
3806,131,2196,3.0,2024-03-21,Choice well degree apply state federal husband garden interview.,1
3807,213,827,1.0,2022-01-21,Wonder standard prove item cold north nature despite similar fear best high sometimes.,1
3808,138,1076,4.0,2023-08-10,Ok scene daughter onto he close past space politics difference list degree fund.,1
3809,264,2037,5.0,2022-07-12,,0
3810,53,1741,4.0,2023-05-11,Party mind different set bag hospital process instead ready.,1
3811,53,497,5.0,2024-05-12,Single large would street true current about as beautiful best pay.,1
3812,159,2042,5.0,2022-08-02,Student production world hour owner walk protect mean several rather require.,1
3813,299,850,5.0,2022-03-05,Direction number pull environmental stand go even officer on talk one federal.,1
3814,110,752,3.0,2023-07-13,Move five small suffer trip eye hospital find center know agreement group world strong model forget.,1
3815,20,2355,4.0,2024-01-06,Not since despite least nice anyone door laugh everybody training news wonder already find.,1
3816,73,286,4.0,2022-06-10,Up effort already serious threat white my grow property now risk western leader condition simple direction.,1
3817,296,213,4.0,2024-05-05,Apply author network join subject environmental put can official stay large adult.,1
3818,206,2105,3.0,2024-03-08,Focus provide store hold change president city system notice may.,1
3819,238,802,5.0,2023-02-22,Me magazine way production Mrs son executive share million usually away compare chance example here.,1
3820,51,256,5.0,2024-12-28,Own poor serious amount hot less difficult cause establish white decide become.,1
3821,275,430,4.0,2022-03-08,Suffer worry somebody move around fly bill such class per.,1
3822,160,1248,4.0,2022-10-22,,0
3823,143,2222,5.0,2023-01-27,Marriage health few manage and song notice effort brother heart particular.,1
3824,120,2245,3.0,2023-01-11,Each source mention throughout good reveal business south me network set lawyer size money four.,1
3825,259,39,5.0,2023-05-18,Film late from democratic decide dinner hospital away partner.,1
3826,52,1164,5.0,2022-05-24,,0
3827,176,1713,5.0,2024-04-20,Decade her again six understand reach however born he just politics yes worker test style.,1
3828,154,1528,5.0,2024-05-01,,0
3829,171,2200,5.0,2024-04-11,Ten movement last modern purpose laugh level near focus they.,1
3830,81,617,4.0,2022-08-30,,0
3831,66,1071,4.0,2023-10-19,Lay what situation real always student full.,1
3832,226,133,5.0,2024-04-04,Help its determine history send hospital wish necessary sense decade people someone.,1
3833,150,1167,5.0,2024-07-01,This decision around exist sense best discuss organization will.,1
3834,19,1301,4.0,2023-10-10,Near control air poor land visit say marriage animal series company cut sign street notice.,1
3835,37,2137,4.0,2024-06-19,Science picture remain get according condition candidate strategy perform people.,1
3836,54,715,4.0,2022-09-06,Attack decide address experience third think require.,1
3837,264,678,5.0,2022-06-13,Threat any right line father point understand ball difficult choice care their in institution fine.,1
3838,178,312,3.0,2022-11-27,National challenge item difference draw add affect rate vote no.,1
3839,22,46,5.0,2023-06-25,,0
3840,259,102,5.0,2022-01-22,,0
3841,124,2151,5.0,2022-09-11,,0
3842,8,743,4.0,2023-10-01,Truth see section street cup reflect audience rest artist material.,1
3843,155,81,2.0,2022-09-14,Baby eye half top beautiful prove floor blue book avoid huge western own.,1
3844,73,345,4.0,2024-03-30,Sometimes throw official clearly door score make mean Republican.,1
3845,15,678,4.0,2023-03-26,Research mission ok popular chair ask some yet nice soldier read truth.,1
3846,31,2315,5.0,2023-02-10,Citizen challenge something president think pull stage feel science million song before three finally.,1
3847,168,1228,4.0,2023-12-21,Accept water data seven especially charge easy factor entire.,1
3848,210,515,2.0,2022-01-20,,0
3849,223,1189,5.0,2024-06-07,Begin many former enjoy see analysis Democrat candidate prove couple area.,1
3850,249,752,1.0,2023-10-27,Hear tree others behavior factor drive or shoulder.,1
3851,13,1083,4.0,2024-04-14,Up dream financial before prove ten work feeling give.,1
3852,2,1689,5.0,2024-07-04,Parent hope blood true several interest night example at nature soldier life.,1
3853,147,2462,4.0,2023-10-04,Street TV particularly beautiful light into mouth reduce none indicate rich after color.,1
3854,96,2423,4.0,2024-08-18,,0
3855,57,1234,5.0,2024-07-31,Manage soldier national because we read three as reveal money way general or condition another general.,1
3856,83,40,5.0,2024-12-14,Long newspaper suddenly foot budget thought throughout story.,1
3857,270,1543,4.0,2024-11-19,Ago among participant indicate agency half industry agency successful media poor only free yourself listen.,1
3858,151,1740,2.0,2023-03-18,Trial call anyone executive decision against model.,1
3859,228,593,5.0,2023-04-13,Next state former camera difference close security their far do quickly focus present.,1
3860,91,1625,5.0,2022-06-15,Raise available democratic security address center stay fish cause.,1
3861,265,1310,5.0,2024-04-13,,0
3862,4,906,5.0,2024-03-07,,0
3863,129,372,2.0,2024-09-22,,0
3864,49,2265,4.0,2023-12-18,Source team job life protect score strategy have today throw voice themselves.,1
3865,74,970,3.0,2023-02-21,Cut medical hotel along believe beyond different stuff detail require once both sell relate occur.,1
3866,280,830,4.0,2023-12-23,Station professor laugh expert inside far discussion writer argue staff describe.,1
3867,263,2252,5.0,2023-08-05,Project successful reduce natural ball brother production.,1
3868,214,1010,5.0,2022-09-29,,0
3869,77,1461,4.0,2022-07-25,Door about their by charge week movement almost see sound every as.,1
3870,129,452,4.0,2024-07-04,Pressure she similar kitchen cultural degree computer writer past daughter morning scientist task from simply.,1
3871,95,988,5.0,2024-03-27,Test arrive choose carry point adult couple religious sense well purpose office.,1
3872,64,2370,5.0,2024-07-05,Last hard defense contain sing evidence foot national raise.,1
3873,84,1438,4.0,2023-10-22,Between itself picture and role American law toward upon ever accept start small soon present piece.,1
3874,18,146,3.0,2024-04-06,Save no source determine body up source finally.,1
3875,106,1805,5.0,2022-10-04,,0
3876,64,1043,4.0,2022-11-12,Risk involve compare happy develop seven sure skill tell fly big word capital worker stay heart.,1
3877,246,423,5.0,2022-11-01,Very citizen yourself today political another care off management.,1
3878,216,859,4.0,2023-06-19,Task base direction although and certainly list second actually provide option head.,1
3879,104,23,3.0,2022-08-07,Work might end carry director ball night purpose remain civil its Congress player one.,1
3880,277,1445,5.0,2022-02-27,Remember father hold discussion through everything experience life option cost politics indicate skill spend surface.,1
3881,181,1778,4.0,2023-02-25,Public standard accept hard ball window happen practice accept economy great respond say discuss face economic.,1
3882,116,1746,5.0,2023-02-18,,0
3883,103,798,5.0,2024-03-30,New gun note truth stop real might fall determine pull trade.,1
3884,168,1140,4.0,2022-05-23,Born enjoy understand central again woman anything blood reach account.,1
3885,93,138,5.0,2024-09-07,Before break federal man health number Mr join author indicate Democrat media science war doctor arrive.,1
3886,151,2258,5.0,2024-07-03,Feeling end sell tough win throughout again method time never.,1
3887,61,1216,4.0,2023-03-09,Play next under bag way president ok force middle task ahead difficult store century machine.,1
3888,229,45,5.0,2023-04-11,Herself give family move itself mind increase set place training still.,1
3889,128,98,4.0,2022-02-07,Concern decide term current development choice camera art participant dream thing local reason.,1
3890,37,995,5.0,2023-04-07,,0
3891,264,1816,2.0,2024-05-18,Civil good near pay energy nice anyone.,1
3892,193,2352,4.0,2024-03-20,Return easy ahead between government evidence movie agency for race.,1
3893,110,1493,5.0,2024-07-14,Education process miss compare different player student tough.,1
3894,244,979,2.0,2023-12-17,Only else evidence yeah move war political.,1
3895,239,1686,5.0,2024-12-04,Reveal step certain service image third reveal wide.,1
3896,167,60,1.0,2023-04-29,Discussion go just someone easy arrive television focus.,1
3897,68,2201,3.0,2022-11-21,Sense seek hospital fact near top boy these government within professional yes.,1
3898,280,1015,4.0,2022-05-17,Section trip north century product upon third people.,1
3899,259,2051,5.0,2023-07-06,Increase carry plant reflect police blood a serious turn should language first laugh.,1
3900,223,2232,5.0,2022-03-21,In task ok send change he maintain that work little ready discover.,1
3901,19,2402,5.0,2024-12-11,Suggest cut sense discover born better hour apply art tell part.,1
3902,215,241,4.0,2023-03-28,Most south either sign those type hotel chance at computer grow floor.,1
3903,29,416,5.0,2022-03-14,Example enough fact customer hour direction watch between administration east animal treatment medical lay.,1
3904,137,1212,5.0,2023-11-02,Sister pay share rather data travel party then hospital little smile.,1
3905,181,2099,5.0,2022-02-15,Hair per speak from hope song score fact relate indicate.,1
3906,116,490,4.0,2022-10-17,Lawyer ball moment owner politics citizen important local bed issue on include keep.,1
3907,279,1386,2.0,2023-04-20,Society build say leader show language give everybody attack.,1
3908,194,2265,3.0,2023-03-05,,0
3909,28,1725,4.0,2023-01-01,Main say agency evidence difficult difference where rule hold six lead.,1
3910,141,2462,2.0,2022-02-16,Receive case human society event offer probably anyone.,1
3911,175,1102,5.0,2023-11-30,,0
3912,117,299,4.0,2024-04-23,Determine although letter most we debate democratic side road ok baby matter senior.,1
3913,66,2339,5.0,2022-04-20,Half industry performance avoid mean law today billion himself him whose of local detail science bring.,1
3914,114,2332,5.0,2023-09-14,Government rate speech person defense feel tonight.,1
3915,183,481,4.0,2023-01-06,Gas yeah already family pattern end serious several or one table human yes summer between.,1
3916,31,1399,4.0,2022-11-03,,0
3917,209,2078,4.0,2023-06-01,Ten traditional reduce participant American know thought car hour wrong himself positive think.,1
3918,79,1686,5.0,2023-01-14,Laugh into perhaps history tell campaign draw activity so laugh happy either prepare every.,1
3919,55,2468,5.0,2022-08-01,Well discuss matter anything at fish chance name capital specific.,1
3920,218,626,4.0,2023-04-27,Others world low political oil maybe rise quite buy might health relationship increase end.,1
3921,241,1420,4.0,2023-08-28,Need about three night certain town conference feeling subject.,1
3922,134,1092,4.0,2023-04-22,Bar recent for list still no huge year support great marriage appear trade.,1
3923,35,959,5.0,2024-10-05,Speech cut senior compare worry purpose miss agent official brother similar three back if effort.,1
3924,166,2378,5.0,2024-10-12,Half know think cold decide fire need energy area radio threat lead reveal up feel.,1
3925,60,2263,5.0,2022-12-18,Answer per item summer home force center wear learn.,1
3926,22,1591,4.0,2022-04-09,State total book page view reduce important analysis discussion resource risk animal under truth notice like.,1
3927,143,1383,4.0,2022-12-13,Walk another condition add possible economic record final candidate memory carry gas Congress.,1
3928,242,2458,4.0,2023-11-12,Own big yeah will pressure husband plant.,1
3929,149,1794,4.0,2023-10-19,Challenge think age guess yourself position ago education.,1
3930,184,1271,3.0,2024-01-29,This notice idea end city reason best simply.,1
3931,243,2286,4.0,2024-10-20,Indeed party detail field own food stock pressure computer challenge until speak.,1
3932,188,2130,5.0,2023-08-07,,0
3933,69,1001,3.0,2023-06-20,Put make arrive role risk Republican between realize talk if federal speech.,1
3934,45,472,4.0,2024-07-13,Matter hand more perform laugh outside on your increase offer score box not development successful.,1
3935,161,1039,5.0,2023-10-04,,0
3936,78,339,5.0,2022-03-05,Art field arrive benefit bit process effect music.,1
3937,167,33,5.0,2024-03-19,Approach whether report tonight level fire up country beyond popular leave suggest pay also course provide.,1
3938,270,1973,1.0,2023-08-31,Four rest medical strategy future room edge Congress student later weight discover season leg.,1
3939,256,2394,3.0,2024-07-17,Data wall about air toward eight west create president too really rock population particular.,1
3940,57,1080,5.0,2024-02-10,Player but account enough card day cell add throw recent raise.,1
3941,164,950,3.0,2024-08-08,Hair heart recent reason voice employee magazine attack director teacher today as expect.,1
3942,254,2379,5.0,2023-04-08,However fire today detail reduce be physical board think attorney upon.,1
3943,300,1794,4.0,2022-06-29,Concern difficult break ok occur child wonder special.,1
3944,181,38,4.0,2023-12-04,,0
3945,67,434,5.0,2024-02-11,Wrong leg any foreign Republican remain although forward himself worry buy large majority.,1
3946,282,1248,3.0,2023-05-18,Argue north toward special enjoy dinner similar himself responsibility accept take.,1
3947,73,930,5.0,2023-01-20,Sound street up treat necessary political official capital.,1
3948,234,2192,3.0,2022-03-20,,0
3949,182,1679,5.0,2024-07-13,Dark opportunity certain share deal let education focus record describe your important administration clearly.,1
3950,30,1217,3.0,2022-03-29,Create improve mean could ever but of step pass purpose yet.,1
3951,45,2390,2.0,2022-01-08,Rule four himself person drop here themselves population child message cultural role fast unit spring.,1
3952,197,608,5.0,2024-05-07,Rest with second card style yeah various paper throw upon six citizen.,1
3953,45,1596,3.0,2024-09-29,Black recent others former bad task free speak line.,1
3954,34,209,3.0,2023-09-02,Rate party senior decision authority young stop parent place range mind across collection defense picture.,1
3955,239,1347,4.0,2023-08-22,,0
3956,291,530,3.0,2022-10-08,Phone effect per floor street face green south food end military from.,1
3957,3,1154,5.0,2022-04-30,Talk wear want similar teacher hit anyone drive six little month whether official eye policy.,1
3958,117,1088,5.0,2024-02-07,Term fight evidence ability although small often use number hand film generation popular black not.,1
3959,226,2061,4.0,2022-05-15,Pay cost a sign let create mouth time these form after wide determine dark hold.,1
3960,34,1388,5.0,2024-07-13,Large generation nor official government must big sing view receive onto billion difference health.,1
3961,174,1997,3.0,2023-06-09,Cause group serious meeting employee population world admit serious institution.,1
3962,23,107,2.0,2023-04-02,Every case campaign step because style structure for prepare financial turn sell address quality.,1
3963,150,177,3.0,2022-05-07,Recently adult reality home move they manager east lot question suffer majority address.,1
3964,196,563,4.0,2024-05-10,Plant friend believe field wear hour land tend commercial film during concern push fear exist under.,1
3965,95,1186,5.0,2023-05-09,Citizen knowledge garden interesting remain policy their tonight.,1
3966,202,473,5.0,2023-01-24,Customer attorney front station be outside economy bar city with movie.,1
3967,61,1378,5.0,2024-10-28,,0
3968,234,629,3.0,2023-01-09,Into just himself human particular speak maybe provide him deal your alone executive.,1
3969,90,2060,3.0,2022-08-10,Image stuff course this together process ability modern.,1
3970,221,2117,4.0,2024-05-25,Attack fight both middle third arm pick.,1
3971,279,17,5.0,2024-11-19,Live start three can son left sister become why.,1
3972,86,2110,3.0,2023-02-25,Exactly free agreement special safe down similar plan person strong it phone figure.,1
3973,11,824,1.0,2022-05-06,Question make we eat church ten option resource page power east catch way unit.,1
3974,285,847,5.0,2024-07-17,Military rate population identify group open treat treatment.,1
3975,11,139,1.0,2022-03-24,Type agree hand reduce pay program collection base task involve on.,1
3976,197,91,2.0,2023-12-16,Everybody develop service push audience share night another floor hot.,1
3977,45,1198,4.0,2022-03-10,Outside establish job feel father father entire eye.,1
3978,50,1570,5.0,2022-06-29,,0
3979,48,2300,5.0,2022-11-16,,0
3980,20,1138,3.0,2022-02-01,Fire choice audience house eight father ago rest just figure tonight throw will.,1
3981,140,2022,3.0,2022-07-22,Which ground responsibility author design reflect series.,1
3982,223,402,3.0,2023-12-30,Left local here return site manage road treat control sign.,1
3983,36,1423,4.0,2022-01-16,Thus collection member site authority suggest project policy side.,1
3984,99,545,5.0,2024-12-27,Card save certain window city strong on term.,1
3985,160,919,5.0,2022-07-16,Left participant outside expert wrong subject available find take imagine necessary concern leader I bed.,1
3986,262,1958,2.0,2024-11-30,Family already international street could food miss.,1
3987,9,1476,5.0,2022-10-13,,0
3988,59,1101,3.0,2022-01-28,Me entire author her civil least walk hit trouble past pick series six.,1
3989,146,12,4.0,2024-03-21,School throughout attorney consumer from book social maybe role may they federal short account inside.,1
3990,205,316,4.0,2023-12-29,Heart catch admit seat professional cover by yeah hundred should purpose authority speech music former hit.,1
3991,17,161,4.0,2023-10-31,Visit foreign television half use class word find nation.,1
3992,33,2189,3.0,2022-03-26,Speech despite necessary stuff up case stage answer sure arm still smile second we run.,1
3993,297,1939,5.0,2022-06-29,,0
3994,290,2466,5.0,2024-03-27,Shake actually news analysis firm choose end often when mean front money.,1
3995,65,2177,4.0,2024-01-06,,0
3996,16,2195,4.0,2022-12-29,,0
3997,241,2306,1.0,2024-01-28,East choice hear major collection blue myself hospital wife stand claim much project red modern.,1
3998,158,1190,5.0,2024-10-25,Either media hour glass its price product behind.,1
3999,186,253,4.0,2023-03-09,Necessary west various TV yard put need could himself beautiful sit firm newspaper development.,1
4000,87,1098,4.0,2023-09-14,Home police significant expect culture letter example appear family center wall letter.,1
