customer_id,recency_days,frequency,monetary,r_score,f_score,m_score,rfm_score,segment
1,372.0,3.0,2286.3675,1,2,2,5,At Risk
2,79.0,4.0,4199.6345,4,3,3,10,Loyal
3,279.0,6.0,12657.7395,2,5,5,12,Loyal
4,780.0,1.0,19.76,1,1,1,3,Lost
5,72.0,2.0,4109.392999999999,4,1,3,8,Potential
6,228.0,2.0,2172.744,2,1,2,5,At Risk
7,153.0,1.0,1670.3825000000002,3,1,1,5,At Risk
8,279.0,2.0,1667.8355,2,1,1,4,Lost
9,88.0,3.0,3782.5240000000003,4,2,3,9,Potential
10,79.0,2.0,1687.6754999999998,4,1,1,6,At Risk
11,131.0,4.0,3296.6220000000003,3,3,3,9,Potential
12,384.0,4.0,3659.6265,1,3,3,7,Potential
13,149.0,5.0,6099.497500000001,3,4,4,11,Loyal
14,152.0,3.0,5678.883500000001,3,2,4,9,Potential
15,68.0,4.0,4889.536499999999,4,3,4,11,Loyal
16,384.0,2.0,970.8525,1,1,1,3,Lost
17,661.0,4.0,6691.3005,1,3,5,9,Potential
18,121.0,7.0,8096.987000000001,3,5,5,13,Champions
19,401.0,1.0,668.148,1,1,1,3,Lost
20,1.0,3.0,3488.1800000000003,5,2,3,10,Loyal
21,93.0,4.0,4452.824999999999,4,3,4,11,Loyal
22,197.0,2.0,455.3315,3,1,1,5,At Risk
23,172.0,4.0,12011.249,3,3,5,11,Loyal
24,5.0,3.0,5007.221,5,2,4,11,Loyal
25,2.0,4.0,4424.398,5,3,4,12,Loyal
26,355.0,4.0,4036.4880000000003,2,3,3,8,Potential
27,249.0,4.0,6731.450500000001,2,3,5,10,Loyal
28,116.0,2.0,1337.9285,3,1,1,5,At Risk
29,416.0,5.0,37871.90549999999,1,4,5,10,Loyal
30,52.0,2.0,4031.8635,4,1,3,8,Potential
31,615.0,2.0,1405.864,1,1,1,3,Lost
32,370.0,1.0,544.1360000000001,2,1,1,4,Lost
33,59.0,7.0,6493.780499999999,4,5,4,13,Champions
34,315.0,6.0,13428.582,2,5,5,12,Loyal
35,26.0,3.0,1961.15,5,2,2,9,Potential
36,137.0,5.0,5758.7235,3,4,4,11,Loyal
37,86.0,3.0,2349.319,4,2,2,8,Potential
38,206.0,2.0,945.4365,2,1,1,4,Lost
39,279.0,1.0,753.5305000000001,2,1,1,4,Lost
40,122.0,1.0,1338.7055,3,1,1,5,At Risk
41,401.0,1.0,976.57,1,1,1,3,Lost
42,301.0,4.0,6582.437,2,3,4,9,Potential
43,206.0,4.0,3059.333,2,3,2,7,Potential
44,128.0,2.0,1331.411,3,1,1,5,At Risk
45,81.0,1.0,505.52250000000004,4,1,1,6,At Risk
46,505.0,2.0,1126.23,1,1,1,3,Lost
47,909.0,1.0,443.54,1,1,1,3,Lost
48,415.0,6.0,6122.769,1,5,4,10,Loyal
49,356.0,1.0,859.22,2,1,1,4,Lost
50,137.0,1.0,458.05,3,1,1,5,At Risk
51,57.0,3.0,3658.777,4,2,3,9,Potential
52,167.0,4.0,3379.9004999999997,3,3,3,9,Potential
53,8.0,5.0,4280.779500000001,5,4,3,12,Loyal
54,72.0,7.0,6094.4839999999995,4,5,4,13,Champions
55,377.0,5.0,4001.188,1,4,3,8,Potential
56,102.0,5.0,6576.287,4,4,4,12,Loyal
57,115.0,3.0,2271.3505000000005,3,2,2,7,Potential
58,97.0,4.0,4880.031,4,3,4,11,Loyal
59,28.0,2.0,1771.631,5,1,1,7,Potential
60,131.0,1.0,3627.5,3,1,3,7,Potential
61,195.0,4.0,2883.1969999999997,3,3,2,8,Potential
62,98.0,2.0,1542.4140000000002,4,1,1,6,At Risk
63,48.0,4.0,3285.7585,4,3,3,10,Loyal
64,65.0,3.0,2726.352,4,2,2,8,Potential
65,17.0,2.0,1408.854,5,1,1,7,Potential
66,243.0,4.0,26320.078500000003,2,3,5,10,Loyal
67,637.0,2.0,2397.36,1,1,2,4,Lost
68,969.0,1.0,1559.33,1,1,1,3,Lost
69,75.0,4.0,3378.3225,4,3,3,10,Loyal
70,31.0,5.0,3726.286,5,4,3,12,Loyal
71,419.0,4.0,3764.3904999999995,1,3,3,7,Potential
73,45.0,6.0,15013.646499999999,5,5,5,15,Champions
74,883.0,1.0,3312.8100000000004,1,1,3,5,At Risk
75,704.0,1.0,840.94,1,1,1,3,Lost
76,351.0,1.0,335.52000000000004,2,1,1,4,Lost
77,55.0,1.0,438.44,4,1,1,6,At Risk
78,100.0,3.0,4361.477499999999,4,2,3,9,Potential
79,60.0,4.0,3974.0685,4,3,3,10,Loyal
80,275.0,5.0,5837.7789999999995,2,4,4,10,Loyal
81,235.0,4.0,2303.6335000000004,2,3,2,7,Potential
82,34.0,7.0,8575.637999999999,5,5,5,15,Champions
83,306.0,4.0,5326.5955,2,3,4,9,Potential
84,9.0,5.0,8866.8565,5,4,5,14,Champions
85,183.0,2.0,5099.721500000001,3,1,4,8,Potential
86,127.0,4.0,3792.2565,3,3,3,9,Potential
88,331.0,5.0,37292.551999999996,2,4,5,11,Loyal
89,52.0,7.0,4597.376499999999,4,5,4,13,Champions
90,12.0,4.0,3350.5415,5,3,3,11,Loyal
91,82.0,3.0,5154.5115,4,2,4,10,Loyal
92,142.0,1.0,835.5799999999999,3,1,1,5,At Risk
93,120.0,6.0,6312.522,3,5,4,12,Loyal
94,86.0,7.0,10879.586500000001,4,5,5,14,Champions
95,4.0,7.0,6594.25,5,5,4,14,Champions
96,73.0,6.0,6392.983000000001,4,5,4,13,Champions
97,728.0,4.0,5791.179,1,3,4,8,Potential
98,376.0,1.0,1117.21,1,1,1,3,Lost
99,486.0,2.0,809.198,1,1,1,3,Lost
100,260.0,4.0,5361.876,2,3,4,9,Potential
101,56.0,10.0,13128.467999999999,4,5,5,14,Champions
102,112.0,3.0,2304.7439999999997,3,2,2,7,Potential
103,32.0,1.0,216.829,5,1,1,7,Potential
104,19.0,4.0,5942.748999999999,5,3,4,12,Loyal
105,224.0,4.0,3462.121,2,3,3,8,Potential
106,880.0,1.0,531.922,1,1,1,3,Lost
107,965.0,1.0,1379.8815,1,1,1,3,Lost
108,185.0,4.0,1820.9885,3,3,2,8,Potential
109,125.0,2.0,2538.0265,3,1,2,6,At Risk
110,323.0,3.0,3968.1209999999996,2,2,3,7,Potential
111,130.0,2.0,5329.6585,3,1,4,8,Potential
112,519.0,3.0,5012.8605,1,2,4,7,Potential
113,224.0,3.0,1748.567,2,2,1,5,At Risk
114,1.0,4.0,2815.8360000000002,5,3,2,10,Loyal
115,223.0,2.0,3695.8869999999997,2,1,3,6,At Risk
116,609.0,2.0,2163.59,1,1,2,4,Lost
117,30.0,3.0,1644.607,5,2,1,8,Potential
118,212.0,7.0,10284.338500000002,2,5,5,12,Loyal
119,161.0,3.0,1912.3475,3,2,2,7,Potential
120,533.0,2.0,2329.725,1,1,2,4,Lost
121,39.0,7.0,7338.492,5,5,5,15,Champions
122,231.0,5.0,7851.384000000001,2,4,5,11,Loyal
123,107.0,8.0,44292.2215,3,5,5,13,Champions
124,219.0,5.0,3920.3575,2,4,3,9,Potential
125,164.0,4.0,3426.527,3,3,3,9,Potential
126,483.0,7.0,12062.877999999999,1,5,5,11,Loyal
127,125.0,3.0,1809.584,3,2,2,7,Potential
128,0.0,2.0,2905.0710000000004,5,1,2,8,Potential
129,57.0,4.0,1654.603,4,3,1,8,Potential
130,46.0,5.0,6036.878500000001,4,4,4,12,Loyal
131,41.0,6.0,12028.2535,5,5,5,15,Champions
132,31.0,9.0,15945.511,5,5,5,15,Champions
133,447.0,5.0,5027.435,1,4,4,9,Potential
134,1039.0,1.0,1716.28,1,1,1,3,Lost
135,149.0,4.0,3355.215,3,3,3,9,Potential
136,273.0,4.0,4611.1825,2,3,4,9,Potential
137,172.0,3.0,5579.486,3,2,4,9,Potential
138,451.0,1.0,932.57,1,1,1,3,Lost
139,308.0,3.0,4447.619500000001,2,2,4,8,Potential
140,338.0,3.0,38504.804,2,2,5,9,Potential
141,498.0,3.0,6753.824999999999,1,2,5,8,Potential
142,37.0,6.0,6784.558499999999,5,5,5,15,Champions
143,775.0,2.0,1319.5695,1,1,1,3,Lost
144,119.0,2.0,1182.2875000000001,3,1,1,5,At Risk
145,48.0,7.0,9591.5175,4,5,5,14,Champions
146,548.0,3.0,4430.303,1,2,4,7,Potential
147,79.0,2.0,1770.6934999999999,4,1,1,6,At Risk
148,47.0,3.0,1031.1080000000002,4,2,1,7,Potential
149,125.0,5.0,3972.242,3,4,3,10,Loyal
150,395.0,3.0,3526.3305000000005,1,2,3,6,At Risk
151,136.0,2.0,2126.5640000000003,3,1,2,6,At Risk
152,36.0,7.0,4653.5355,5,5,4,14,Champions
153,485.0,4.0,3971.3765,1,3,3,7,Potential
154,18.0,6.0,3847.1510000000003,5,5,3,13,Champions
155,749.0,2.0,2877.321,1,1,2,4,Lost
156,2.0,6.0,5939.4664999999995,5,5,4,14,Champions
157,229.0,2.0,1829.83,2,1,2,5,At Risk
158,363.0,2.0,605.6220000000001,2,1,1,4,Lost
159,258.0,2.0,877.253,2,1,1,4,Lost
160,64.0,6.0,3308.086,4,5,3,12,Loyal
161,107.0,2.0,1810.5190000000002,3,1,2,6,At Risk
162,14.0,6.0,8396.44,5,5,5,15,Champions
163,212.0,5.0,15108.165000000003,2,4,5,11,Loyal
164,112.0,4.0,8465.225,3,3,5,11,Loyal
165,183.0,4.0,3541.893,3,3,3,9,Potential
166,185.0,2.0,2188.8064999999997,3,1,2,6,At Risk
167,32.0,4.0,15975.174500000001,5,3,5,13,Champions
168,181.0,3.0,10026.0465,3,2,5,10,Loyal
169,345.0,3.0,2840.3060000000005,2,2,2,6,At Risk
170,243.0,1.0,697.79,2,1,1,4,Lost
171,201.0,3.0,1333.9639999999997,3,2,1,6,At Risk
172,84.0,3.0,3254.313,4,2,3,9,Potential
173,385.0,3.0,5095.973999999999,1,2,4,7,Potential
174,470.0,1.0,1364.35,1,1,1,3,Lost
175,277.0,5.0,7443.320000000001,2,4,5,11,Loyal
176,188.0,4.0,4921.089,3,3,4,10,Loyal
177,474.0,1.0,3285.3700000000003,1,1,3,5,At Risk
178,23.0,6.0,5822.5025000000005,5,5,4,14,Champions
179,28.0,9.0,8864.801,5,5,5,15,Champions
180,522.0,1.0,967.038,1,1,1,3,Lost
181,464.0,2.0,1101.4155,1,1,1,3,Lost
182,59.0,4.0,2135.518,4,3,2,9,Potential
183,978.0,1.0,919.593,1,1,1,3,Lost
184,239.0,2.0,3138.2099999999996,2,1,3,6,At Risk
185,54.0,5.0,4753.338,4,4,4,12,Loyal
186,26.0,4.0,2419.4444999999996,5,3,2,10,Loyal
187,425.0,3.0,4997.4349999999995,1,2,4,7,Potential
188,583.0,2.0,1121.868,1,1,1,3,Lost
189,218.0,4.0,4124.2025,2,3,3,8,Potential
190,77.0,5.0,4262.951,4,4,3,11,Loyal
191,20.0,2.0,3970.0265,5,1,3,9,Potential
192,41.0,5.0,5520.255999999999,5,4,4,13,Champions
193,104.0,4.0,3393.3505,4,3,3,10,Loyal
194,620.0,3.0,2025.7310000000002,1,2,2,5,At Risk
195,85.0,6.0,3387.312,4,5,3,12,Loyal
196,484.0,2.0,1558.6799999999998,1,1,1,3,Lost
197,445.0,4.0,4743.802,1,3,4,8,Potential
198,456.0,2.0,1940.019,1,1,2,4,Lost
199,13.0,2.0,3649.8,5,1,3,9,Potential
200,3.0,3.0,4905.418000000001,5,2,4,11,Loyal
201,37.0,2.0,1023.592,5,1,1,7,Potential
202,12.0,5.0,6184.849499999999,5,4,4,13,Champions
203,19.0,4.0,6281.483000000001,5,3,4,12,Loyal
204,0.0,3.0,11184.235999999999,5,2,5,12,Loyal
205,44.0,4.0,4817.6835,5,3,4,12,Loyal
206,149.0,2.0,1408.2599999999998,3,1,1,5,At Risk
207,221.0,2.0,26716.8865,2,1,5,8,Potential
208,30.0,3.0,1579.4895000000001,5,2,1,8,Potential
209,9.0,4.0,6259.1605,5,3,4,12,Loyal
210,497.0,4.0,3569.1695,1,3,3,7,Potential
211,257.0,3.0,5739.472000000001,2,2,4,8,Potential
212,338.0,4.0,11136.4775,2,3,5,10,Loyal
213,180.0,3.0,452.88,3,2,1,6,At Risk
214,187.0,2.0,3067.7729999999997,3,1,2,6,At Risk
215,446.0,4.0,6135.401000000001,1,3,4,8,Potential
216,38.0,3.0,3812.134,5,2,3,10,Loyal
217,296.0,3.0,3473.512,2,2,3,7,Potential
218,610.0,1.0,751.6735000000001,1,1,1,3,Lost
219,256.0,3.0,2360.916,2,2,2,6,At Risk
220,515.0,6.0,9119.5945,1,5,5,11,Loyal
221,717.0,2.0,1394.9899999999998,1,1,1,3,Lost
222,61.0,4.0,2634.1675,4,3,2,9,Potential
223,463.0,2.0,660.043,1,1,1,3,Lost
225,138.0,3.0,3064.8365,3,2,2,7,Potential
226,127.0,5.0,5901.5275,3,4,4,11,Loyal
227,106.0,3.0,3395.2180000000003,4,2,3,9,Potential
228,210.0,8.0,7711.925499999999,2,5,5,12,Loyal
229,54.0,10.0,19921.671,4,5,5,14,Champions
230,217.0,5.0,6945.8185,2,4,5,11,Loyal
231,98.0,4.0,2114.5400000000004,4,3,2,9,Potential
232,78.0,3.0,3657.9825,4,2,3,9,Potential
233,6.0,3.0,2638.0004999999996,5,2,2,9,Potential
234,690.0,3.0,1306.7359999999999,1,2,1,4,Lost
235,316.0,2.0,3350.727,2,1,3,6,At Risk
236,370.0,6.0,4889.118999999999,2,5,4,11,Loyal
237,6.0,7.0,17440.446,5,5,5,15,Champions
238,999.0,1.0,970.345,1,1,1,3,Lost
239,577.0,2.0,3762.0805,1,1,3,5,At Risk
240,28.0,7.0,25107.311999999998,5,5,5,15,Champions
241,43.0,5.0,5054.467000000001,5,4,4,13,Champions
242,35.0,3.0,3327.1364999999996,5,2,3,10,Loyal
243,39.0,5.0,8334.268499999998,5,4,5,14,Champions
244,44.0,3.0,4054.799,5,2,3,10,Loyal
245,8.0,2.0,1155.1725000000001,5,1,1,7,Potential
246,65.0,4.0,4600.3665,4,3,4,11,Loyal
247,727.0,3.0,1397.0030000000002,1,2,1,4,Lost
248,173.0,4.0,5318.5419999999995,3,3,4,10,Loyal
249,567.0,2.0,749.8455,1,1,1,3,Lost
250,468.0,6.0,10105.332,1,5,5,11,Loyal
251,26.0,4.0,4919.436,5,3,4,12,Loyal
252,651.0,2.0,1337.0194999999999,1,1,1,3,Lost
253,36.0,5.0,5553.19,5,4,4,13,Champions
254,194.0,5.0,5863.4245,3,4,4,11,Loyal
255,33.0,3.0,3769.092,5,2,3,10,Loyal
256,169.0,3.0,2515.953,3,2,2,7,Potential
257,252.0,4.0,5881.465,2,3,4,9,Potential
258,429.0,3.0,2523.58,1,2,2,5,At Risk
259,321.0,6.0,3591.511,2,5,3,10,Loyal
260,41.0,4.0,5338.671,5,3,4,12,Loyal
261,278.0,3.0,3022.7745,2,2,2,6,At Risk
262,787.0,1.0,2553.882,1,1,2,4,Lost
263,59.0,4.0,3901.32,4,3,3,10,Loyal
264,19.0,6.0,6544.384999999999,5,5,4,14,Champions
265,18.0,3.0,3810.4890000000005,5,2,3,10,Loyal
266,187.0,4.0,3295.713,3,3,3,9,Potential
267,78.0,4.0,1233.6854999999998,4,3,1,8,Potential
268,869.0,1.0,329.441,1,1,1,3,Lost
269,84.0,5.0,4094.8499999999995,4,4,3,11,Loyal
270,412.0,4.0,5615.989,1,3,4,8,Potential
271,180.0,2.0,1532.787,3,1,1,5,At Risk
272,554.0,4.0,39584.1745,1,3,5,9,Potential
273,353.0,3.0,3124.6575,2,2,3,7,Potential
274,7.0,5.0,3961.6909999999993,5,4,3,12,Loyal
275,228.0,3.0,5861.558499999999,2,2,4,8,Potential
276,13.0,4.0,11516.446000000002,5,3,5,13,Champions
277,207.0,6.0,9970.358499999998,2,5,5,12,Loyal
278,194.0,4.0,2296.5604999999996,3,3,2,8,Potential
279,184.0,4.0,5026.951999999999,3,3,4,10,Loyal
280,461.0,1.0,1018.773,1,1,1,3,Lost
281,20.0,3.0,6558.5,5,2,4,11,Loyal
282,46.0,6.0,12729.867499999998,4,5,5,14,Champions
283,100.0,2.0,1026.328,4,1,1,6,At Risk
284,3.0,4.0,6570.412000000001,5,3,4,12,Loyal
285,294.0,6.0,9186.351,2,5,5,12,Loyal
286,85.0,8.0,8432.142000000002,4,5,5,14,Champions
287,369.0,3.0,6061.282,2,2,4,8,Potential
288,48.0,3.0,2843.438,4,2,2,8,Potential
289,829.0,3.0,6252.627,1,2,4,7,Potential
290,45.0,2.0,10354.628,5,1,5,11,Loyal
291,1.0,2.0,3327.126,5,1,3,9,Potential
292,160.0,3.0,4441.182,3,2,4,9,Potential
293,39.0,7.0,8311.815,5,5,5,15,Champions
294,172.0,2.0,3387.724,3,1,3,7,Potential
295,599.0,6.0,7402.728499999999,1,5,5,11,Loyal
296,374.0,5.0,6820.6615,1,4,5,10,Loyal
297,766.0,1.0,91.13,1,1,1,3,Lost
298,337.0,2.0,38003.024,2,1,5,8,Potential
299,70.0,2.0,3899.8869999999997,4,1,3,8,Potential
300,4.0,4.0,2255.634,5,3,2,10,Loyal
301,402.0,1.0,355.11400000000003,1,1,1,3,Lost
302,222.0,3.0,1782.9450000000002,2,2,1,5,At Risk
303,447.0,2.0,12373.13,1,1,5,7,Potential
304,161.0,3.0,2599.39,3,2,2,7,Potential
305,144.0,4.0,2330.5425,3,3,2,8,Potential
306,299.0,5.0,8154.719,2,4,5,11,Loyal
307,182.0,5.0,2498.082,3,4,2,9,Potential
308,557.0,3.0,5291.2795,1,2,4,7,Potential
309,4.0,6.0,8828.281500000001,5,5,5,15,Champions
310,34.0,3.0,2600.427,5,2,2,9,Potential
311,162.0,3.0,7264.470000000001,3,2,5,10,Loyal
312,1073.0,1.0,1292.831,1,1,1,3,Lost
313,56.0,4.0,4285.406999999999,4,3,3,10,Loyal
314,216.0,3.0,3233.8799999999997,2,2,3,7,Potential
315,220.0,3.0,9982.3995,2,2,5,9,Potential
316,44.0,4.0,4924.3,5,3,4,12,Loyal
317,129.0,2.0,589.85,3,1,1,5,At Risk
318,233.0,4.0,8542.934500000001,2,3,5,10,Loyal
319,326.0,2.0,3094.89,2,1,3,6,At Risk
320,719.0,3.0,2482.1415,1,2,2,5,At Risk
321,665.0,3.0,11705.619,1,2,5,8,Potential
323,457.0,3.0,3037.7580000000003,1,2,2,5,At Risk
324,119.0,5.0,2357.407,3,4,2,9,Potential
325,3.0,10.0,8290.136999999999,5,5,5,15,Champions
326,230.0,3.0,2881.0519999999997,2,2,2,6,At Risk
327,6.0,6.0,17898.333,5,5,5,15,Champions
328,128.0,5.0,7950.056500000001,3,4,5,12,Loyal
329,24.0,6.0,12922.817500000001,5,5,5,15,Champions
330,130.0,4.0,7045.177000000001,3,3,5,11,Loyal
332,273.0,3.0,2406.346,2,2,2,6,At Risk
333,1.0,6.0,5369.916,5,5,4,14,Champions
334,32.0,4.0,4845.2654999999995,5,3,4,12,Loyal
335,21.0,5.0,2583.6315,5,4,2,11,Loyal
336,190.0,4.0,4232.7390000000005,3,3,3,9,Potential
337,29.0,1.0,1878.6599999999999,5,1,2,8,Potential
338,39.0,3.0,4519.5395,5,2,4,11,Loyal
339,236.0,5.0,4110.83,2,4,3,9,Potential
340,106.0,2.0,1780.503,4,1,1,6,At Risk
341,2.0,6.0,5919.356,5,5,4,14,Champions
342,185.0,4.0,2223.5,3,3,2,8,Potential
343,680.0,1.0,1719.4980000000003,1,1,1,3,Lost
344,26.0,4.0,2696.16,5,3,2,10,Loyal
345,259.0,7.0,6374.550499999999,2,5,4,11,Loyal
346,160.0,6.0,7224.877,3,5,5,13,Champions
347,317.0,6.0,7284.3814999999995,2,5,5,12,Loyal
348,172.0,4.0,3119.7984999999994,3,3,3,9,Potential
349,108.0,5.0,6107.4165,3,4,4,11,Loyal
350,18.0,7.0,18883.021,5,5,5,15,Champions
351,40.0,5.0,7053.489999999999,5,4,5,14,Champions
352,52.0,2.0,3112.122,4,1,3,8,Potential
353,115.0,5.0,4789.241,3,4,4,11,Loyal
354,81.0,10.0,12099.181,4,5,5,14,Champions
355,39.0,5.0,8165.152999999999,5,4,5,14,Champions
356,18.0,4.0,3116.3109999999997,5,3,3,11,Loyal
357,170.0,6.0,4721.955,3,5,4,12,Loyal
358,62.0,3.0,5505.831,4,2,4,10,Loyal
359,287.0,1.0,1051.54,2,1,1,4,Lost
360,76.0,5.0,6833.726000000001,4,4,5,13,Champions
361,127.0,3.0,3297.6405000000004,3,2,3,8,Potential
362,296.0,7.0,9437.319,2,5,5,12,Loyal
363,371.0,4.0,3934.784,1,3,3,7,Potential
364,520.0,3.0,4391.611499999999,1,2,3,6,At Risk
365,32.0,5.0,2947.8895,5,4,2,11,Loyal
366,339.0,2.0,1858.1909999999998,2,1,2,5,At Risk
367,765.0,2.0,1127.706,1,1,1,3,Lost
368,428.0,6.0,3656.994,1,5,3,9,Potential
370,63.0,8.0,5476.9475,4,5,4,13,Champions
371,386.0,1.0,7041.4,1,1,5,7,Potential
372,321.0,1.0,2168.901,2,1,2,5,At Risk
373,70.0,5.0,5246.9,4,4,4,12,Loyal
374,580.0,2.0,2478.568,1,1,2,4,Lost
375,161.0,5.0,4357.2915,3,4,3,10,Loyal
376,982.0,1.0,1512.03,1,1,1,3,Lost
377,475.0,1.0,2402.008,1,1,2,4,Lost
378,9.0,1.0,1851.75,5,1,2,8,Potential
379,21.0,3.0,13697.9375,5,2,5,12,Loyal
380,518.0,1.0,599.32,1,1,1,3,Lost
381,711.0,3.0,3183.31,1,2,3,6,At Risk
382,247.0,4.0,4301.819,2,3,3,8,Potential
383,18.0,5.0,2555.665,5,4,2,11,Loyal
384,22.0,6.0,9312.0295,5,5,5,15,Champions
385,75.0,5.0,2951.672,4,4,2,10,Loyal
386,946.0,1.0,510.705,1,1,1,3,Lost
387,57.0,6.0,5861.29,4,5,4,13,Champions
388,810.0,3.0,1022.7855000000001,1,2,1,4,Lost
389,68.0,5.0,3452.677,4,4,3,11,Loyal
390,475.0,4.0,4172.1615,1,3,3,7,Potential
391,54.0,3.0,2557.296,4,2,2,8,Potential
392,789.0,2.0,4296.8615,1,1,3,5,At Risk
393,482.0,3.0,1591.3139999999999,1,2,1,4,Lost
394,382.0,1.0,1948.78,1,1,2,4,Lost
395,269.0,1.0,580.3544999999999,2,1,1,4,Lost
396,267.0,7.0,5102.7249999999985,2,5,4,11,Loyal
397,112.0,2.0,3269.7,3,1,3,7,Potential
398,130.0,4.0,3278.3219999999997,3,3,3,9,Potential
399,85.0,3.0,4688.4015,4,2,4,10,Loyal
400,230.0,5.0,5474.8910000000005,2,4,4,10,Loyal
401,452.0,2.0,1577.2,1,1,1,3,Lost
402,161.0,3.0,3249.322,3,2,3,8,Potential
403,49.0,5.0,7085.9095,4,4,5,13,Champions
404,114.0,3.0,2910.5099999999998,3,2,2,7,Potential
405,53.0,8.0,8685.717999999999,4,5,5,14,Champions
406,325.0,4.0,12040.881,2,3,5,10,Loyal
407,81.0,4.0,4551.831,4,3,4,11,Loyal
408,86.0,6.0,7884.1455000000005,4,5,5,14,Champions
409,66.0,6.0,4370.2595,4,5,3,12,Loyal
410,0.0,2.0,37948.8,5,1,5,11,Loyal
411,82.0,5.0,3034.2605,4,4,2,10,Loyal
412,43.0,6.0,6869.5705,5,5,5,15,Champions
413,153.0,6.0,5240.638500000001,3,5,4,12,Loyal
414,36.0,4.0,11846.195,5,3,5,13,Champions
415,85.0,1.0,486.72,4,1,1,6,At Risk
416,150.0,6.0,5476.2715,3,5,4,12,Loyal
417,74.0,4.0,3315.2320000000004,4,3,3,10,Loyal
419,107.0,1.0,1426.6060000000002,3,1,1,5,At Risk
420,38.0,4.0,5150.894,5,3,4,12,Loyal
421,227.0,5.0,3556.7715,2,4,3,9,Potential
422,365.0,2.0,1667.239,2,1,1,4,Lost
423,784.0,2.0,39698.47,1,1,5,7,Potential
424,744.0,2.0,2161.875,1,1,2,4,Lost
425,74.0,4.0,4331.2065,4,3,3,10,Loyal
426,73.0,5.0,6462.817500000001,4,4,4,12,Loyal
427,46.0,4.0,2826.373,4,3,2,9,Potential
428,428.0,1.0,540.513,1,1,1,3,Lost
429,331.0,3.0,3631.1200000000003,2,2,3,7,Potential
430,291.0,4.0,7025.975,2,3,5,10,Loyal
431,232.0,2.0,2928.4869999999996,2,1,2,5,At Risk
432,21.0,8.0,4924.62,5,5,4,14,Champions
433,538.0,1.0,848.74,1,1,1,3,Lost
434,153.0,2.0,993.8665000000001,3,1,1,5,At Risk
436,180.0,3.0,4651.7615,3,2,4,9,Potential
437,155.0,4.0,3704.9015000000004,3,3,3,9,Potential
438,83.0,3.0,1445.5865,4,2,1,7,Potential
439,240.0,4.0,16618.3115,2,3,5,10,Loyal
440,532.0,1.0,2407.806,1,1,2,4,Lost
441,440.0,6.0,4625.993,1,5,4,10,Loyal
442,22.0,4.0,3632.686,5,3,3,11,Loyal
443,159.0,6.0,6219.159500000001,3,5,4,12,Loyal
444,42.0,4.0,3328.879,5,3,3,11,Loyal
445,136.0,2.0,13437.857999999998,3,1,5,9,Potential
446,68.0,3.0,3755.8145000000004,4,2,3,9,Potential
447,341.0,3.0,3290.999,2,2,3,7,Potential
448,20.0,7.0,7740.268,5,5,5,15,Champions
449,84.0,5.0,5657.898999999999,4,4,4,12,Loyal
450,72.0,3.0,4296.397999999999,4,2,3,9,Potential
451,9.0,3.0,3185.5280000000002,5,2,3,10,Loyal
452,814.0,2.0,1369.1775,1,1,1,3,Lost
453,244.0,3.0,3195.9865,2,2,3,7,Potential
454,151.0,4.0,4934.116,3,3,4,10,Loyal
455,4.0,1.0,568.2615,5,1,1,7,Potential
456,4.0,3.0,2485.9894999999997,5,2,2,9,Potential
457,270.0,1.0,669.1800000000001,2,1,1,4,Lost
458,789.0,2.0,1106.7065,1,1,1,3,Lost
459,245.0,4.0,5803.526499999999,2,3,4,9,Potential
460,52.0,3.0,3870.886,4,2,3,9,Potential
461,250.0,4.0,5168.515,2,3,4,9,Potential
462,146.0,5.0,13147.209499999999,3,4,5,12,Loyal
463,207.0,3.0,1468.364,2,2,1,5,At Risk
464,287.0,1.0,723.46,2,1,1,4,Lost
465,92.0,2.0,1993.0865,4,1,2,7,Potential
466,50.0,7.0,5718.459999999999,4,5,4,13,Champions
468,56.0,2.0,2083.3685,4,1,2,7,Potential
469,17.0,5.0,37892.18,5,4,5,14,Champions
470,17.0,2.0,682.6149999999999,5,1,1,7,Potential
471,64.0,4.0,3657.336,4,3,3,10,Loyal
472,105.0,4.0,1972.1385,4,3,2,9,Potential
473,24.0,6.0,8661.989,5,5,5,15,Champions
474,358.0,5.0,17828.7025,2,4,5,11,Loyal
475,44.0,8.0,6698.7675,5,5,5,15,Champions
477,30.0,6.0,3438.5505,5,5,3,13,Champions
478,415.0,4.0,3287.9775,1,3,3,7,Potential
479,100.0,2.0,3533.6904999999997,4,1,3,8,Potential
480,57.0,2.0,1744.3965,4,1,1,6,At Risk
481,881.0,2.0,3121.04,1,1,3,5,At Risk
482,70.0,6.0,7532.602500000001,4,5,5,14,Champions
483,71.0,4.0,3307.1719999999996,4,3,3,10,Loyal
484,293.0,2.0,3661.402,2,1,3,6,At Risk
485,154.0,6.0,8223.802,3,5,5,13,Champions
486,557.0,5.0,4302.712,1,4,3,8,Potential
487,3.0,5.0,3810.8944999999994,5,4,3,12,Loyal
488,286.0,4.0,3706.6310000000003,2,3,3,8,Potential
489,77.0,2.0,1914.016,4,1,2,7,Potential
490,153.0,3.0,1171.1045,3,2,1,6,At Risk
491,27.0,3.0,2360.373,5,2,2,9,Potential
492,372.0,2.0,5409.259000000001,1,1,4,6,At Risk
493,141.0,3.0,954.6665,3,2,1,6,At Risk
494,9.0,6.0,3653.0355000000004,5,5,3,13,Champions
495,60.0,6.0,8152.523499999999,4,5,5,14,Champions
496,82.0,3.0,2727.0365,4,2,2,8,Potential
497,292.0,3.0,716.26,2,2,1,5,At Risk
498,45.0,3.0,13064.44,5,2,5,12,Loyal
500,23.0,3.0,3423.1035,5,2,3,10,Loyal
501,287.0,6.0,8070.123,2,5,5,12,Loyal
502,577.0,2.0,585.96,1,1,1,3,Lost
503,683.0,1.0,826.141,1,1,1,3,Lost
504,195.0,5.0,5713.124,3,4,4,11,Loyal
505,111.0,3.0,2483.32,3,2,2,7,Potential
506,190.0,3.0,4865.5985,3,2,4,9,Potential
507,377.0,3.0,4882.189,1,2,4,7,Potential
508,53.0,1.0,226.692,4,1,1,6,At Risk
509,1003.0,1.0,216.144,1,1,1,3,Lost
510,122.0,4.0,3917.785999999999,3,3,3,9,Potential
511,128.0,2.0,2330.545,3,1,2,6,At Risk
512,217.0,2.0,2948.531,2,1,2,5,At Risk
513,323.0,7.0,5753.3795,2,5,4,11,Loyal
514,176.0,5.0,1927.9015,3,4,2,9,Potential
515,47.0,5.0,5744.558999999999,4,4,4,12,Loyal
516,255.0,4.0,3224.092,2,3,3,8,Potential
517,23.0,2.0,1316.6395000000002,5,1,1,7,Potential
518,54.0,2.0,3450.6215,4,1,3,8,Potential
519,549.0,4.0,27699.371,1,3,5,9,Potential
520,109.0,4.0,4127.464,3,3,3,9,Potential
521,181.0,4.0,6644.105,3,3,4,10,Loyal
522,590.0,2.0,11111.931,1,1,5,7,Potential
523,157.0,6.0,6454.728999999999,3,5,4,12,Loyal
524,416.0,2.0,1369.8894999999998,1,1,1,3,Lost
525,120.0,4.0,4663.359,3,3,4,10,Loyal
526,190.0,3.0,7527.402499999999,3,2,5,10,Loyal
527,501.0,4.0,3120.375,1,3,3,7,Potential
528,40.0,7.0,74392.75,5,5,5,15,Champions
529,14.0,3.0,4438.6995,5,2,4,11,Loyal
530,7.0,4.0,3361.7445,5,3,3,11,Loyal
531,408.0,3.0,5176.8695,1,2,4,7,Potential
532,30.0,10.0,9251.322,5,5,5,15,Champions
533,474.0,2.0,659.9200000000001,1,1,1,3,Lost
534,5.0,3.0,2506.1915,5,2,2,9,Potential
535,175.0,2.0,484.47200000000004,3,1,1,5,At Risk
536,302.0,2.0,287.06,2,1,1,4,Lost
537,331.0,2.0,2758.0924999999997,2,1,2,5,At Risk
538,128.0,2.0,1756.3984999999998,3,1,1,5,At Risk
539,344.0,2.0,1547.969,2,1,1,4,Lost
540,108.0,7.0,7009.4495,3,5,5,13,Champions
541,34.0,6.0,5207.504,5,5,4,14,Champions
542,408.0,3.0,4284.4395,1,2,3,6,At Risk
543,63.0,4.0,2450.2309999999998,4,3,2,9,Potential
544,247.0,3.0,2390.353,2,2,2,6,At Risk
545,65.0,5.0,6324.137,4,4,4,12,Loyal
546,381.0,5.0,5326.315,1,4,4,9,Potential
547,305.0,2.0,4325.1255,2,1,3,6,At Risk
548,58.0,5.0,6839.489000000001,4,4,5,13,Champions
549,1025.0,1.0,1961.2999999999997,1,1,2,4,Lost
550,43.0,2.0,1735.56,5,1,1,7,Potential
551,297.0,4.0,4334.386,2,3,3,8,Potential
552,757.0,4.0,4284.075,1,3,3,7,Potential
553,216.0,2.0,3146.401,2,1,3,6,At Risk
555,83.0,3.0,3339.601,4,2,3,9,Potential
556,267.0,5.0,8006.934000000001,2,4,5,11,Loyal
557,143.0,4.0,2558.3534999999997,3,3,2,8,Potential
558,94.0,6.0,12800.842,4,5,5,14,Champions
559,183.0,4.0,1693.4425,3,3,1,7,Potential
560,282.0,3.0,1967.818,2,2,2,6,At Risk
561,4.0,6.0,14476.851000000004,5,5,5,15,Champions
562,152.0,4.0,2408.1015,3,3,2,8,Potential
563,15.0,4.0,1978.4345000000003,5,3,2,10,Loyal
564,474.0,4.0,2494.3379999999997,1,3,2,6,At Risk
565,274.0,1.0,3158.2045,2,1,3,6,At Risk
566,753.0,2.0,15506.2525,1,1,5,7,Potential
567,25.0,4.0,2164.0265,5,3,2,10,Loyal
568,47.0,5.0,3604.8475,4,4,3,11,Loyal
569,160.0,3.0,2593.7129999999997,3,2,2,7,Potential
570,216.0,3.0,5098.486,2,2,4,8,Potential
571,157.0,5.0,4608.3255,3,4,4,11,Loyal
572,242.0,5.0,5675.5155,2,4,4,10,Loyal
573,49.0,5.0,8823.303,4,4,5,13,Champions
574,599.0,6.0,8754.2035,1,5,5,11,Loyal
575,213.0,3.0,3065.2839999999997,2,2,2,6,At Risk
576,9.0,6.0,9164.504,5,5,5,15,Champions
577,133.0,8.0,17421.8285,3,5,5,13,Champions
578,36.0,3.0,3598.6964999999996,5,2,3,10,Loyal
579,70.0,5.0,6332.553500000001,4,4,4,12,Loyal
580,63.0,4.0,5826.6630000000005,4,3,4,11,Loyal
581,230.0,7.0,9120.388500000001,2,5,5,12,Loyal
582,30.0,6.0,3269.0899999999997,5,5,3,13,Champions
583,144.0,5.0,3151.4660000000003,3,4,3,10,Loyal
584,388.0,4.0,4262.937,1,3,3,7,Potential
585,15.0,3.0,1211.292,5,2,1,8,Potential
586,0.0,2.0,1962.093,5,1,2,8,Potential
587,1081.0,2.0,669.546,1,1,1,3,Lost
588,459.0,3.0,3414.7890000000007,1,2,3,6,At Risk
589,27.0,3.0,2365.9449999999997,5,2,2,9,Potential
590,480.0,2.0,771.37,1,1,1,3,Lost
591,195.0,6.0,8455.997,3,5,5,13,Champions
593,634.0,2.0,596.6800000000001,1,1,1,3,Lost
594,284.0,2.0,2617.2349999999997,2,1,2,5,At Risk
595,136.0,5.0,7056.849999999999,3,4,5,12,Loyal
596,952.0,1.0,422.44,1,1,1,3,Lost
597,38.0,7.0,6197.547999999999,5,5,4,14,Champions
598,432.0,2.0,5916.1775,1,1,4,6,At Risk
599,1028.0,1.0,110.42,1,1,1,3,Lost
600,46.0,1.0,2614.152,4,1,2,7,Potential
601,38.0,3.0,15312.003999999999,5,2,5,12,Loyal
602,419.0,3.0,2525.4055000000003,1,2,2,5,At Risk
603,108.0,3.0,2823.9700000000003,3,2,2,7,Potential
604,67.0,6.0,8143.7175,4,5,5,14,Champions
605,75.0,4.0,3699.6800000000003,4,3,3,10,Loyal
606,65.0,5.0,4181.6695,4,4,3,11,Loyal
607,36.0,3.0,2982.193,5,2,2,9,Potential
608,159.0,5.0,7453.293000000001,3,4,5,12,Loyal
609,585.0,2.0,918.4100000000001,1,1,1,3,Lost
610,143.0,2.0,2680.2889999999998,3,1,2,6,At Risk
611,5.0,5.0,146989.76699999996,5,4,5,14,Champions
612,139.0,4.0,4915.495999999999,3,3,4,10,Loyal
613,128.0,4.0,26730.34,3,3,5,11,Loyal
614,78.0,1.0,2172.885,4,1,2,7,Potential
615,391.0,2.0,3483.7949999999996,1,1,3,5,At Risk
616,865.0,1.0,1121.7525,1,1,1,3,Lost
617,46.0,7.0,8020.732,4,5,5,14,Champions
618,14.0,6.0,4236.4025,5,5,3,13,Champions
619,406.0,3.0,6444.031500000001,1,2,4,7,Potential
620,201.0,1.0,977.6890000000001,3,1,1,5,At Risk
621,41.0,3.0,1827.007,5,2,2,9,Potential
622,332.0,4.0,2517.3575,2,3,2,7,Potential
624,67.0,6.0,4194.0705,4,5,3,12,Loyal
625,196.0,2.0,1597.6544999999999,3,1,1,5,At Risk
626,77.0,4.0,6439.083500000001,4,3,4,11,Loyal
627,116.0,2.0,2588.21,3,1,2,6,At Risk
628,721.0,3.0,1876.028,1,2,2,5,At Risk
629,154.0,7.0,6553.567,3,5,4,12,Loyal
630,5.0,4.0,1678.024,5,3,1,9,Potential
631,15.0,4.0,3338.0775,5,3,3,11,Loyal
632,5.0,5.0,4164.0935,5,4,3,12,Loyal
633,13.0,2.0,3656.8644999999997,5,1,3,9,Potential
634,71.0,10.0,56334.09400000001,4,5,5,14,Champions
635,179.0,6.0,3477.5155,3,5,3,11,Loyal
636,532.0,1.0,396.98,1,1,1,3,Lost
637,238.0,1.0,652.5074999999999,2,1,1,4,Lost
638,100.0,5.0,5886.4529999999995,4,4,4,12,Loyal
639,124.0,4.0,3798.341,3,3,3,9,Potential
640,102.0,3.0,4585.393999999999,4,2,4,10,Loyal
641,93.0,5.0,6047.6685,4,4,4,12,Loyal
642,404.0,3.0,5225.4075,1,2,4,7,Potential
643,4.0,8.0,14490.079,5,5,5,15,Champions
644,102.0,5.0,4848.48,4,4,4,12,Loyal
645,220.0,6.0,4630.237499999999,2,5,4,11,Loyal
646,40.0,4.0,2784.038,5,3,2,10,Loyal
647,49.0,4.0,3507.4740000000006,4,3,3,10,Loyal
648,183.0,4.0,1446.69,3,3,1,7,Potential
649,626.0,4.0,3346.855,1,3,3,7,Potential
650,77.0,4.0,5291.639,4,3,4,11,Loyal
652,507.0,4.0,3195.594,1,3,3,7,Potential
653,145.0,4.0,2727.327,3,3,2,8,Potential
654,7.0,4.0,6336.2885,5,3,4,12,Loyal
655,91.0,5.0,3180.661,4,4,3,11,Loyal
656,52.0,7.0,6804.710999999999,4,5,5,14,Champions
657,161.0,5.0,7695.968500000001,3,4,5,12,Loyal
658,4.0,6.0,5332.227000000001,5,5,4,14,Champions
660,128.0,3.0,3385.06,3,2,3,8,Potential
661,308.0,2.0,4793.643,2,1,4,7,Potential
662,773.0,1.0,1583.9,1,1,1,3,Lost
663,44.0,4.0,2603.4629999999997,5,3,2,10,Loyal
664,279.0,2.0,1848.39,2,1,2,5,At Risk
665,47.0,4.0,4884.455500000001,4,3,4,11,Loyal
666,1048.0,1.0,223.074,1,1,1,3,Lost
667,127.0,1.0,797.13,3,1,1,5,At Risk
668,608.0,1.0,2406.945,1,1,2,4,Lost
669,819.0,1.0,1854.495,1,1,2,4,Lost
670,273.0,3.0,4080.371,2,2,3,7,Potential
671,316.0,4.0,4102.12,2,3,3,8,Potential
672,476.0,1.0,1068.692,1,1,1,3,Lost
673,325.0,5.0,3202.6144999999997,2,4,3,9,Potential
674,118.0,2.0,2760.7855,3,1,2,6,At Risk
675,210.0,3.0,3507.9465,2,2,3,7,Potential
676,91.0,1.0,839.64,4,1,1,6,At Risk
677,302.0,6.0,4753.732,2,5,4,11,Loyal
678,152.0,3.0,11671.932999999999,3,2,5,10,Loyal
679,224.0,4.0,5623.919000000001,2,3,4,9,Potential
680,80.0,4.0,4191.444,4,3,3,10,Loyal
681,29.0,4.0,5253.2339999999995,5,3,4,12,Loyal
682,23.0,7.0,2675.219,5,5,2,12,Loyal
683,570.0,2.0,1750.136,1,1,1,3,Lost
684,184.0,4.0,4144.099999999999,3,3,3,9,Potential
685,3.0,6.0,8244.8365,5,5,5,15,Champions
686,13.0,7.0,7801.1925,5,5,5,15,Champions
687,112.0,4.0,2701.266,3,3,2,8,Potential
688,98.0,4.0,2945.0615,4,3,2,9,Potential
689,281.0,3.0,108395.8575,2,2,5,9,Potential
690,150.0,1.0,1777.9274999999998,3,1,1,5,At Risk
691,110.0,8.0,11486.203,3,5,5,13,Champions
692,114.0,4.0,2431.5215,3,3,2,8,Potential
693,67.0,5.0,3636.9440000000004,4,4,3,11,Loyal
694,91.0,3.0,1939.1799999999998,4,2,2,8,Potential
695,108.0,2.0,374.68,3,1,1,5,At Risk
696,22.0,5.0,5668.1485,5,4,4,13,Champions
697,133.0,2.0,2588.5245,3,1,2,6,At Risk
698,372.0,2.0,1470.2275,1,1,1,3,Lost
699,194.0,5.0,3472.5949999999993,3,4,3,10,Loyal
700,68.0,1.0,646.649,4,1,1,6,At Risk
701,75.0,3.0,595.8565,4,2,1,7,Potential
702,102.0,5.0,4568.0815,4,4,4,12,Loyal
703,127.0,5.0,3550.5985,3,4,3,10,Loyal
704,43.0,4.0,3346.7234999999996,5,3,3,11,Loyal
705,155.0,4.0,3977.028,3,3,3,9,Potential
706,2.0,5.0,4393.8949999999995,5,4,3,12,Loyal
708,2.0,7.0,6331.4355000000005,5,5,4,14,Champions
709,670.0,3.0,2647.7760000000003,1,2,2,5,At Risk
710,22.0,4.0,15306.324499999999,5,3,5,13,Champions
711,740.0,1.0,478.173,1,1,1,3,Lost
712,189.0,3.0,2612.545,3,2,2,7,Potential
713,1064.0,1.0,1670.8400000000001,1,1,1,3,Lost
714,11.0,6.0,2623.8239999999996,5,5,2,12,Loyal
715,62.0,4.0,3497.3575,4,3,3,10,Loyal
716,352.0,3.0,3996.5209999999997,2,2,3,7,Potential
717,16.0,5.0,6315.616999999999,5,4,4,13,Champions
718,108.0,3.0,11967.7545,3,2,5,10,Loyal
719,10.0,4.0,5948.418,5,3,4,12,Loyal
720,325.0,3.0,3346.77,2,2,3,7,Potential
721,365.0,3.0,4364.979,2,2,3,7,Potential
722,190.0,5.0,4127.838,3,4,3,10,Loyal
723,42.0,2.0,2171.5665,5,1,2,8,Potential
724,315.0,3.0,1632.192,2,2,1,5,At Risk
725,254.0,2.0,4516.3475,2,1,4,7,Potential
726,23.0,7.0,11910.9435,5,5,5,15,Champions
727,69.0,5.0,7577.7445,4,4,5,13,Champions
728,218.0,2.0,1486.529,2,1,1,4,Lost
729,177.0,7.0,6502.102,3,5,4,12,Loyal
730,16.0,3.0,4399.826,5,2,4,11,Loyal
731,207.0,3.0,3656.3430000000003,2,2,3,7,Potential
732,26.0,3.0,2272.3,5,2,2,9,Potential
733,20.0,6.0,6927.4355,5,5,5,15,Champions
734,43.0,4.0,7310.118,5,3,5,13,Champions
735,1003.0,1.0,2869.9195,1,1,2,4,Lost
736,12.0,5.0,5721.374,5,4,4,13,Champions
737,357.0,3.0,3269.675,2,2,3,7,Potential
738,395.0,1.0,292.173,1,1,1,3,Lost
739,601.0,1.0,1335.13,1,1,1,3,Lost
740,30.0,6.0,4975.264,5,5,4,14,Champions
741,171.0,4.0,5944.159500000001,3,3,4,10,Loyal
742,576.0,3.0,1477.7599999999998,1,2,1,4,Lost
743,184.0,3.0,2002.4699999999998,3,2,2,7,Potential
744,878.0,2.0,958.354,1,1,1,3,Lost
745,62.0,2.0,3904.6939999999995,4,1,3,8,Potential
746,201.0,1.0,61.15,3,1,1,5,At Risk
747,286.0,2.0,3008.6265000000003,2,1,2,5,At Risk
748,351.0,1.0,1781.1249999999998,2,1,1,4,Lost
749,58.0,3.0,2567.6335,4,2,2,8,Potential
750,389.0,3.0,3424.8655,1,2,3,6,At Risk
752,28.0,6.0,4052.5355000000004,5,5,3,13,Champions
753,178.0,5.0,3138.5274999999997,3,4,3,10,Loyal
754,58.0,1.0,441.8725,4,1,1,6,At Risk
755,285.0,2.0,3367.1794999999997,2,1,3,6,At Risk
756,18.0,4.0,3904.8290000000006,5,3,3,11,Loyal
757,365.0,1.0,43.128,2,1,1,4,Lost
758,479.0,4.0,5948.3245,1,3,4,8,Potential
760,90.0,4.0,9364.8305,4,3,5,12,Loyal
761,146.0,7.0,9100.751499999998,3,5,5,13,Champions
762,110.0,6.0,6025.67,3,5,4,12,Loyal
763,122.0,3.0,5827.713,3,2,4,9,Potential
764,210.0,9.0,9186.653500000002,2,5,5,12,Loyal
765,526.0,4.0,1315.05,1,3,1,5,At Risk
766,789.0,1.0,808.165,1,1,1,3,Lost
767,5.0,3.0,3251.2335,5,2,3,10,Loyal
768,317.0,4.0,5073.6945000000005,2,3,4,9,Potential
769,357.0,2.0,2910.645,2,1,2,5,At Risk
770,189.0,2.0,1062.92,3,1,1,5,At Risk
771,90.0,5.0,5699.39,4,4,4,12,Loyal
772,124.0,3.0,4040.5895,3,2,3,8,Potential
773,217.0,6.0,5354.477999999999,2,5,4,11,Loyal
774,252.0,4.0,3839.8705,2,3,3,8,Potential
775,3.0,5.0,4426.596,5,4,4,13,Champions
776,135.0,2.0,1954.0769999999998,3,1,2,6,At Risk
777,401.0,1.0,1678.68,1,1,1,3,Lost
778,223.0,2.0,1415.1580000000001,2,1,1,4,Lost
779,4.0,3.0,11612.7155,5,2,5,12,Loyal
780,447.0,2.0,2987.7929999999997,1,1,2,4,Lost
781,24.0,1.0,972.6129999999999,5,1,1,7,Potential
782,456.0,1.0,1626.828,1,1,1,3,Lost
783,114.0,4.0,4023.364499999999,3,3,3,9,Potential
785,719.0,2.0,23181.300000000003,1,1,5,7,Potential
786,123.0,5.0,5937.02,3,4,4,11,Loyal
787,3.0,6.0,18442.481500000005,5,5,5,15,Champions
788,68.0,3.0,3888.21,4,2,3,9,Potential
789,218.0,4.0,7609.507999999999,2,3,5,10,Loyal
790,160.0,4.0,4277.0425000000005,3,3,3,9,Potential
791,287.0,3.0,4672.159000000001,2,2,4,8,Potential
792,342.0,5.0,6415.4580000000005,2,4,4,10,Loyal
793,255.0,7.0,7312.032499999999,2,5,5,12,Loyal
794,31.0,3.0,4017.2905,5,2,3,10,Loyal
795,183.0,5.0,5105.290500000001,3,4,4,11,Loyal
796,152.0,3.0,2824.1780000000003,3,2,2,7,Potential
797,50.0,7.0,40511.6725,4,5,5,14,Champions
798,255.0,4.0,3667.4580000000005,2,3,3,8,Potential
799,226.0,4.0,2285.5874999999996,2,3,2,7,Potential
800,161.0,4.0,4725.191000000001,3,3,4,10,Loyal
801,310.0,1.0,2112.1655,2,1,2,5,At Risk
802,93.0,2.0,1522.9385,4,1,1,6,At Risk
803,66.0,2.0,2249.1569999999997,4,1,2,7,Potential
804,4.0,3.0,4913.702000000001,5,2,4,11,Loyal
805,21.0,4.0,36454.7905,5,3,5,13,Champions
806,630.0,2.0,1979.9415,1,1,2,4,Lost
807,107.0,4.0,6791.433999999999,3,3,5,11,Loyal
808,543.0,2.0,1879.12,1,1,2,4,Lost
809,113.0,3.0,2572.972,3,2,2,7,Potential
810,62.0,5.0,3104.837,4,4,3,11,Loyal
811,162.0,5.0,5583.8324999999995,3,4,4,11,Loyal
812,190.0,3.0,5329.838000000001,3,2,4,9,Potential
813,178.0,4.0,6425.172,3,3,4,10,Loyal
814,267.0,3.0,1667.1215,2,2,1,5,At Risk
815,584.0,2.0,5888.971500000001,1,1,4,6,At Risk
816,441.0,7.0,6978.832,1,5,5,11,Loyal
817,27.0,8.0,5532.6205,5,5,4,14,Champions
818,67.0,2.0,6677.316000000001,4,1,5,10,Loyal
819,3.0,3.0,2578.627,5,2,2,9,Potential
820,153.0,3.0,6718.404500000001,3,2,5,10,Loyal
821,44.0,3.0,4056.09,5,2,3,10,Loyal
822,63.0,4.0,3848.4145,4,3,3,10,Loyal
823,247.0,1.0,218.79,2,1,1,4,Lost
824,383.0,6.0,5856.2005,1,5,4,10,Loyal
825,464.0,2.0,635.398,1,1,1,3,Lost
826,24.0,3.0,5421.3195,5,2,4,11,Loyal
827,5.0,1.0,221.98,5,1,1,7,Potential
828,372.0,3.0,1506.96,1,2,1,4,Lost
829,5.0,7.0,5616.6759999999995,5,5,4,14,Champions
830,8.0,4.0,3564.258,5,3,3,11,Loyal
831,602.0,2.0,1169.025,1,1,1,3,Lost
832,14.0,4.0,2212.9649999999997,5,3,2,10,Loyal
833,525.0,3.0,2532.941,1,2,2,5,At Risk
834,341.0,2.0,2944.7400000000002,2,1,2,5,At Risk
835,66.0,5.0,37055.8875,4,4,5,13,Champions
837,156.0,6.0,8695.095,3,5,5,13,Champions
838,224.0,6.0,6847.109500000001,2,5,5,12,Loyal
839,277.0,4.0,4570.548500000001,2,3,4,9,Potential
840,223.0,1.0,1477.682,2,1,1,4,Lost
841,460.0,3.0,1296.703,1,2,1,4,Lost
842,224.0,2.0,2688.9900000000002,2,1,2,5,At Risk
843,45.0,3.0,4111.62,5,2,3,10,Loyal
844,347.0,3.0,2631.88,2,2,2,6,At Risk
845,356.0,3.0,4326.684,2,2,3,7,Potential
846,711.0,2.0,773.1395,1,1,1,3,Lost
847,469.0,2.0,2077.3360000000002,1,1,2,4,Lost
848,2.0,2.0,4244.627,5,1,3,9,Potential
849,353.0,3.0,3697.4245,2,2,3,7,Potential
850,237.0,1.0,1040.43,2,1,1,4,Lost
851,116.0,3.0,829.1670000000001,3,2,1,6,At Risk
852,151.0,6.0,2893.5699999999997,3,5,2,10,Loyal
853,115.0,4.0,6024.042,3,3,4,10,Loyal
854,619.0,2.0,821.95,1,1,1,3,Lost
855,297.0,4.0,6404.4175,2,3,4,9,Potential
856,10.0,7.0,11474.526499999998,5,5,5,15,Champions
857,43.0,2.0,1857.3055,5,1,2,8,Potential
858,301.0,3.0,579.656,2,2,1,5,At Risk
859,745.0,3.0,4757.4605,1,2,4,7,Potential
860,284.0,2.0,3552.424,2,1,3,6,At Risk
861,16.0,6.0,9459.979500000001,5,5,5,15,Champions
862,207.0,6.0,8046.197500000001,2,5,5,12,Loyal
863,571.0,3.0,1561.6985,1,2,1,4,Lost
864,103.0,5.0,4819.9075,4,4,4,12,Loyal
865,108.0,2.0,1492.6499999999999,3,1,1,5,At Risk
866,503.0,5.0,8219.423999999999,1,4,5,10,Loyal
867,771.0,1.0,580.091,1,1,1,3,Lost
868,254.0,5.0,7352.4884999999995,2,4,5,11,Loyal
869,89.0,4.0,4071.1725000000006,4,3,3,10,Loyal
870,159.0,3.0,2069.756,3,2,2,7,Potential
871,82.0,4.0,4025.1719999999996,4,3,3,10,Loyal
872,310.0,6.0,9455.1475,2,5,5,12,Loyal
873,441.0,3.0,2138.412,1,2,2,5,At Risk
874,175.0,2.0,2414.714,3,1,2,6,At Risk
875,50.0,4.0,4179.6485,4,3,3,10,Loyal
876,50.0,4.0,20248.9915,4,3,5,12,Loyal
877,252.0,2.0,2287.5620000000004,2,1,2,5,At Risk
878,429.0,4.0,2598.7039999999997,1,3,2,6,At Risk
880,164.0,6.0,4515.989,3,5,4,12,Loyal
881,26.0,5.0,2715.221,5,4,2,11,Loyal
882,54.0,7.0,6557.143500000001,4,5,4,13,Champions
883,100.0,5.0,16996.212000000003,4,4,5,13,Champions
884,62.0,5.0,2990.3595000000005,4,4,2,10,Loyal
885,406.0,4.0,20045.657499999998,1,3,5,9,Potential
886,632.0,2.0,187.332,1,1,1,3,Lost
887,44.0,4.0,6717.109,5,3,5,13,Champions
888,1.0,5.0,4573.8655,5,4,4,13,Champions
889,9.0,7.0,5489.5325,5,5,4,14,Champions
890,118.0,8.0,16933.3375,3,5,5,13,Champions
891,61.0,5.0,8766.7495,4,4,5,13,Champions
892,207.0,4.0,3540.7139999999995,2,3,3,8,Potential
894,382.0,1.0,754.14,1,1,1,3,Lost
895,22.0,4.0,4319.1695,5,3,3,11,Loyal
896,8.0,2.0,2676.7795,5,1,2,8,Potential
897,201.0,9.0,8810.416499999998,3,5,5,13,Champions
898,159.0,11.0,11379.710500000001,3,5,5,13,Champions
899,51.0,4.0,5164.9275,4,3,4,11,Loyal
900,86.0,2.0,1464.554,4,1,1,6,At Risk
901,166.0,4.0,3295.959,3,3,3,9,Potential
902,479.0,1.0,970.97,1,1,1,3,Lost
903,129.0,3.0,872.8815000000001,3,2,1,6,At Risk
904,521.0,5.0,3636.567,1,4,3,8,Potential
905,687.0,1.0,1218.33,1,1,1,3,Lost
906,33.0,7.0,15414.196499999998,5,5,5,15,Champions
907,169.0,3.0,1150.7115,3,2,1,6,At Risk
908,107.0,5.0,5710.990499999999,3,4,4,11,Loyal
909,14.0,3.0,4243.8685,5,2,3,10,Loyal
910,520.0,1.0,842.51,1,1,1,3,Lost
911,77.0,2.0,2101.373,4,1,2,7,Potential
912,50.0,6.0,7091.763500000001,4,5,5,14,Champions
913,95.0,5.0,5722.555,4,4,4,12,Loyal
914,209.0,2.0,1424.2475000000002,2,1,1,4,Lost
915,156.0,6.0,6879.0105,3,5,5,13,Champions
916,63.0,8.0,17720.327,4,5,5,14,Champions
917,500.0,3.0,37396.18,1,2,5,8,Potential
918,437.0,3.0,4962.088,1,2,4,7,Potential
919,330.0,3.0,4151.539,2,2,3,7,Potential
920,31.0,5.0,9244.487500000003,5,4,5,14,Champions
921,16.0,8.0,6806.5315,5,5,5,15,Champions
922,263.0,4.0,3507.9610000000002,2,3,3,8,Potential
923,99.0,3.0,3963.971,4,2,3,9,Potential
924,163.0,3.0,3062.3514999999998,3,2,2,7,Potential
925,40.0,4.0,3990.5690000000004,5,3,3,11,Loyal
926,196.0,3.0,2124.0335000000005,3,2,2,7,Potential
927,38.0,3.0,1816.0645,5,2,2,9,Potential
928,82.0,3.0,4082.0705,4,2,3,9,Potential
929,357.0,2.0,648.675,2,1,1,4,Lost
930,301.0,5.0,8350.85,2,4,5,11,Loyal
931,158.0,3.0,2604.4205,3,2,2,7,Potential
932,45.0,2.0,2390.0139999999997,5,1,2,8,Potential
933,188.0,5.0,7009.046999999999,3,4,5,12,Loyal
934,431.0,3.0,1857.9089999999999,1,2,2,5,At Risk
935,296.0,2.0,2030.9025000000001,2,1,2,5,At Risk
936,34.0,2.0,526.292,5,1,1,7,Potential
937,216.0,3.0,2927.07,2,2,2,6,At Risk
938,115.0,4.0,5940.283,3,3,4,10,Loyal
940,755.0,2.0,1108.5594999999998,1,1,1,3,Lost
941,101.0,3.0,1545.5220000000002,4,2,1,7,Potential
943,158.0,6.0,7328.818000000001,3,5,5,13,Champions
944,144.0,1.0,467.51,3,1,1,5,At Risk
945,81.0,5.0,7411.364,4,4,5,13,Champions
946,510.0,4.0,4023.7855,1,3,3,7,Potential
947,934.0,1.0,268.3385,1,1,1,3,Lost
948,234.0,4.0,4071.6814999999997,2,3,3,8,Potential
949,72.0,6.0,8357.050500000001,4,5,5,14,Champions
950,229.0,3.0,2314.1405000000004,2,2,2,6,At Risk
951,356.0,2.0,1943.51,2,1,2,5,At Risk
952,308.0,6.0,7202.407499999999,2,5,5,12,Loyal
953,118.0,7.0,9419.8525,3,5,5,13,Champions
954,45.0,1.0,2799.53,5,1,2,8,Potential
955,332.0,3.0,5222.4025,2,2,4,8,Potential
956,97.0,7.0,14088.9665,4,5,5,14,Champions
957,1.0,3.0,3923.5660000000007,5,2,3,10,Loyal
958,129.0,2.0,4331.507,3,1,3,7,Potential
959,164.0,4.0,4519.387000000001,3,3,4,10,Loyal
960,279.0,5.0,7983.501,2,4,5,11,Loyal
961,56.0,3.0,2823.421,4,2,2,8,Potential
962,149.0,1.0,620.483,3,1,1,5,At Risk
963,19.0,3.0,3358.7200000000003,5,2,3,10,Loyal
964,207.0,3.0,4554.344,2,2,4,8,Potential
965,365.0,4.0,3998.077,2,3,3,8,Potential
966,189.0,5.0,2986.679,3,4,2,9,Potential
967,354.0,3.0,4519.8925,2,2,4,8,Potential
968,73.0,3.0,1734.8670000000002,4,2,1,7,Potential
969,295.0,6.0,5070.47,2,5,4,11,Loyal
970,18.0,5.0,4603.298,5,4,4,13,Champions
971,89.0,9.0,31688.4655,4,5,5,14,Champions
972,84.0,5.0,4535.4664999999995,4,4,4,12,Loyal
973,261.0,2.0,1578.2640000000001,2,1,1,4,Lost
974,172.0,6.0,7438.836000000001,3,5,5,13,Champions
975,212.0,2.0,2604.119,2,1,2,5,At Risk
976,236.0,3.0,31646.038,2,2,5,9,Potential
977,58.0,6.0,6600.911499999999,4,5,4,13,Champions
978,97.0,4.0,5038.5019999999995,4,3,4,11,Loyal
979,83.0,3.0,3523.5775000000003,4,2,3,9,Potential
980,141.0,3.0,1783.443,3,2,2,7,Potential
981,137.0,7.0,7945.6215,3,5,5,13,Champions
982,331.0,4.0,6748.234,2,3,5,10,Loyal
983,324.0,2.0,841.0225,2,1,1,4,Lost
984,277.0,3.0,4163.6885,2,2,3,7,Potential
985,10.0,3.0,3395.73,5,2,3,10,Loyal
986,80.0,3.0,4469.348,4,2,4,10,Loyal
987,26.0,3.0,4323.907,5,2,3,10,Loyal
988,197.0,4.0,39292.66649999999,3,3,5,11,Loyal
989,46.0,2.0,13605.612,4,1,5,10,Loyal
990,632.0,3.0,5104.951,1,2,4,7,Potential
991,128.0,3.0,3948.6915,3,2,3,8,Potential
992,70.0,6.0,4742.718,4,5,4,13,Champions
993,287.0,3.0,1654.1200000000001,2,2,1,5,At Risk
994,139.0,3.0,4307.505,3,2,3,8,Potential
995,383.0,6.0,8144.6955,1,5,5,11,Loyal
996,103.0,3.0,3030.097,4,2,2,8,Potential
997,90.0,4.0,4277.848000000001,4,3,3,10,Loyal
998,15.0,5.0,4087.8970000000004,5,4,3,12,Loyal
999,141.0,3.0,7349.855,3,2,5,10,Loyal
1000,85.0,3.0,2128.5165,4,2,2,8,Potential
1001,276.0,5.0,6826.8634999999995,2,4,5,11,Loyal
1002,147.0,7.0,9162.7375,3,5,5,13,Champions
1003,103.0,4.0,1851.3380000000002,4,3,2,9,Potential
1004,250.0,3.0,4242.6095000000005,2,2,3,7,Potential
1005,13.0,2.0,3184.5280000000002,5,1,3,9,Potential
1006,367.0,3.0,4162.975,2,2,3,7,Potential
1007,78.0,6.0,37295.114499999996,4,5,5,14,Champions
1008,276.0,4.0,2001.3760000000002,2,3,2,7,Potential
1009,63.0,5.0,5703.226500000001,4,4,4,12,Loyal
1011,122.0,2.0,5636.96,3,1,4,8,Potential
1012,190.0,4.0,8978.232,3,3,5,11,Loyal
1013,16.0,1.0,512.6600000000001,5,1,1,7,Potential
1014,109.0,3.0,6014.991499999999,3,2,4,9,Potential
1015,30.0,5.0,10443.740499999998,5,4,5,14,Champions
1016,178.0,4.0,2599.0060000000003,3,3,2,8,Potential
1017,78.0,1.0,906.9340000000001,4,1,1,6,At Risk
1018,570.0,1.0,133.13,1,1,1,3,Lost
1019,692.0,1.0,1062.1505,1,1,1,3,Lost
1020,363.0,4.0,4336.057,2,3,3,8,Potential
1021,304.0,3.0,4947.261,2,2,4,8,Potential
1022,52.0,3.0,3258.978,4,2,3,9,Potential
1023,300.0,6.0,5601.163499999999,2,5,4,11,Loyal
1025,25.0,5.0,6679.3295,5,4,5,14,Champions
1026,164.0,4.0,933.7905000000001,3,3,1,7,Potential
1027,76.0,1.0,456.96,4,1,1,6,At Risk
1028,1008.0,1.0,261.44949999999994,1,1,1,3,Lost
1029,82.0,2.0,2362.667,4,1,2,7,Potential
1030,1.0,7.0,7190.191500000001,5,5,5,15,Champions
1031,5.0,4.0,2722.2065000000002,5,3,2,10,Loyal
1032,885.0,2.0,1537.8314999999998,1,1,1,3,Lost
1033,250.0,3.0,274.301,2,2,1,5,At Risk
1034,354.0,3.0,4453.067999999999,2,2,4,8,Potential
1035,131.0,7.0,10882.5595,3,5,5,13,Champions
1036,56.0,6.0,36344.966499999995,4,5,5,14,Champions
1037,43.0,4.0,5144.114,5,3,4,12,Loyal
1038,181.0,3.0,2124.214,3,2,2,7,Potential
1039,57.0,5.0,5677.097999999999,4,4,4,12,Loyal
1040,25.0,3.0,3691.6414999999997,5,2,3,10,Loyal
1041,94.0,3.0,3796.8630000000003,4,2,3,9,Potential
1042,33.0,3.0,4220.3240000000005,5,2,3,10,Loyal
1043,134.0,8.0,6570.0205,3,5,4,12,Loyal
1044,85.0,6.0,5006.951,4,5,4,13,Champions
1045,152.0,4.0,4179.1055,3,3,3,9,Potential
1046,450.0,1.0,274.11,1,1,1,3,Lost
1047,944.0,1.0,1779.1399999999999,1,1,1,3,Lost
1048,21.0,4.0,4445.548499999999,5,3,4,12,Loyal
1049,764.0,4.0,3752.8810000000003,1,3,3,7,Potential
1050,97.0,4.0,2784.1695000000004,4,3,2,9,Potential
1051,915.0,3.0,2030.352,1,2,2,5,At Risk
1052,355.0,5.0,6045.0085,2,4,4,10,Loyal
1053,556.0,3.0,3455.16,1,2,3,6,At Risk
1054,496.0,3.0,2402.214,1,2,2,5,At Risk
1055,637.0,2.0,2855.8199999999997,1,1,2,4,Lost
1056,81.0,2.0,4931.070000000001,4,1,4,9,Potential
1057,295.0,3.0,3136.6205,2,2,3,7,Potential
1058,478.0,7.0,9993.645499999999,1,5,5,11,Loyal
1059,367.0,1.0,590.8525,2,1,1,4,Lost
1060,351.0,4.0,2981.0515,2,3,2,7,Potential
1061,951.0,1.0,568.746,1,1,1,3,Lost
1062,90.0,4.0,3510.0179999999996,4,3,3,10,Loyal
1063,42.0,1.0,1556.8694999999998,5,1,1,7,Potential
1064,136.0,6.0,6125.197500000001,3,5,4,12,Loyal
1066,78.0,5.0,6940.07,4,4,5,13,Champions
1067,424.0,1.0,13474.644,1,1,5,7,Potential
1068,63.0,3.0,1869.7289999999998,4,2,2,8,Potential
1069,510.0,1.0,2195.03,1,1,2,4,Lost
1070,22.0,6.0,4940.457,5,5,4,14,Champions
1071,24.0,2.0,9188.233500000002,5,1,5,11,Loyal
1072,136.0,2.0,1368.168,3,1,1,5,At Risk
1073,59.0,5.0,8109.105,4,4,5,13,Champions
1074,147.0,5.0,4556.915499999999,3,4,4,11,Loyal
1075,74.0,5.0,17118.933499999996,4,4,5,13,Champions
1076,506.0,5.0,2803.5539999999996,1,4,2,7,Potential
1077,165.0,2.0,3212.733,3,1,3,7,Potential
1078,92.0,3.0,2604.0495,4,2,2,8,Potential
1079,82.0,2.0,1418.9240000000002,4,1,1,6,At Risk
1080,494.0,1.0,1204.4815,1,1,1,3,Lost
1081,345.0,3.0,5414.063999999999,2,2,4,8,Potential
1082,143.0,3.0,2274.449,3,2,2,7,Potential
1083,884.0,1.0,3968.7484999999997,1,1,3,5,At Risk
1084,586.0,2.0,2893.108,1,1,2,4,Lost
1085,22.0,8.0,11628.786,5,5,5,15,Champions
1086,558.0,2.0,1659.792,1,1,1,3,Lost
1087,347.0,1.0,1538.8855,2,1,1,4,Lost
1088,420.0,2.0,2625.02,1,1,2,4,Lost
1090,770.0,2.0,501.42,1,1,1,3,Lost
1091,121.0,5.0,4130.9529999999995,3,4,3,10,Loyal
1092,109.0,9.0,8127.8145,3,5,5,13,Champions
1093,86.0,4.0,3923.2085,4,3,3,10,Loyal
1094,171.0,5.0,4701.859,3,4,4,11,Loyal
1095,635.0,2.0,861.813,1,1,1,3,Lost
1096,147.0,1.0,372.493,3,1,1,5,At Risk
1097,269.0,6.0,8593.988,2,5,5,12,Loyal
1098,60.0,4.0,24989.227,4,3,5,12,Loyal
1099,88.0,4.0,4617.6415,4,3,4,11,Loyal
1100,2.0,8.0,10039.979500000001,5,5,5,15,Champions
1101,38.0,4.0,2690.7760000000003,5,3,2,10,Loyal
1102,346.0,1.0,1054.101,2,1,1,4,Lost
1103,54.0,3.0,4657.1025,4,2,4,10,Loyal
1104,9.0,4.0,13215.823999999999,5,3,5,13,Champions
1105,176.0,5.0,3685.494,3,4,3,10,Loyal
1106,37.0,4.0,2661.385,5,3,2,10,Loyal
1107,235.0,2.0,1782.6855,2,1,1,4,Lost
1108,18.0,4.0,4290.892,5,3,3,11,Loyal
1109,77.0,6.0,5953.917,4,5,4,13,Champions
1110,964.0,1.0,127.57,1,1,1,3,Lost
1111,69.0,5.0,5794.731500000001,4,4,4,12,Loyal
1112,371.0,3.0,1283.5615,1,2,1,4,Lost
1113,609.0,2.0,1524.645,1,1,1,3,Lost
1114,144.0,5.0,3265.0170000000003,3,4,3,10,Loyal
1115,13.0,4.0,4014.2099999999996,5,3,3,11,Loyal
1116,11.0,4.0,2740.4359999999997,5,3,2,10,Loyal
1117,508.0,2.0,1842.7179999999998,1,1,2,4,Lost
1118,320.0,2.0,4181.4580000000005,2,1,3,6,At Risk
1119,114.0,1.0,583.528,3,1,1,5,At Risk
1120,658.0,4.0,7770.243,1,3,5,9,Potential
1121,249.0,1.0,631.35,2,1,1,4,Lost
1122,430.0,1.0,829.9360000000001,1,1,1,3,Lost
1123,29.0,3.0,2554.0515000000005,5,2,2,9,Potential
1124,79.0,3.0,4398.7845,4,2,3,9,Potential
1125,601.0,3.0,3093.5920000000006,1,2,3,6,At Risk
1126,58.0,4.0,11781.3655,4,3,5,12,Loyal
1127,356.0,6.0,32462.882999999998,2,5,5,12,Loyal
1128,70.0,3.0,3303.3455000000004,4,2,3,9,Potential
1129,108.0,4.0,2418.8940000000002,3,3,2,8,Potential
1130,297.0,3.0,4943.5289999999995,2,2,4,8,Potential
1131,151.0,5.0,3982.7039999999997,3,4,3,10,Loyal
1132,72.0,1.0,1470.3579999999997,4,1,1,6,At Risk
1133,39.0,7.0,8906.477,5,5,5,15,Champions
1134,69.0,7.0,8228.2385,4,5,5,14,Champions
1135,24.0,2.0,1870.5404999999998,5,1,2,8,Potential
1136,0.0,4.0,3704.681,5,3,3,11,Loyal
1137,577.0,2.0,1241.142,1,1,1,3,Lost
1138,112.0,6.0,7736.983499999999,3,5,5,13,Champions
1139,48.0,4.0,6871.664500000001,4,3,5,12,Loyal
1140,153.0,2.0,5305.7029999999995,3,1,4,8,Potential
1141,170.0,3.0,5163.8985,3,2,4,9,Potential
1142,1.0,5.0,4793.0,5,4,4,13,Champions
1143,110.0,5.0,6351.5645,3,4,4,11,Loyal
1144,368.0,2.0,2201.2075,2,1,2,5,At Risk
1145,78.0,4.0,4352.967000000001,4,3,3,10,Loyal
1146,79.0,5.0,6621.232499999999,4,4,4,12,Loyal
1147,434.0,2.0,1967.9759999999999,1,1,2,4,Lost
1148,180.0,4.0,3541.1245,3,3,3,9,Potential
1149,115.0,5.0,4587.6105,3,4,4,11,Loyal
1150,32.0,2.0,3028.194,5,1,2,8,Potential
1151,26.0,5.0,4402.9974999999995,5,4,4,13,Champions
1153,559.0,3.0,3406.5654999999997,1,2,3,6,At Risk
1154,0.0,6.0,5644.562,5,5,4,14,Champions
1155,315.0,3.0,3034.489,2,2,2,6,At Risk
1156,361.0,3.0,3592.84,2,2,3,7,Potential
1158,804.0,4.0,6932.3420000000015,1,3,5,9,Potential
1159,121.0,2.0,2791.9665,3,1,2,6,At Risk
1160,23.0,4.0,1063.07,5,3,1,9,Potential
1161,390.0,1.0,567.69,1,1,1,3,Lost
1162,516.0,3.0,3039.973,1,2,2,5,At Risk
1163,5.0,6.0,8234.629,5,5,5,15,Champions
1164,228.0,4.0,2738.3625,2,3,2,7,Potential
1165,362.0,2.0,2753.69,2,1,2,5,At Risk
1166,186.0,4.0,5753.625499999999,3,3,4,10,Loyal
1167,1.0,6.0,7019.1755,5,5,5,15,Champions
1168,409.0,1.0,2524.9945,1,1,2,4,Lost
1169,306.0,1.0,2151.927,2,1,2,5,At Risk
1170,924.0,1.0,473.03049999999996,1,1,1,3,Lost
1171,131.0,8.0,10131.795,3,5,5,13,Champions
1172,265.0,2.0,1653.23,2,1,1,4,Lost
1173,179.0,5.0,3742.343,3,4,3,10,Loyal
1174,2.0,5.0,1979.9910000000002,5,4,2,11,Loyal
1175,722.0,2.0,1165.78,1,1,1,3,Lost
1176,541.0,3.0,2790.217,1,2,2,5,At Risk
1177,341.0,4.0,4857.9490000000005,2,3,4,9,Potential
1178,853.0,1.0,314.57649999999995,1,1,1,3,Lost
1179,471.0,5.0,3420.0299999999997,1,4,3,8,Potential
1180,139.0,7.0,47277.55299999999,3,5,5,13,Champions
1181,298.0,3.0,2680.4665,2,2,2,6,At Risk
1182,251.0,5.0,4362.1115,2,4,3,9,Potential
1183,6.0,3.0,2906.344,5,2,2,9,Potential
1184,449.0,3.0,5242.531,1,2,4,7,Potential
1185,539.0,2.0,3991.6875,1,1,3,5,At Risk
1186,48.0,4.0,3679.2705,4,3,3,10,Loyal
1187,162.0,7.0,11075.765500000001,3,5,5,13,Champions
1188,122.0,5.0,7245.910000000001,3,4,5,12,Loyal
1189,528.0,3.0,2999.029,1,2,2,5,At Risk
1190,73.0,5.0,2523.1925,4,4,2,10,Loyal
1191,75.0,3.0,4733.532,4,2,4,10,Loyal
1192,197.0,2.0,1985.2965000000002,3,1,2,6,At Risk
1193,237.0,3.0,3089.114,2,2,3,7,Potential
1194,1.0,3.0,2418.5635,5,2,2,9,Potential
1195,359.0,1.0,1372.416,2,1,1,4,Lost
1196,121.0,1.0,594.99,3,1,1,5,At Risk
1197,364.0,2.0,1229.3385,2,1,1,4,Lost
1198,30.0,6.0,6956.852,5,5,5,15,Champions
1199,252.0,4.0,10150.555,2,3,5,10,Loyal
1200,206.0,2.0,1144.41,2,1,1,4,Lost
1201,60.0,5.0,7869.536,4,4,5,13,Champions
1202,162.0,1.0,227.31,3,1,1,5,At Risk
1203,163.0,4.0,3056.0,3,3,2,8,Potential
1204,112.0,5.0,2870.6895,3,4,2,9,Potential
1205,109.0,2.0,2718.468,3,1,2,6,At Risk
1206,83.0,3.0,36787.025499999996,4,2,5,11,Loyal
1207,433.0,4.0,6395.910000000001,1,3,4,8,Potential
1208,136.0,2.0,7408.582,3,1,5,9,Potential
1209,0.0,5.0,1592.4535,5,4,1,10,Loyal
1210,234.0,6.0,3840.092,2,5,3,10,Loyal
1211,112.0,4.0,2537.7470000000003,3,3,2,8,Potential
1212,130.0,10.0,12344.8135,3,5,5,13,Champions
1213,2.0,2.0,1748.442,5,1,1,7,Potential
1214,176.0,6.0,9714.253499999999,3,5,5,13,Champions
1215,688.0,2.0,3082.0760000000005,1,1,3,5,At Risk
1216,69.0,4.0,1430.509,4,3,1,8,Potential
1217,141.0,5.0,79992.056,3,4,5,12,Loyal
1218,78.0,7.0,12493.61,4,5,5,14,Champions
1219,2.0,2.0,1152.705,5,1,1,7,Potential
1220,158.0,4.0,5048.731,3,3,4,10,Loyal
1221,16.0,2.0,4519.8875,5,1,4,10,Loyal
1222,192.0,1.0,185.9035,3,1,1,5,At Risk
1223,152.0,9.0,11153.264,3,5,5,13,Champions
1224,41.0,4.0,1142.6215000000002,5,3,1,9,Potential
1225,64.0,6.0,7751.605999999999,4,5,5,14,Champions
1226,68.0,2.0,2250.2340000000004,4,1,2,7,Potential
1227,468.0,3.0,4988.5419999999995,1,2,4,7,Potential
1228,6.0,4.0,5863.353999999999,5,3,4,12,Loyal
1229,494.0,1.0,1372.272,1,1,1,3,Lost
1230,52.0,4.0,4499.4105,4,3,4,11,Loyal
1231,52.0,6.0,8244.1415,4,5,5,14,Champions
1232,313.0,7.0,3705.72,2,5,3,10,Loyal
1233,49.0,6.0,6956.6925,4,5,5,14,Champions
1234,0.0,2.0,3189.9085000000005,5,1,3,9,Potential
1235,29.0,4.0,4851.594,5,3,4,12,Loyal
1236,1094.0,1.0,121.1915,1,1,1,3,Lost
1237,14.0,5.0,5047.6875,5,4,4,13,Champions
1238,105.0,2.0,3065.0255,4,1,2,7,Potential
1239,800.0,4.0,3904.9035000000003,1,3,3,7,Potential
1240,466.0,1.0,618.69,1,1,1,3,Lost
1241,283.0,5.0,5456.439499999999,2,4,4,10,Loyal
1242,278.0,3.0,3616.5924999999997,2,2,3,7,Potential
1243,222.0,3.0,4157.6655,2,2,3,7,Potential
1244,68.0,7.0,7112.666499999998,4,5,5,14,Champions
1245,56.0,4.0,10913.983999999999,4,3,5,12,Loyal
1246,85.0,2.0,13390.2425,4,1,5,10,Loyal
1247,476.0,5.0,5501.971,1,4,4,9,Potential
1248,315.0,2.0,1143.456,2,1,1,4,Lost
1249,62.0,2.0,3527.7505,4,1,3,8,Potential
1250,126.0,3.0,1343.708,3,2,1,6,At Risk
1251,49.0,2.0,1947.7910000000002,4,1,2,7,Potential
1252,61.0,3.0,2442.1805,4,2,2,8,Potential
1253,297.0,2.0,1657.3600000000001,2,1,1,4,Lost
1254,189.0,4.0,4764.0265,3,3,4,10,Loyal
1255,709.0,1.0,607.36,1,1,1,3,Lost
1256,373.0,5.0,3202.019,1,4,3,8,Potential
1257,681.0,4.0,3928.875,1,3,3,7,Potential
1258,27.0,3.0,4914.7080000000005,5,2,4,11,Loyal
1259,33.0,4.0,95535.575,5,3,5,13,Champions
1260,19.0,6.0,7259.295,5,5,5,15,Champions
1262,660.0,1.0,1834.962,1,1,2,4,Lost
1263,154.0,7.0,14417.666000000001,3,5,5,13,Champions
1264,0.0,6.0,5800.3060000000005,5,5,4,14,Champions
1265,367.0,7.0,8530.769499999999,2,5,5,12,Loyal
1266,6.0,4.0,5095.664000000001,5,3,4,12,Loyal
1267,75.0,2.0,1710.1335,4,1,1,6,At Risk
1268,218.0,3.0,3042.38,2,2,2,6,At Risk
1269,17.0,4.0,6020.415999999999,5,3,4,12,Loyal
1270,35.0,3.0,4423.338,5,2,4,11,Loyal
1271,145.0,4.0,3382.377,3,3,3,9,Potential
1272,125.0,4.0,3288.218,3,3,3,9,Potential
1273,69.0,3.0,2345.5635,4,2,2,8,Potential
1274,435.0,4.0,6194.776,1,3,4,8,Potential
1275,129.0,1.0,596.48,3,1,1,5,At Risk
1276,3.0,2.0,1165.6399999999999,5,1,1,7,Potential
1277,101.0,4.0,5058.452499999999,4,3,4,11,Loyal
1278,301.0,3.0,2968.8779999999997,2,2,2,6,At Risk
1279,439.0,2.0,1089.259,1,1,1,3,Lost
1280,37.0,2.0,1706.9785000000002,5,1,1,7,Potential
1281,15.0,3.0,1387.9360000000001,5,2,1,8,Potential
1282,52.0,3.0,3599.8265,4,2,3,9,Potential
1283,119.0,6.0,5499.650500000001,3,5,4,12,Loyal
1284,161.0,5.0,5360.183000000001,3,4,4,11,Loyal
1285,113.0,2.0,1561.0795,3,1,1,5,At Risk
1286,43.0,2.0,1066.3029999999999,5,1,1,7,Potential
1287,32.0,3.0,3135.6384999999996,5,2,3,10,Loyal
1288,356.0,1.0,478.173,2,1,1,4,Lost
1289,36.0,4.0,5764.972999999999,5,3,4,12,Loyal
1290,771.0,3.0,5812.2970000000005,1,2,4,7,Potential
1291,4.0,7.0,7579.2935,5,5,5,15,Champions
1292,86.0,4.0,2648.4525,4,3,2,9,Potential
1293,434.0,1.0,933.678,1,1,1,3,Lost
1294,465.0,2.0,3092.2149999999997,1,1,3,5,At Risk
1295,105.0,1.0,150.1,4,1,1,6,At Risk
1296,23.0,2.0,2683.8305,5,1,2,8,Potential
1297,667.0,2.0,1983.005,1,1,2,4,Lost
1298,210.0,3.0,2135.7380000000003,2,2,2,6,At Risk
1299,311.0,5.0,5112.815500000001,2,4,4,10,Loyal
1300,60.0,6.0,8504.5425,4,5,5,14,Champions
1302,41.0,4.0,3486.4915000000005,5,3,3,11,Loyal
1303,522.0,1.0,156.75,1,1,1,3,Lost
1304,251.0,4.0,5436.163000000001,2,3,4,9,Potential
1305,259.0,4.0,3187.7915000000003,2,3,3,8,Potential
1306,243.0,7.0,9170.558499999997,2,5,5,12,Loyal
1307,177.0,7.0,8965.2745,3,5,5,13,Champions
1308,327.0,2.0,2576.7200000000003,2,1,2,5,At Risk
1309,84.0,9.0,10837.454000000002,4,5,5,14,Champions
1310,156.0,3.0,1617.732,3,2,1,6,At Risk
1311,167.0,5.0,3122.5319999999997,3,4,3,10,Loyal
1312,291.0,6.0,8150.6925,2,5,5,12,Loyal
1313,266.0,5.0,6502.066,2,4,4,10,Loyal
1314,4.0,2.0,715.9615,5,1,1,7,Potential
1315,713.0,3.0,3445.5205,1,2,3,6,At Risk
1316,24.0,7.0,42809.577,5,5,5,15,Champions
1317,480.0,2.0,2967.7464999999997,1,1,2,4,Lost
1318,253.0,4.0,4043.46,2,3,3,8,Potential
1320,298.0,2.0,1860.5489999999998,2,1,2,5,At Risk
1321,82.0,3.0,1018.5099999999999,4,2,1,7,Potential
1322,253.0,2.0,1034.9479999999999,2,1,1,4,Lost
1323,411.0,2.0,1624.0405,1,1,1,3,Lost
1324,168.0,7.0,4828.659000000001,3,5,4,12,Loyal
1325,214.0,3.0,5448.0015,2,2,4,8,Potential
1326,434.0,2.0,608.8885,1,1,1,3,Lost
1327,246.0,4.0,4106.928,2,3,3,8,Potential
1328,36.0,4.0,16997.354,5,3,5,13,Champions
1329,504.0,3.0,2606.863,1,2,2,5,At Risk
1330,632.0,3.0,10498.221,1,2,5,8,Potential
1331,351.0,2.0,3869.0750000000003,2,1,3,6,At Risk
1332,272.0,1.0,1496.856,2,1,1,4,Lost
1333,207.0,1.0,608.8,2,1,1,4,Lost
1334,730.0,2.0,1622.157,1,1,1,3,Lost
1335,300.0,3.0,3628.3990000000003,2,2,3,7,Potential
1336,210.0,4.0,4780.3655,2,3,4,9,Potential
1337,328.0,4.0,3500.8549999999996,2,3,3,8,Potential
1338,88.0,3.0,3877.138,4,2,3,9,Potential
1339,1.0,3.0,1893.7490000000003,5,2,2,9,Potential
1341,344.0,7.0,11066.888500000003,2,5,5,12,Loyal
1343,118.0,3.0,4270.687,3,2,3,8,Potential
1344,483.0,1.0,597.28,1,1,1,3,Lost
1345,26.0,3.0,3497.299,5,2,3,10,Loyal
1346,690.0,3.0,3345.049,1,2,3,6,At Risk
1347,372.0,4.0,72359.3275,1,3,5,9,Potential
1348,315.0,1.0,1225.2199999999998,2,1,1,4,Lost
1349,670.0,3.0,2092.2780000000002,1,2,2,5,At Risk
1350,439.0,3.0,2298.1515,1,2,2,5,At Risk
1351,32.0,2.0,1575.903,5,1,1,7,Potential
1352,50.0,5.0,2260.524,4,4,2,10,Loyal
1353,112.0,2.0,34582.813,3,1,5,9,Potential
1354,46.0,5.0,4793.15,4,4,4,12,Loyal
1355,411.0,2.0,2397.603,1,1,2,4,Lost
1356,852.0,2.0,681.8420000000001,1,1,1,3,Lost
1357,335.0,4.0,39417.303,2,3,5,10,Loyal
1358,576.0,2.0,431.44399999999996,1,1,1,3,Lost
1359,42.0,3.0,3518.2925,5,2,3,10,Loyal
1360,137.0,3.0,2869.4225,3,2,2,7,Potential
1361,310.0,3.0,2997.5455,2,2,2,6,At Risk
1362,76.0,6.0,20941.636,4,5,5,14,Champions
1363,95.0,1.0,182.5615,4,1,1,6,At Risk
1364,81.0,4.0,4437.725,4,3,4,11,Loyal
1365,24.0,2.0,722.3299999999999,5,1,1,7,Potential
1366,219.0,4.0,4885.7300000000005,2,3,4,9,Potential
1367,915.0,4.0,3440.663,1,3,3,7,Potential
1368,180.0,1.0,1018.6500000000001,3,1,1,5,At Risk
1369,454.0,6.0,14108.672999999999,1,5,5,11,Loyal
1370,407.0,4.0,5751.332500000001,1,3,4,8,Potential
1371,294.0,4.0,2669.8105,2,3,2,7,Potential
1372,34.0,3.0,38361.078,5,2,5,12,Loyal
1373,424.0,1.0,802.5075,1,1,1,3,Lost
1374,59.0,4.0,3913.6915000000004,4,3,3,10,Loyal
1375,133.0,1.0,48.45,3,1,1,5,At Risk
1376,162.0,5.0,5312.721500000001,3,4,4,11,Loyal
1378,2.0,3.0,2287.407,5,2,2,9,Potential
1379,1.0,6.0,9418.2395,5,5,5,15,Champions
1380,23.0,5.0,3849.88,5,4,3,12,Loyal
1381,329.0,3.0,11134.5025,2,2,5,9,Potential
1382,38.0,4.0,12420.2485,5,3,5,13,Champions
1383,65.0,9.0,8243.610499999999,4,5,5,14,Champions
1384,176.0,4.0,4082.731,3,3,3,9,Potential
1385,137.0,2.0,2342.5840000000003,3,1,2,6,At Risk
1386,80.0,2.0,2334.367,4,1,2,7,Potential
1387,106.0,4.0,4236.753500000001,4,3,3,10,Loyal
1388,40.0,3.0,6117.924000000001,5,2,4,11,Loyal
1389,51.0,3.0,4067.0910000000003,4,2,3,9,Potential
1390,908.0,1.0,35.67,1,1,1,3,Lost
1391,37.0,4.0,6005.1535,5,3,4,12,Loyal
1392,29.0,2.0,1915.8155,5,1,2,8,Potential
1393,134.0,2.0,315.492,3,1,1,5,At Risk
1394,33.0,3.0,3362.1865000000003,5,2,3,10,Loyal
1395,190.0,2.0,1607.6689999999999,3,1,1,5,At Risk
1396,103.0,3.0,3139.1339999999996,4,2,3,9,Potential
1397,588.0,1.0,2272.796,1,1,2,4,Lost
1398,164.0,7.0,6106.3565,3,5,4,12,Loyal
1399,61.0,5.0,4237.27,4,4,3,11,Loyal
1400,385.0,3.0,3900.3035,1,2,3,6,At Risk
1401,56.0,2.0,1485.7640000000001,4,1,1,6,At Risk
1402,30.0,2.0,1373.1055000000001,5,1,1,7,Potential
1403,358.0,2.0,3052.0385000000006,2,1,2,5,At Risk
1404,89.0,3.0,1216.972,4,2,1,7,Potential
1405,267.0,6.0,5946.155499999999,2,5,4,11,Loyal
1406,10.0,6.0,7386.8655,5,5,5,15,Champions
1407,40.0,4.0,4534.74,5,3,4,12,Loyal
1408,78.0,5.0,4008.4580000000005,4,4,3,11,Loyal
1409,17.0,3.0,3351.9990000000003,5,2,3,10,Loyal
1410,100.0,9.0,12312.565,4,5,5,14,Champions
1411,149.0,3.0,6214.112,3,2,4,9,Potential
1412,462.0,3.0,3887.362,1,2,3,6,At Risk
1413,295.0,6.0,7460.478000000001,2,5,5,12,Loyal
1414,326.0,3.0,2200.2295,2,2,2,6,At Risk
1415,350.0,3.0,6489.932000000001,2,2,4,8,Potential
1416,173.0,2.0,289.104,3,1,1,5,At Risk
1417,45.0,5.0,39730.752499999995,5,4,5,14,Champions
1418,152.0,3.0,1456.07,3,2,1,6,At Risk
1419,20.0,6.0,4963.9755,5,5,4,14,Champions
1420,28.0,5.0,4878.596,5,4,4,13,Champions
1421,51.0,5.0,12951.013,4,4,5,13,Champions
1422,289.0,3.0,3050.2905,2,2,2,6,At Risk
1423,520.0,6.0,4960.9685,1,5,4,10,Loyal
1424,61.0,5.0,40588.5755,4,4,5,13,Champions
1425,231.0,2.0,1004.6814999999999,2,1,1,4,Lost
1426,169.0,5.0,22877.0795,3,4,5,12,Loyal
1427,108.0,3.0,3006.0510000000004,3,2,2,7,Potential
1428,484.0,3.0,3367.294,1,2,3,6,At Risk
1429,165.0,7.0,22592.903,3,5,5,13,Champions
1430,100.0,2.0,2092.3900000000003,4,1,2,7,Potential
1431,428.0,1.0,938.11,1,1,1,3,Lost
1432,262.0,3.0,2712.7679999999996,2,2,2,6,At Risk
1433,247.0,2.0,567.47,2,1,1,4,Lost
1434,86.0,5.0,4316.6905,4,4,3,11,Loyal
1436,150.0,6.0,5662.708,3,5,4,12,Loyal
1437,180.0,3.0,1737.3500000000001,3,2,1,6,At Risk
1438,61.0,6.0,3212.797,4,5,3,12,Loyal
1439,181.0,3.0,2799.223,3,2,2,7,Potential
1440,56.0,3.0,3251.7305,4,2,3,9,Potential
1441,29.0,2.0,3712.7895,5,1,3,9,Potential
1442,188.0,4.0,3650.35,3,3,3,9,Potential
1443,87.0,5.0,5477.224,4,4,4,12,Loyal
1444,177.0,3.0,1434.61,3,2,1,6,At Risk
1445,240.0,5.0,4601.394,2,4,4,10,Loyal
1446,123.0,1.0,45.5335,3,1,1,5,At Risk
1447,687.0,1.0,1747.32,1,1,1,3,Lost
1448,147.0,5.0,9203.974,3,4,5,12,Loyal
1449,204.0,6.0,5617.531500000001,2,5,4,11,Loyal
1450,15.0,8.0,9603.5115,5,5,5,15,Champions
1451,56.0,4.0,2905.67,4,3,2,9,Potential
1452,230.0,4.0,3708.98,2,3,3,8,Potential
1453,213.0,4.0,2603.7495,2,3,2,7,Potential
1454,56.0,3.0,2836.455,4,2,2,8,Potential
1455,46.0,4.0,38455.7135,4,3,5,12,Loyal
1456,94.0,4.0,7131.3295,4,3,5,12,Loyal
1457,59.0,5.0,8089.196,4,4,5,13,Champions
1458,75.0,2.0,420.49399999999997,4,1,1,6,At Risk
1459,57.0,4.0,2870.0785,4,3,2,9,Potential
1460,905.0,1.0,120.2035,1,1,1,3,Lost
1461,380.0,2.0,2584.274,1,1,2,4,Lost
1462,244.0,4.0,3690.109,2,3,3,8,Potential
1463,502.0,3.0,4155.957,1,2,3,6,At Risk
1464,9.0,5.0,9202.168,5,4,5,14,Champions
1465,242.0,3.0,1229.247,2,2,1,5,At Risk
1466,528.0,2.0,3105.777,1,1,3,5,At Risk
1467,773.0,2.0,1848.3245000000002,1,1,2,4,Lost
1468,372.0,4.0,5506.267500000001,1,3,4,8,Potential
1469,19.0,7.0,11209.2235,5,5,5,15,Champions
1470,98.0,2.0,1717.9730000000002,4,1,1,6,At Risk
1471,268.0,1.0,2336.9135,2,1,2,5,At Risk
1472,104.0,2.0,1605.52,4,1,1,6,At Risk
1473,59.0,6.0,6615.896,4,5,4,13,Champions
1474,898.0,1.0,28262.785499999998,1,1,5,7,Potential
1475,26.0,3.0,6359.8395,5,2,4,11,Loyal
1476,93.0,10.0,9038.783,4,5,5,14,Champions
1477,259.0,4.0,2972.28,2,3,2,7,Potential
1478,25.0,5.0,6782.0005,5,4,5,14,Champions
1479,511.0,1.0,773.5065000000001,1,1,1,3,Lost
1480,116.0,2.0,1059.2604999999999,3,1,1,5,At Risk
1481,3.0,3.0,5898.915,5,2,4,11,Loyal
1482,418.0,3.0,3904.619,1,2,3,6,At Risk
1483,266.0,3.0,2576.92,2,2,2,6,At Risk
1484,273.0,3.0,1742.1704999999997,2,2,1,5,At Risk
1485,92.0,5.0,7366.936,4,4,5,13,Champions
1486,91.0,5.0,4111.979,4,4,3,11,Loyal
1487,49.0,4.0,5484.817500000001,4,3,4,11,Loyal
1488,103.0,7.0,9246.070000000002,4,5,5,14,Champions
1489,396.0,4.0,6607.091,1,3,4,8,Potential
1490,3.0,2.0,453.16,5,1,1,7,Potential
1491,382.0,3.0,1378.2065,1,2,1,4,Lost
1492,69.0,5.0,4961.3215,4,4,4,12,Loyal
1493,155.0,6.0,5298.1889999999985,3,5,4,12,Loyal
1494,12.0,6.0,8723.4095,5,5,5,15,Champions
1495,148.0,3.0,1674.9734999999998,3,2,1,6,At Risk
1496,177.0,2.0,3679.4230000000007,3,1,3,7,Potential
1497,190.0,1.0,1468.927,3,1,1,5,At Risk
1498,87.0,6.0,5839.3835,4,5,4,13,Champions
1499,40.0,4.0,7934.119000000001,5,3,5,13,Champions
1500,375.0,6.0,6733.5245,1,5,5,11,Loyal
1501,405.0,4.0,4164.532999999999,1,3,3,7,Potential
1502,280.0,3.0,6254.365500000001,2,2,4,8,Potential
1503,379.0,1.0,1148.534,1,1,1,3,Lost
1504,60.0,3.0,1995.063,4,2,2,8,Potential
1505,17.0,5.0,6674.979,5,4,5,14,Champions
1506,245.0,1.0,1047.69,2,1,1,4,Lost
1507,256.0,6.0,7472.212,2,5,5,12,Loyal
1508,14.0,3.0,4113.5035,5,2,3,10,Loyal
1509,257.0,2.0,1793.7310000000002,2,1,2,5,At Risk
1510,82.0,7.0,7530.400000000001,4,5,5,14,Champions
1511,120.0,4.0,2709.3405000000002,3,3,2,8,Potential
1512,179.0,4.0,1757.3205,3,3,1,7,Potential
1513,272.0,2.0,1418.5140000000001,2,1,1,4,Lost
1514,567.0,3.0,4440.933999999999,1,2,4,7,Potential
1515,70.0,2.0,1600.3309999999997,4,1,1,6,At Risk
1516,280.0,2.0,3076.726,2,1,3,6,At Risk
1517,129.0,3.0,1601.13,3,2,1,6,At Risk
1518,437.0,4.0,5129.88,1,3,4,8,Potential
1519,308.0,5.0,10245.584499999999,2,4,5,11,Loyal
1520,91.0,4.0,2565.1000000000004,4,3,2,9,Potential
1521,408.0,4.0,6187.0035,1,3,4,8,Potential
1522,89.0,6.0,4269.5605000000005,4,5,3,12,Loyal
1523,93.0,5.0,2621.598,4,4,2,10,Loyal
1524,62.0,6.0,8766.704000000002,4,5,5,14,Champions
1525,0.0,2.0,2343.8925,5,1,2,8,Potential
1526,52.0,5.0,3128.83,4,4,3,11,Loyal
1527,40.0,3.0,1383.8000000000002,5,2,1,8,Potential
1528,50.0,4.0,3472.211,4,3,3,10,Loyal
1529,405.0,3.0,1560.867,1,2,1,4,Lost
1530,71.0,3.0,27577.7485,4,2,5,11,Loyal
1531,637.0,4.0,5522.1365000000005,1,3,4,8,Potential
1532,41.0,7.0,4679.0715,5,5,4,14,Champions
1533,24.0,7.0,62415.420999999995,5,5,5,15,Champions
1534,11.0,3.0,4336.627,5,2,3,10,Loyal
1535,222.0,2.0,2554.2515000000003,2,1,2,5,At Risk
1536,234.0,3.0,3522.7450000000003,2,2,3,7,Potential
1537,39.0,3.0,5012.5595,5,2,4,11,Loyal
1538,355.0,4.0,4912.078,2,3,4,9,Potential
1539,18.0,6.0,11844.726,5,5,5,15,Champions
1540,110.0,6.0,8854.4925,3,5,5,13,Champions
1541,106.0,3.0,579.1205,4,2,1,7,Potential
1542,87.0,3.0,4154.409,4,2,3,9,Potential
1543,772.0,3.0,2830.4230000000007,1,2,2,5,At Risk
1544,127.0,6.0,7794.8605,3,5,5,13,Champions
1545,1018.0,1.0,1599.7559999999999,1,1,1,3,Lost
1546,144.0,5.0,5617.445,3,4,4,11,Loyal
1547,152.0,6.0,6689.01,3,5,5,13,Champions
1548,148.0,5.0,8017.7435000000005,3,4,5,12,Loyal
1549,469.0,3.0,2738.7630000000004,1,2,2,5,At Risk
1550,82.0,3.0,2501.2065,4,2,2,8,Potential
1551,19.0,4.0,4172.7135,5,3,3,11,Loyal
1552,67.0,5.0,21309.7995,4,4,5,13,Champions
1553,712.0,3.0,1134.944,1,2,1,4,Lost
1554,213.0,6.0,6453.7065,2,5,4,11,Loyal
1555,2.0,6.0,9191.249500000002,5,5,5,15,Champions
1556,15.0,8.0,8884.868999999999,5,5,5,15,Champions
1557,372.0,3.0,2751.1949999999997,1,2,2,5,At Risk
1558,170.0,5.0,4762.51,3,4,4,11,Loyal
1559,58.0,4.0,2795.113,4,3,2,9,Potential
1560,363.0,3.0,1105.835,2,2,1,5,At Risk
1561,174.0,5.0,4829.759,3,4,4,11,Loyal
1562,388.0,5.0,5968.025,1,4,4,9,Potential
1563,145.0,3.0,5035.433999999999,3,2,4,9,Potential
1564,1.0,2.0,2146.8765000000003,5,1,2,8,Potential
1565,55.0,2.0,2727.64,4,1,2,7,Potential
1566,2.0,2.0,3512.031,5,1,3,9,Potential
1567,553.0,4.0,3054.682,1,3,2,6,At Risk
1568,330.0,2.0,658.3240000000001,2,1,1,4,Lost
1569,26.0,6.0,7003.512499999999,5,5,5,15,Champions
1570,33.0,4.0,4249.3715,5,3,3,11,Loyal
1571,140.0,4.0,1786.8425000000002,3,3,2,8,Potential
1572,184.0,4.0,3072.4885000000004,3,3,3,9,Potential
1573,29.0,5.0,5969.580000000001,5,4,4,13,Champions
1574,242.0,6.0,16494.7405,2,5,5,12,Loyal
1575,397.0,2.0,1046.334,1,1,1,3,Lost
1576,920.0,2.0,1996.469,1,1,2,4,Lost
1577,61.0,6.0,4517.365,4,5,4,13,Champions
1578,13.0,3.0,2362.794,5,2,2,9,Potential
1579,193.0,1.0,2175.544,3,1,2,6,At Risk
1580,131.0,3.0,2428.9085,3,2,2,7,Potential
1581,16.0,3.0,15885.17,5,2,5,12,Loyal
1582,208.0,2.0,1835.1425000000002,2,1,2,5,At Risk
1583,550.0,2.0,1904.3700000000001,1,1,2,4,Lost
1584,69.0,5.0,3894.614,4,4,3,11,Loyal
1585,302.0,2.0,841.74,2,1,1,4,Lost
1586,67.0,2.0,1424.151,4,1,1,6,At Risk
1587,81.0,4.0,3483.5019999999995,4,3,3,10,Loyal
1588,65.0,3.0,3597.5599999999995,4,2,3,9,Potential
1589,159.0,1.0,985.046,3,1,1,5,At Risk
1590,20.0,3.0,12661.795999999998,5,2,5,12,Loyal
1591,14.0,8.0,5041.116999999999,5,5,4,14,Champions
1592,107.0,7.0,4044.5595000000003,3,5,3,11,Loyal
1593,194.0,4.0,5230.793000000001,3,3,4,10,Loyal
1594,351.0,1.0,1095.151,2,1,1,4,Lost
1595,192.0,8.0,15400.9905,3,5,5,13,Champions
1596,316.0,3.0,6220.812000000001,2,2,4,8,Potential
1597,462.0,1.0,915.5665,1,1,1,3,Lost
1598,106.0,2.0,191.8025,4,1,1,6,At Risk
1599,23.0,5.0,3854.5339999999997,5,4,3,12,Loyal
1600,21.0,2.0,1392.4175,5,1,1,7,Potential
1601,118.0,5.0,2371.5725,3,4,2,9,Potential
1602,38.0,4.0,2702.357,5,3,2,10,Loyal
1603,33.0,5.0,5808.844,5,4,4,13,Champions
1605,323.0,4.0,7157.516,2,3,5,10,Loyal
1606,95.0,2.0,2284.1059999999998,4,1,2,7,Potential
1607,182.0,2.0,363.23,3,1,1,5,At Risk
1608,581.0,2.0,3283.9240000000004,1,1,3,5,At Risk
1609,165.0,4.0,1368.7354999999998,3,3,1,7,Potential
1610,238.0,4.0,5311.0335,2,3,4,9,Potential
1611,85.0,2.0,1871.926,4,1,2,7,Potential
1612,24.0,6.0,4415.304,5,5,4,14,Champions
1613,39.0,7.0,9908.521999999999,5,5,5,15,Champions
1614,55.0,6.0,5547.3115,4,5,4,13,Champions
1615,228.0,4.0,3011.33,2,3,2,7,Potential
1616,171.0,4.0,4602.114500000001,3,3,4,10,Loyal
1617,348.0,1.0,492.92,2,1,1,4,Lost
1618,385.0,2.0,870.8885,1,1,1,3,Lost
1619,714.0,3.0,4101.2985,1,2,3,6,At Risk
1621,468.0,3.0,2786.71,1,2,2,5,At Risk
1622,38.0,3.0,3027.9100000000003,5,2,2,9,Potential
1623,107.0,3.0,1068.2255,3,2,1,6,At Risk
1624,164.0,3.0,5032.921,3,2,4,9,Potential
1625,41.0,3.0,3448.1175000000003,5,2,3,10,Loyal
1626,39.0,4.0,4962.585,5,3,4,12,Loyal
1627,818.0,2.0,2170.29,1,1,2,4,Lost
1628,160.0,4.0,6058.325999999999,3,3,4,10,Loyal
1629,117.0,8.0,9327.550999999998,3,5,5,13,Champions
1630,225.0,3.0,1231.1709999999998,2,2,1,5,At Risk
1631,85.0,5.0,4313.056,4,4,3,11,Loyal
1632,315.0,6.0,3850.3025000000002,2,5,3,10,Loyal
1633,265.0,5.0,5232.946,2,4,4,10,Loyal
1634,577.0,3.0,4440.7385,1,2,4,7,Potential
1635,63.0,5.0,8104.3135,4,4,5,13,Champions
1636,15.0,5.0,5992.879,5,4,4,13,Champions
1637,44.0,5.0,9523.336,5,4,5,14,Champions
1638,189.0,2.0,896.12,3,1,1,5,At Risk
1639,829.0,2.0,2930.5069999999996,1,1,2,4,Lost
1640,74.0,4.0,4198.2405,4,3,3,10,Loyal
1641,687.0,2.0,2171.782,1,1,2,4,Lost
1642,51.0,6.0,4958.085,4,5,4,13,Champions
1643,121.0,3.0,4655.5655,3,2,4,9,Potential
1644,324.0,1.0,774.231,2,1,1,4,Lost
1645,74.0,3.0,12271.844000000001,4,2,5,11,Loyal
1647,367.0,5.0,20061.81,2,4,5,11,Loyal
1648,115.0,5.0,4968.0560000000005,3,4,4,11,Loyal
1649,155.0,6.0,13346.113500000001,3,5,5,13,Champions
1650,249.0,3.0,5105.7405,2,2,4,8,Potential
1651,737.0,3.0,5542.316,1,2,4,7,Potential
1652,149.0,3.0,6123.19,3,2,4,9,Potential
1653,48.0,3.0,3444.1500000000005,4,2,3,9,Potential
1654,134.0,2.0,1301.7555000000002,3,1,1,5,At Risk
1655,169.0,2.0,827.832,3,1,1,5,At Risk
1656,189.0,5.0,7185.8555,3,4,5,12,Loyal
1657,4.0,3.0,3914.7545000000005,5,2,3,10,Loyal
1658,261.0,5.0,7515.9025,2,4,5,11,Loyal
1659,96.0,3.0,3130.1555,4,2,3,9,Potential
1660,266.0,5.0,5701.529,2,4,4,10,Loyal
1661,40.0,3.0,2686.221,5,2,2,9,Potential
1662,18.0,3.0,2256.197,5,2,2,9,Potential
1663,179.0,7.0,5786.7945,3,5,4,12,Loyal
1664,138.0,9.0,11679.7395,3,5,5,13,Champions
1665,116.0,3.0,4409.7075,3,2,4,9,Potential
1666,99.0,5.0,3070.2185,4,4,3,11,Loyal
1667,273.0,4.0,2223.4584999999997,2,3,2,7,Potential
1668,94.0,3.0,19859.0195,4,2,5,11,Loyal
1669,397.0,4.0,6374.817499999999,1,3,4,8,Potential
1670,71.0,5.0,3822.426,4,4,3,11,Loyal
1671,280.0,2.0,228.529,2,1,1,4,Lost
1672,257.0,4.0,5244.9605,2,3,4,9,Potential
1673,49.0,4.0,3097.586,4,3,3,10,Loyal
1674,155.0,3.0,2041.2275000000002,3,2,2,7,Potential
1676,45.0,8.0,22783.51,5,5,5,15,Champions
1677,30.0,3.0,2819.414,5,2,2,9,Potential
1678,36.0,7.0,4020.514,5,5,3,13,Champions
1679,157.0,3.0,5259.3585,3,2,4,9,Potential
1680,94.0,5.0,3055.639,4,4,2,10,Loyal
1681,922.0,1.0,2101.2575,1,1,2,4,Lost
1682,475.0,2.0,783.3890000000001,1,1,1,3,Lost
1683,716.0,2.0,3134.4964999999997,1,1,3,5,At Risk
1685,939.0,2.0,2620.0879999999997,1,1,2,4,Lost
1686,21.0,4.0,5898.5315,5,3,4,12,Loyal
1688,26.0,4.0,7872.786,5,3,5,13,Champions
1689,0.0,2.0,1949.9215,5,1,2,8,Potential
1690,99.0,2.0,2358.518,4,1,2,7,Potential
1691,394.0,3.0,4194.968,1,2,3,6,At Risk
1692,106.0,3.0,3696.4575,4,2,3,9,Potential
1693,302.0,5.0,6223.971,2,4,4,10,Loyal
1694,212.0,4.0,4819.672,2,3,4,9,Potential
1695,511.0,2.0,1031.5,1,1,1,3,Lost
1696,510.0,3.0,6277.231,1,2,4,7,Potential
1697,808.0,3.0,2450.4620000000004,1,2,2,5,At Risk
1698,638.0,1.0,159.648,1,1,1,3,Lost
1699,236.0,3.0,1568.325,2,2,1,5,At Risk
1700,147.0,1.0,1316.7220000000002,3,1,1,5,At Risk
1701,194.0,1.0,1852.8535,3,1,2,6,At Risk
1702,6.0,7.0,8090.595500000001,5,5,5,15,Champions
1703,568.0,2.0,1656.8284999999998,1,1,1,3,Lost
1704,1065.0,1.0,1516.522,1,1,1,3,Lost
1705,131.0,3.0,1890.6540000000002,3,2,2,7,Potential
1706,349.0,2.0,1953.7889999999998,2,1,2,5,At Risk
1707,704.0,2.0,918.8165,1,1,1,3,Lost
1708,63.0,4.0,3415.3295,4,3,3,10,Loyal
1709,951.0,2.0,1612.858,1,1,1,3,Lost
1710,346.0,1.0,89.43,2,1,1,4,Lost
1711,27.0,2.0,1830.425,5,1,2,8,Potential
1712,118.0,1.0,308.546,3,1,1,5,At Risk
1713,456.0,3.0,1899.421,1,2,2,5,At Risk
1714,79.0,4.0,2368.1405,4,3,2,9,Potential
1715,159.0,5.0,6445.6755,3,4,4,11,Loyal
1716,218.0,3.0,927.411,2,2,1,5,At Risk
1717,132.0,4.0,5099.579500000001,3,3,4,10,Loyal
1718,81.0,4.0,8000.7315,4,3,5,12,Loyal
1719,31.0,6.0,7218.667000000001,5,5,5,15,Champions
1720,111.0,3.0,3711.7085,3,2,3,8,Potential
1721,183.0,7.0,4064.8109999999997,3,5,3,11,Loyal
1722,367.0,1.0,929.35,2,1,1,4,Lost
1723,255.0,3.0,3141.0235,2,2,3,7,Potential
1724,344.0,4.0,1404.0865,2,3,1,6,At Risk
1725,96.0,4.0,2574.89,4,3,2,9,Potential
1726,164.0,5.0,34875.34150000001,3,4,5,12,Loyal
1727,94.0,5.0,4765.817000000001,4,4,4,12,Loyal
1728,38.0,2.0,3537.26,5,1,3,9,Potential
1729,275.0,2.0,2117.401,2,1,2,5,At Risk
1730,442.0,1.0,711.68,1,1,1,3,Lost
1731,193.0,2.0,1535.3700000000001,3,1,1,5,At Risk
1732,25.0,6.0,6174.901000000001,5,5,4,14,Champions
1733,176.0,4.0,2243.178,3,3,2,8,Potential
1734,359.0,2.0,3086.5875,2,1,3,6,At Risk
1735,92.0,2.0,4783.903,4,1,4,9,Potential
1736,263.0,3.0,3895.7045,2,2,3,7,Potential
1737,458.0,2.0,3198.568,1,1,3,5,At Risk
1738,94.0,7.0,8323.9275,4,5,5,14,Champions
1739,44.0,5.0,5768.896,5,4,4,13,Champions
1741,53.0,5.0,7841.53,4,4,5,13,Champions
1742,262.0,1.0,439.578,2,1,1,4,Lost
1743,128.0,3.0,3531.256,3,2,3,8,Potential
1744,201.0,5.0,5472.532000000001,3,4,4,11,Loyal
1745,84.0,3.0,3277.5449999999996,4,2,3,9,Potential
1746,181.0,5.0,2619.083,3,4,2,9,Potential
1747,542.0,2.0,4345.661,1,1,3,5,At Risk
1748,16.0,4.0,2556.4115,5,3,2,10,Loyal
1749,44.0,2.0,2299.0235000000002,5,1,2,8,Potential
1750,357.0,4.0,7491.711,2,3,5,10,Loyal
1751,24.0,2.0,2104.842,5,1,2,8,Potential
1752,100.0,2.0,529.09,4,1,1,6,At Risk
1753,96.0,6.0,8545.5835,4,5,5,14,Champions
1754,145.0,2.0,1891.362,3,1,2,6,At Risk
1755,62.0,3.0,5588.710999999999,4,2,4,10,Loyal
1756,97.0,4.0,2371.357,4,3,2,9,Potential
1757,79.0,4.0,4271.215499999999,4,3,3,10,Loyal
1758,977.0,3.0,3279.948,1,2,3,6,At Risk
1759,81.0,8.0,7649.013500000001,4,5,5,14,Champions
1760,191.0,3.0,2488.9905,3,2,2,7,Potential
1761,267.0,4.0,12990.914,2,3,5,10,Loyal
1762,43.0,6.0,16680.952,5,5,5,15,Champions
1763,77.0,2.0,1160.519,4,1,1,6,At Risk
1764,108.0,5.0,7436.1630000000005,3,4,5,12,Loyal
1765,356.0,2.0,1744.38,2,1,1,4,Lost
1766,77.0,4.0,4383.584000000001,4,3,3,10,Loyal
1767,244.0,5.0,8759.253,2,4,5,11,Loyal
1768,497.0,2.0,3425.3360000000002,1,1,3,5,At Risk
1769,554.0,1.0,996.2215000000001,1,1,1,3,Lost
1770,88.0,6.0,8232.067500000001,4,5,5,14,Champions
1771,84.0,1.0,506.858,4,1,1,6,At Risk
1772,3.0,10.0,10001.368999999999,5,5,5,15,Champions
1773,2.0,9.0,80690.04350000001,5,5,5,15,Champions
1774,136.0,3.0,3317.6440000000002,3,2,3,8,Potential
1775,18.0,5.0,5635.0560000000005,5,4,4,13,Champions
1776,68.0,5.0,11051.6155,4,4,5,13,Champions
1777,123.0,2.0,620.205,3,1,1,5,At Risk
1778,268.0,4.0,3910.8255,2,3,3,8,Potential
1779,9.0,8.0,5724.124499999999,5,5,4,14,Champions
1780,160.0,3.0,3280.037500000001,3,2,3,8,Potential
1781,789.0,3.0,4114.3205,1,2,3,6,At Risk
1782,545.0,1.0,682.77,1,1,1,3,Lost
1783,234.0,4.0,3794.4725,2,3,3,8,Potential
1784,54.0,3.0,2953.229,4,2,2,8,Potential
1785,398.0,3.0,3898.7905,1,2,3,6,At Risk
1786,134.0,4.0,37889.306,3,3,5,11,Loyal
1787,77.0,6.0,5822.712500000001,4,5,4,13,Champions
1788,12.0,5.0,5893.157,5,4,4,13,Champions
1789,97.0,3.0,6345.034499999999,4,2,4,10,Loyal
1790,117.0,5.0,4047.858,3,4,3,10,Loyal
1791,50.0,3.0,3540.5764999999997,4,2,3,9,Potential
1792,97.0,2.0,1413.2090000000003,4,1,1,6,At Risk
1793,62.0,4.0,4586.525,4,3,4,11,Loyal
1794,12.0,4.0,4260.53,5,3,3,11,Loyal
1795,733.0,2.0,1277.9759999999999,1,1,1,3,Lost
1796,307.0,2.0,2946.0750000000003,2,1,2,5,At Risk
1797,227.0,2.0,930.4940000000001,2,1,1,4,Lost
1798,81.0,4.0,7570.995,4,3,5,12,Loyal
1799,215.0,2.0,12394.937,2,1,5,8,Potential
1800,162.0,4.0,2460.283,3,3,2,8,Potential
1801,47.0,5.0,3654.646,4,4,3,11,Loyal
1802,79.0,5.0,2890.836,4,4,2,10,Loyal
1803,19.0,2.0,1615.6309999999999,5,1,1,7,Potential
1804,18.0,1.0,1971.1130000000003,5,1,2,8,Potential
1805,19.0,6.0,6846.257,5,5,5,15,Champions
1806,291.0,3.0,2786.261,2,2,2,6,At Risk
1807,137.0,2.0,1865.2110000000002,3,1,2,6,At Risk
1808,412.0,1.0,1733.7925,1,1,1,3,Lost
1809,375.0,3.0,1651.1585,1,2,1,4,Lost
1810,30.0,6.0,5642.076000000001,5,5,4,14,Champions
1811,109.0,3.0,5922.724999999999,3,2,4,9,Potential
1812,1.0,6.0,6223.940500000001,5,5,4,14,Champions
1813,91.0,4.0,4120.0345,4,3,3,10,Loyal
1814,46.0,4.0,6572.1140000000005,4,3,4,11,Loyal
1815,116.0,8.0,48292.785,3,5,5,13,Champions
1816,31.0,2.0,1421.9595,5,1,1,7,Potential
1817,307.0,3.0,2965.028,2,2,2,6,At Risk
1818,44.0,4.0,3380.8895,5,3,3,11,Loyal
1819,209.0,3.0,2240.288,2,2,2,6,At Risk
1820,118.0,1.0,489.497,3,1,1,5,At Risk
1821,348.0,4.0,3024.623,2,3,2,7,Potential
1822,391.0,4.0,3166.0860000000002,1,3,3,7,Potential
1823,1068.0,2.0,2597.437,1,1,2,4,Lost
1824,246.0,2.0,2214.0009999999997,2,1,2,5,At Risk
1825,154.0,4.0,20278.335999999996,3,3,5,11,Loyal
1826,88.0,4.0,4215.8295,4,3,3,10,Loyal
1827,143.0,4.0,2263.7205,3,3,2,8,Potential
1828,352.0,2.0,794.6289999999999,2,1,1,4,Lost
1829,396.0,3.0,3277.4735,1,2,3,6,At Risk
1830,197.0,4.0,6256.217500000001,3,3,4,10,Loyal
1831,330.0,3.0,1562.6519999999998,2,2,1,5,At Risk
1832,698.0,2.0,4529.9075,1,1,4,6,At Risk
1833,266.0,2.0,576.5385,2,1,1,4,Lost
1834,190.0,6.0,8341.222999999998,3,5,5,13,Champions
1835,18.0,4.0,14229.32,5,3,5,13,Champions
1836,524.0,2.0,396.48799999999994,1,1,1,3,Lost
1837,29.0,3.0,1986.4724999999999,5,2,2,9,Potential
1838,349.0,1.0,1396.212,2,1,1,4,Lost
1839,84.0,6.0,5824.4655,4,5,4,13,Champions
1840,59.0,6.0,8424.564,4,5,5,14,Champions
1841,348.0,3.0,15756.771499999999,2,2,5,9,Potential
1842,222.0,1.0,1100.53,2,1,1,4,Lost
1843,10.0,5.0,3641.8895,5,4,3,12,Loyal
1844,276.0,4.0,1991.2524999999998,2,3,2,7,Potential
1845,66.0,5.0,8390.426000000001,4,4,5,13,Champions
1846,518.0,3.0,4898.429,1,2,4,7,Potential
1847,129.0,2.0,1827.181,3,1,2,6,At Risk
1848,29.0,2.0,1994.79,5,1,2,8,Potential
1849,413.0,2.0,1608.94,1,1,1,3,Lost
1850,9.0,7.0,6581.463500000001,5,5,4,14,Champions
1851,44.0,5.0,6477.8145,5,4,4,13,Champions
1852,211.0,1.0,3486.645,2,1,3,6,At Risk
1853,30.0,3.0,1804.1145000000001,5,2,2,9,Potential
1854,53.0,6.0,38926.87400000001,4,5,5,14,Champions
1855,414.0,2.0,2006.04,1,1,2,4,Lost
1856,819.0,1.0,513.39,1,1,1,3,Lost
1857,97.0,2.0,2131.868,4,1,2,7,Potential
1858,9.0,2.0,2232.5,5,1,2,8,Potential
1860,90.0,8.0,19629.5205,4,5,5,14,Champions
1861,660.0,4.0,4776.903,1,3,4,8,Potential
1862,222.0,2.0,1571.3405000000002,2,1,1,4,Lost
1863,343.0,2.0,2715.777,2,1,2,5,At Risk
1864,12.0,8.0,6950.2015,5,5,5,15,Champions
1865,156.0,2.0,336.72,3,1,1,5,At Risk
1866,228.0,3.0,2539.99,2,2,2,6,At Risk
1867,362.0,3.0,4085.7305,2,2,3,7,Potential
1868,298.0,4.0,3148.25,2,3,3,8,Potential
1869,565.0,3.0,2309.8164999999995,1,2,2,5,At Risk
1870,200.0,6.0,11691.195500000002,3,5,5,13,Champions
1871,96.0,3.0,12511.099999999999,4,2,5,11,Loyal
1872,737.0,1.0,246.699,1,1,1,3,Lost
1873,243.0,3.0,1444.9945,2,2,1,5,At Risk
1874,269.0,3.0,2373.122,2,2,2,6,At Risk
1875,692.0,5.0,4507.3275,1,4,4,9,Potential
1876,55.0,4.0,4786.5225,4,3,4,11,Loyal
1877,130.0,2.0,282.846,3,1,1,5,At Risk
1878,545.0,5.0,4739.268999999999,1,4,4,9,Potential
1879,236.0,4.0,3679.156,2,3,3,8,Potential
1880,17.0,3.0,2836.7434999999996,5,2,2,9,Potential
1881,747.0,4.0,2177.337,1,3,2,6,At Risk
1882,11.0,2.0,1686.9575,5,1,1,7,Potential
1883,62.0,3.0,4189.03,4,2,3,9,Potential
1884,665.0,1.0,14.73,1,1,1,3,Lost
1885,125.0,4.0,3552.8480000000004,3,3,3,9,Potential
1886,363.0,4.0,3559.8115000000003,2,3,3,8,Potential
1887,336.0,3.0,1429.9634999999998,2,2,1,5,At Risk
1888,127.0,2.0,2386.23,3,1,2,6,At Risk
1889,113.0,3.0,6252.4985,3,2,4,9,Potential
1890,14.0,6.0,9954.8985,5,5,5,15,Champions
1891,567.0,3.0,2380.391,1,2,2,5,At Risk
1892,229.0,5.0,3627.2780000000002,2,4,3,9,Potential
1893,251.0,5.0,7255.101,2,4,5,11,Loyal
1894,239.0,5.0,4263.8705,2,4,3,9,Potential
1895,252.0,3.0,3963.4984999999997,2,2,3,7,Potential
1896,249.0,3.0,1136.8925,2,2,1,5,At Risk
1897,96.0,6.0,39570.346,4,5,5,14,Champions
1898,363.0,4.0,9437.291000000001,2,3,5,10,Loyal
1899,86.0,4.0,1535.2235,4,3,1,8,Potential
1901,88.0,6.0,11287.913,4,5,5,14,Champions
1903,162.0,2.0,1781.0454999999997,3,1,1,5,At Risk
1904,255.0,7.0,6692.2915,2,5,5,12,Loyal
1905,37.0,3.0,3190.946,5,2,3,10,Loyal
1906,422.0,2.0,1638.6755,1,1,1,3,Lost
1907,23.0,6.0,6726.987499999999,5,5,5,15,Champions
1908,33.0,4.0,2430.5640000000003,5,3,2,10,Loyal
1909,63.0,3.0,4277.036999999999,4,2,3,9,Potential
1910,139.0,5.0,2907.214,3,4,2,9,Potential
1911,61.0,5.0,14425.707999999999,4,4,5,13,Champions
1912,307.0,4.0,6443.9425,2,3,4,9,Potential
1913,445.0,4.0,5263.472,1,3,4,8,Potential
1914,270.0,5.0,5424.234,2,4,4,10,Loyal
1915,240.0,4.0,2472.741,2,3,2,7,Potential
1916,408.0,2.0,2903.96,1,1,2,4,Lost
1917,456.0,2.0,2881.2765,1,1,2,4,Lost
1918,87.0,4.0,3632.632,4,3,3,10,Loyal
1919,547.0,3.0,1761.0040000000001,1,2,1,4,Lost
1920,284.0,3.0,4339.9800000000005,2,2,3,7,Potential
1921,73.0,4.0,4842.153499999999,4,3,4,11,Loyal
1922,108.0,5.0,11418.4925,3,4,5,12,Loyal
1923,455.0,2.0,568.7855,1,1,1,3,Lost
1924,250.0,6.0,17624.0435,2,5,5,12,Loyal
1925,175.0,4.0,2880.1004999999996,3,3,2,8,Potential
1926,311.0,3.0,3460.3630000000003,2,2,3,7,Potential
1927,201.0,2.0,1588.5545,3,1,1,5,At Risk
1929,37.0,10.0,8674.1345,5,5,5,15,Champions
1930,47.0,5.0,4285.784000000001,4,4,3,11,Loyal
1931,130.0,4.0,7431.576999999999,3,3,5,11,Loyal
1932,38.0,4.0,7917.913500000001,5,3,5,13,Champions
1934,233.0,4.0,7418.245000000001,2,3,5,10,Loyal
1935,77.0,4.0,4225.8345,4,3,3,10,Loyal
1936,454.0,2.0,3646.3735,1,1,3,5,At Risk
1937,94.0,4.0,8077.7744999999995,4,3,5,12,Loyal
1938,12.0,3.0,2305.3255,5,2,2,9,Potential
1939,70.0,2.0,3686.1304999999998,4,1,3,8,Potential
1940,85.0,7.0,16044.8165,4,5,5,14,Champions
1941,36.0,4.0,2793.9115,5,3,2,10,Loyal
1942,16.0,5.0,3885.5395000000003,5,4,3,12,Loyal
1943,304.0,2.0,3114.606,2,1,3,6,At Risk
1944,726.0,3.0,3397.888,1,2,3,6,At Risk
1945,371.0,3.0,3092.5775000000003,1,2,3,6,At Risk
1946,395.0,3.0,2757.209,1,2,2,5,At Risk
1947,18.0,4.0,3063.257,5,3,2,10,Loyal
1948,140.0,3.0,4123.793,3,2,3,8,Potential
1949,605.0,1.0,467.44,1,1,1,3,Lost
1950,320.0,3.0,1649.2240000000002,2,2,1,5,At Risk
1951,47.0,6.0,5209.4394999999995,4,5,4,13,Champions
1952,56.0,2.0,3514.3355,4,1,3,8,Potential
1953,56.0,3.0,1873.1835,4,2,2,8,Potential
1954,22.0,5.0,4311.692,5,4,3,12,Loyal
1955,198.0,2.0,1583.688,3,1,1,5,At Risk
1956,91.0,4.0,5734.450499999999,4,3,4,11,Loyal
1957,26.0,5.0,3065.6094999999996,5,4,2,11,Loyal
1958,546.0,2.0,2600.3160000000003,1,1,2,4,Lost
1959,270.0,3.0,3723.4200000000005,2,2,3,7,Potential
1960,341.0,3.0,3521.8959999999997,2,2,3,7,Potential
1961,38.0,4.0,5426.8910000000005,5,3,4,12,Loyal
1962,70.0,4.0,4006.438,4,3,3,10,Loyal
1963,534.0,2.0,2258.0969999999998,1,1,2,4,Lost
1964,2.0,7.0,8320.503,5,5,5,15,Champions
1965,72.0,5.0,3768.1389999999997,4,4,3,11,Loyal
1966,6.0,3.0,2094.3275,5,2,2,9,Potential
1967,159.0,6.0,5176.934500000001,3,5,4,12,Loyal
1968,244.0,5.0,6895.311,2,4,5,11,Loyal
1969,57.0,2.0,2444.323,4,1,2,7,Potential
1970,27.0,8.0,8255.380500000001,5,5,5,15,Champions
1971,153.0,7.0,5293.978500000001,3,5,4,12,Loyal
1972,12.0,7.0,5159.112999999999,5,5,4,14,Champions
1973,14.0,7.0,5567.644500000001,5,5,4,14,Champions
1974,227.0,5.0,2355.129,2,4,2,8,Potential
1975,98.0,4.0,4531.0345,4,3,4,11,Loyal
1976,159.0,3.0,4717.702499999999,3,2,4,9,Potential
1977,181.0,3.0,479.39799999999997,3,2,1,6,At Risk
1978,395.0,4.0,6015.347999999999,1,3,4,8,Potential
1979,549.0,4.0,5420.3895,1,3,4,8,Potential
1980,318.0,2.0,3061.8845,2,1,2,5,At Risk
1981,29.0,10.0,9648.902,5,5,5,15,Champions
1982,441.0,3.0,4951.455,1,2,4,7,Potential
1983,275.0,2.0,1276.391,2,1,1,4,Lost
1984,80.0,4.0,2391.2544999999996,4,3,2,9,Potential
1985,828.0,2.0,2608.426,1,1,2,4,Lost
1986,410.0,3.0,2018.4785000000002,1,2,2,5,At Risk
1987,130.0,3.0,3021.407,3,2,2,7,Potential
1988,275.0,3.0,1953.9189999999999,2,2,2,6,At Risk
1989,183.0,3.0,3583.9235,3,2,3,8,Potential
1990,221.0,2.0,1825.224,2,1,2,5,At Risk
1991,163.0,3.0,2291.1710000000003,3,2,2,7,Potential
1992,167.0,3.0,12127.877,3,2,5,10,Loyal
1993,886.0,2.0,71364.757,1,1,5,7,Potential
1994,834.0,2.0,3337.791,1,1,3,5,At Risk
1995,71.0,6.0,34958.479,4,5,5,14,Champions
1996,721.0,1.0,59.23,1,1,1,3,Lost
1997,49.0,1.0,321.1135,4,1,1,6,At Risk
1998,55.0,3.0,911.596,4,2,1,7,Potential
1999,324.0,7.0,39096.3105,2,5,5,12,Loyal
2000,6.0,6.0,35420.549,5,5,5,15,Champions
2001,404.0,2.0,2501.4065,1,1,2,4,Lost
2002,102.0,4.0,37597.25750000001,4,3,5,12,Loyal
2003,123.0,2.0,1197.03,3,1,1,5,At Risk
2004,593.0,3.0,3629.2889999999998,1,2,3,6,At Risk
2005,100.0,5.0,26689.553,4,4,5,13,Champions
2007,698.0,1.0,1015.463,1,1,1,3,Lost
2008,223.0,5.0,4858.254,2,4,4,10,Loyal
2009,127.0,3.0,6971.775,3,2,5,10,Loyal
2010,9.0,2.0,2727.2219999999998,5,1,2,8,Potential
2011,115.0,4.0,9543.110000000002,3,3,5,11,Loyal
2012,59.0,4.0,4420.906,4,3,4,11,Loyal
2013,108.0,6.0,6639.532999999999,3,5,4,12,Loyal
2014,180.0,4.0,3680.1895,3,3,3,9,Potential
2015,166.0,3.0,5482.7015,3,2,4,9,Potential
2016,127.0,7.0,7093.808000000001,3,5,5,13,Champions
2017,16.0,8.0,6302.7519999999995,5,5,4,14,Champions
2018,68.0,4.0,3719.0015,4,3,3,10,Loyal
2019,70.0,5.0,4332.5545,4,4,3,11,Loyal
2020,128.0,3.0,2277.1659999999997,3,2,2,7,Potential
2021,82.0,4.0,5801.269,4,3,4,11,Loyal
2022,398.0,1.0,908.3899999999999,1,1,1,3,Lost
2023,102.0,3.0,4091.916,4,2,3,9,Potential
2024,700.0,2.0,2194.908,1,1,2,4,Lost
2025,96.0,1.0,510.39,4,1,1,6,At Risk
2026,9.0,2.0,2079.004,5,1,2,8,Potential
2027,14.0,3.0,3545.964,5,2,3,10,Loyal
2028,281.0,2.0,1843.554,2,1,2,5,At Risk
2029,8.0,2.0,2213.016,5,1,2,8,Potential
2030,203.0,5.0,4055.8774999999996,2,4,3,9,Potential
2031,125.0,5.0,4800.0109999999995,3,4,4,11,Loyal
2032,61.0,1.0,1533.0495,4,1,1,6,At Risk
2033,76.0,3.0,3333.8355,4,2,3,9,Potential
2034,86.0,3.0,3919.5575,4,2,3,9,Potential
2035,379.0,4.0,2836.5950000000003,1,3,2,6,At Risk
2036,118.0,7.0,4236.752,3,5,3,11,Loyal
2037,54.0,5.0,7250.067000000001,4,4,5,13,Champions
2038,112.0,3.0,2855.997,3,2,2,7,Potential
2039,267.0,5.0,5087.103499999999,2,4,4,10,Loyal
2040,518.0,1.0,1068.0500000000002,1,1,1,3,Lost
2041,160.0,3.0,2962.755,3,2,2,7,Potential
2042,159.0,3.0,3157.1135,3,2,3,8,Potential
2043,350.0,1.0,1449.1435000000001,2,1,1,4,Lost
2044,166.0,2.0,1114.0104999999999,3,1,1,5,At Risk
2045,304.0,2.0,843.289,2,1,1,4,Lost
2046,38.0,4.0,5377.6955,5,3,4,12,Loyal
2047,156.0,6.0,6912.168,3,5,5,13,Champions
2048,1006.0,1.0,556.76,1,1,1,3,Lost
2049,432.0,4.0,3813.4990000000007,1,3,3,7,Potential
2050,273.0,6.0,9428.553,2,5,5,12,Loyal
2051,247.0,5.0,3131.3595,2,4,3,9,Potential
2052,13.0,5.0,6176.523999999999,5,4,4,13,Champions
2053,69.0,1.0,1499.01,4,1,1,6,At Risk
2054,137.0,4.0,4840.099999999999,3,3,4,10,Loyal
2055,358.0,2.0,2005.41,2,1,2,5,At Risk
2056,94.0,5.0,6151.2565,4,4,4,12,Loyal
2057,905.0,1.0,590.8525,1,1,1,3,Lost
2058,486.0,3.0,2400.54,1,2,2,5,At Risk
2059,39.0,5.0,2508.5065,5,4,2,11,Loyal
2060,170.0,3.0,5749.0615,3,2,4,9,Potential
2061,507.0,3.0,1666.494,1,2,1,4,Lost
2062,44.0,2.0,1729.298,5,1,1,7,Potential
2063,27.0,2.0,2941.5110000000004,5,1,2,8,Potential
2064,699.0,4.0,2586.746,1,3,2,6,At Risk
2065,11.0,4.0,4291.6295,5,3,3,11,Loyal
2066,256.0,3.0,5290.939,2,2,4,8,Potential
2067,238.0,2.0,3023.048,2,1,2,5,At Risk
2068,44.0,4.0,14088.433,5,3,5,13,Champions
2069,51.0,5.0,3660.624,4,4,3,11,Loyal
2070,78.0,6.0,5909.993,4,5,4,13,Champions
2071,152.0,2.0,885.5909999999999,3,1,1,5,At Risk
2072,891.0,1.0,1850.877,1,1,2,4,Lost
2073,96.0,2.0,5726.92,4,1,4,9,Potential
2074,85.0,6.0,5031.749500000001,4,5,4,13,Champions
2075,789.0,2.0,3185.4325000000003,1,1,3,5,At Risk
2076,64.0,6.0,8397.880000000001,4,5,5,14,Champions
2077,7.0,4.0,7154.943499999999,5,3,5,13,Champions
2078,148.0,7.0,14545.737,3,5,5,13,Champions
2079,234.0,5.0,4724.523999999999,2,4,4,10,Loyal
2080,820.0,3.0,4067.562,1,2,3,6,At Risk
2081,78.0,6.0,3722.3979999999997,4,5,3,12,Loyal
2082,37.0,3.0,5353.443499999999,5,2,4,11,Loyal
2083,42.0,3.0,13981.792000000001,5,2,5,12,Loyal
2084,370.0,3.0,3008.4565000000002,2,2,2,6,At Risk
2085,20.0,2.0,749.2935,5,1,1,7,Potential
2086,473.0,2.0,3048.6504999999997,1,1,2,4,Lost
2087,273.0,2.0,858.1474999999999,2,1,1,4,Lost
2088,47.0,5.0,12742.106,4,4,5,13,Champions
2089,102.0,4.0,7464.0960000000005,4,3,5,12,Loyal
2090,71.0,4.0,3260.9905,4,3,3,10,Loyal
2091,27.0,3.0,2728.828,5,2,2,9,Potential
2092,4.0,1.0,1470.07,5,1,1,7,Potential
2093,330.0,5.0,5125.42,2,4,4,10,Loyal
2094,415.0,2.0,1248.7534999999998,1,1,1,3,Lost
2095,164.0,3.0,4324.1230000000005,3,2,3,8,Potential
2096,316.0,2.0,3067.3450000000003,2,1,2,5,At Risk
2097,3.0,2.0,11351.984,5,1,5,11,Loyal
2098,22.0,3.0,1355.5369999999998,5,2,1,8,Potential
2099,465.0,2.0,3544.9015000000004,1,1,3,5,At Risk
2100,374.0,6.0,8934.080500000002,1,5,5,11,Loyal
2101,119.0,2.0,1853.2,3,1,2,6,At Risk
2102,59.0,4.0,3971.5835,4,3,3,10,Loyal
2103,114.0,2.0,2552.951,3,1,2,6,At Risk
2104,196.0,5.0,7966.744500000001,3,4,5,12,Loyal
2105,17.0,4.0,18239.444500000005,5,3,5,13,Champions
2106,208.0,4.0,1891.2264999999998,2,3,2,7,Potential
2107,129.0,4.0,7688.451,3,3,5,11,Loyal
2108,97.0,5.0,3670.4965000000007,4,4,3,11,Loyal
2109,17.0,7.0,8287.188,5,5,5,15,Champions
2110,776.0,4.0,14724.0795,1,3,5,9,Potential
2111,47.0,7.0,5103.6685,4,5,4,13,Champions
2112,514.0,4.0,2633.7755,1,3,2,6,At Risk
2113,872.0,2.0,1096.68,1,1,1,3,Lost
2114,842.0,3.0,1458.768,1,2,1,4,Lost
2115,135.0,7.0,9371.585,3,5,5,13,Champions
2116,225.0,3.0,4606.376,2,2,4,8,Potential
2117,302.0,3.0,2495.456,2,2,2,6,At Risk
2118,237.0,4.0,4226.938999999999,2,3,3,8,Potential
2119,213.0,3.0,1310.8345,2,2,1,5,At Risk
2120,143.0,6.0,5994.598999999999,3,5,4,12,Loyal
2121,151.0,5.0,8010.364,3,4,5,12,Loyal
2122,76.0,3.0,6591.4635,4,2,4,10,Loyal
2123,2.0,2.0,2812.0535,5,1,2,8,Potential
2124,4.0,3.0,2066.7205000000004,5,2,2,9,Potential
2125,383.0,4.0,2404.024,1,3,2,6,At Risk
2126,233.0,3.0,2926.187,2,2,2,6,At Risk
2127,184.0,1.0,341.21,3,1,1,5,At Risk
2128,372.0,2.0,1856.1045000000001,1,1,2,4,Lost
2129,147.0,3.0,4791.964,3,2,4,9,Potential
2130,27.0,4.0,4072.458,5,3,3,11,Loyal
2131,419.0,1.0,1962.886,1,1,2,4,Lost
2132,47.0,3.0,3326.8720000000003,4,2,3,9,Potential
2133,141.0,8.0,3009.1749999999997,3,5,2,10,Loyal
2135,55.0,5.0,17238.7135,4,4,5,13,Champions
2136,90.0,2.0,36581.651,4,1,5,10,Loyal
2137,783.0,1.0,950.2805,1,1,1,3,Lost
2138,89.0,5.0,5800.377999999999,4,4,4,12,Loyal
2139,95.0,6.0,8233.026499999998,4,5,5,14,Champions
2140,6.0,4.0,5073.52,5,3,4,12,Loyal
2141,77.0,4.0,5915.7305,4,3,4,11,Loyal
2142,89.0,2.0,2239.6910000000003,4,1,2,7,Potential
2143,403.0,5.0,9681.9635,1,4,5,10,Loyal
2144,155.0,4.0,5884.655,3,3,4,10,Loyal
2145,604.0,1.0,2631.6800000000003,1,1,2,4,Lost
2146,334.0,6.0,6300.204999999999,2,5,4,11,Loyal
2147,19.0,2.0,3417.108,5,1,3,9,Potential
2148,192.0,7.0,7259.210999999999,3,5,5,13,Champions
2149,113.0,5.0,4411.6535,3,4,4,11,Loyal
2150,43.0,10.0,11975.548499999999,5,5,5,15,Champions
2151,35.0,4.0,8011.7625,5,3,5,13,Champions
2152,115.0,4.0,4422.3765,3,3,4,10,Loyal
2153,75.0,3.0,4936.7919999999995,4,2,4,10,Loyal
2154,794.0,2.0,1187.5439999999999,1,1,1,3,Lost
2155,146.0,3.0,1837.7400000000002,3,2,2,7,Potential
2156,624.0,3.0,2993.1274999999996,1,2,2,5,At Risk
2157,622.0,3.0,5452.837,1,2,4,7,Potential
2158,372.0,1.0,479.4,1,1,1,3,Lost
2159,194.0,3.0,4337.7245,3,2,3,8,Potential
2160,41.0,7.0,12402.7385,5,5,5,15,Champions
2161,745.0,1.0,171.88,1,1,1,3,Lost
2162,80.0,2.0,3056.033,4,1,2,7,Potential
2163,307.0,2.0,2433.3,2,1,2,5,At Risk
2164,26.0,8.0,9250.76,5,5,5,15,Champions
2165,188.0,3.0,4899.974999999999,3,2,4,9,Potential
2166,16.0,3.0,1481.0869999999998,5,2,1,8,Potential
2167,154.0,5.0,5087.448000000001,3,4,4,11,Loyal
2168,144.0,2.0,1482.6480000000001,3,1,1,5,At Risk
2169,114.0,4.0,2348.855,3,3,2,8,Potential
2170,79.0,5.0,4333.567,4,4,3,11,Loyal
2171,523.0,2.0,2467.353,1,1,2,4,Lost
2172,351.0,5.0,2936.9660000000003,2,4,2,8,Potential
2173,59.0,2.0,1096.204,4,1,1,6,At Risk
2174,290.0,7.0,9720.34,2,5,5,12,Loyal
2175,66.0,5.0,7243.081,4,4,5,13,Champions
2176,9.0,4.0,3725.9934999999996,5,3,3,11,Loyal
2177,469.0,2.0,509.88,1,1,1,3,Lost
2178,208.0,5.0,3689.1605,2,4,3,9,Potential
2180,25.0,6.0,11235.86,5,5,5,15,Champions
2181,61.0,4.0,106449.5375,4,3,5,12,Loyal
2182,3.0,2.0,3143.0865000000003,5,1,3,9,Potential
2183,192.0,1.0,2556.649,3,1,2,6,At Risk
2184,55.0,6.0,39033.66700000001,4,5,5,14,Champions
2185,13.0,1.0,280.61,5,1,1,7,Potential
2186,178.0,4.0,2466.598,3,3,2,8,Potential
2187,86.0,3.0,2323.536,4,2,2,8,Potential
2188,595.0,3.0,3082.585,1,2,3,6,At Risk
2189,30.0,4.0,2719.903,5,3,2,10,Loyal
2190,614.0,2.0,4243.380999999999,1,1,3,5,At Risk
2191,160.0,3.0,3184.5359999999996,3,2,3,8,Potential
2192,92.0,4.0,5243.6725,4,3,4,11,Loyal
2193,18.0,7.0,7552.524,5,5,5,15,Champions
2194,237.0,4.0,4107.529,2,3,3,8,Potential
2195,225.0,4.0,9955.645,2,3,5,10,Loyal
2196,112.0,4.0,5306.494999999999,3,3,4,10,Loyal
2197,214.0,3.0,4856.431,2,2,4,8,Potential
2198,26.0,5.0,3003.134,5,4,2,11,Loyal
2199,4.0,1.0,4094.067,5,1,3,9,Potential
2200,921.0,2.0,3049.766,1,1,2,4,Lost
2201,38.0,3.0,3013.3065,5,2,2,9,Potential
2203,12.0,3.0,10201.02,5,2,5,12,Loyal
2204,236.0,4.0,2865.8089999999997,2,3,2,7,Potential
2205,737.0,4.0,5418.132999999999,1,3,4,8,Potential
2206,338.0,3.0,1852.1239999999998,2,2,2,6,At Risk
2207,413.0,4.0,3086.5405,1,3,3,7,Potential
2208,62.0,5.0,3372.9945,4,4,3,11,Loyal
2209,742.0,4.0,3497.6679999999997,1,3,3,7,Potential
2210,47.0,3.0,915.848,4,2,1,7,Potential
2211,836.0,1.0,939.086,1,1,1,3,Lost
2212,109.0,6.0,5734.030999999999,3,5,4,12,Loyal
2213,89.0,4.0,2899.5349999999994,4,3,2,9,Potential
2214,277.0,4.0,38766.7815,2,3,5,10,Loyal
2215,358.0,4.0,2552.7219999999998,2,3,2,7,Potential
2216,54.0,6.0,10623.238500000001,4,5,5,14,Champions
2217,66.0,5.0,5126.5145,4,4,4,12,Loyal
2218,284.0,4.0,5041.232,2,3,4,9,Potential
2219,257.0,4.0,3808.3025,2,3,3,8,Potential
2220,21.0,5.0,5789.322999999999,5,4,4,13,Champions
2221,386.0,4.0,4503.356,1,3,4,8,Potential
2222,230.0,4.0,5899.964000000001,2,3,4,9,Potential
2223,284.0,3.0,2513.733,2,2,2,6,At Risk
2224,272.0,2.0,433.508,2,1,1,4,Lost
2225,71.0,4.0,3254.0105,4,3,3,10,Loyal
2226,148.0,4.0,13454.075,3,3,5,11,Loyal
2227,175.0,4.0,2684.441,3,3,2,8,Potential
2228,147.0,3.0,5233.453,3,2,4,9,Potential
2229,387.0,4.0,4978.157999999999,1,3,4,8,Potential
2230,243.0,4.0,2827.643,2,3,2,7,Potential
2231,337.0,2.0,1361.0625,2,1,1,4,Lost
2232,43.0,3.0,1824.6585,5,2,2,9,Potential
2233,82.0,6.0,7368.853000000001,4,5,5,14,Champions
2234,60.0,5.0,8268.5005,4,4,5,13,Champions
2235,7.0,6.0,10674.362000000001,5,5,5,15,Champions
2236,108.0,6.0,5478.581000000001,3,5,4,12,Loyal
2237,205.0,8.0,10356.806999999999,2,5,5,12,Loyal
2238,5.0,6.0,6429.8845,5,5,4,14,Champions
2239,32.0,7.0,5079.23,5,5,4,14,Champions
2240,7.0,5.0,5529.4345,5,4,4,13,Champions
2241,51.0,5.0,16580.179500000002,4,4,5,13,Champions
2242,333.0,5.0,5001.5975,2,4,4,10,Loyal
2243,37.0,3.0,2764.7570000000005,5,2,2,9,Potential
2244,0.0,4.0,1342.3000000000002,5,3,1,9,Potential
2245,369.0,4.0,8536.860999999999,2,3,5,10,Loyal
2246,588.0,4.0,3736.0000000000005,1,3,3,7,Potential
2247,33.0,3.0,2812.2830000000004,5,2,2,9,Potential
2248,301.0,8.0,9453.019,2,5,5,12,Loyal
2249,432.0,4.0,6134.859500000001,1,3,4,8,Potential
2250,890.0,2.0,2960.5694999999996,1,1,2,4,Lost
2251,137.0,1.0,941.4105000000001,3,1,1,5,At Risk
2252,86.0,4.0,4428.206000000001,4,3,4,11,Loyal
2253,46.0,6.0,10813.923999999999,4,5,5,14,Champions
2254,192.0,1.0,739.578,3,1,1,5,At Risk
2255,51.0,3.0,38668.803499999995,4,2,5,11,Loyal
2256,71.0,4.0,4688.2335,4,3,4,11,Loyal
2257,24.0,5.0,4906.7095,5,4,4,13,Champions
2258,847.0,1.0,1001.4099999999999,1,1,1,3,Lost
2259,179.0,5.0,2889.4265000000005,3,4,2,9,Potential
2260,303.0,4.0,2137.4215,2,3,2,7,Potential
2261,188.0,8.0,8182.915,3,5,5,13,Champions
2262,144.0,4.0,1928.408,3,3,2,8,Potential
2263,307.0,7.0,9687.6335,2,5,5,12,Loyal
2264,161.0,2.0,984.884,3,1,1,5,At Risk
2265,0.0,4.0,4367.992,5,3,3,11,Loyal
2266,150.0,1.0,1074.2759999999998,3,1,1,5,At Risk
2267,13.0,3.0,2094.4539999999997,5,2,2,9,Potential
2268,51.0,3.0,3454.1800000000003,4,2,3,9,Potential
2269,59.0,4.0,4283.9175000000005,4,3,3,10,Loyal
2270,476.0,3.0,2503.71,1,2,2,5,At Risk
2271,71.0,9.0,17721.955,4,5,5,14,Champions
2272,29.0,6.0,6831.2300000000005,5,5,5,15,Champions
2273,185.0,6.0,8855.8915,3,5,5,13,Champions
2274,136.0,2.0,2383.2340000000004,3,1,2,6,At Risk
2275,32.0,6.0,5894.199999999999,5,5,4,14,Champions
2276,141.0,1.0,881.38,3,1,1,5,At Risk
2277,210.0,7.0,11443.1725,2,5,5,12,Loyal
2278,28.0,3.0,2954.9610000000002,5,2,2,9,Potential
2279,76.0,2.0,2723.093,4,1,2,7,Potential
2280,364.0,6.0,17713.823000000004,2,5,5,12,Loyal
2281,196.0,7.0,11419.366000000002,3,5,5,13,Champions
2282,103.0,3.0,4754.3765,4,2,4,10,Loyal
2284,165.0,4.0,5172.786,3,3,4,10,Loyal
2285,43.0,2.0,1690.97,5,1,1,7,Potential
2286,247.0,3.0,1173.4045,2,2,1,5,At Risk
2287,225.0,4.0,38640.024,2,3,5,10,Loyal
2288,295.0,2.0,1470.924,2,1,1,4,Lost
2289,643.0,3.0,3566.2004999999995,1,2,3,6,At Risk
2290,398.0,5.0,5926.0244999999995,1,4,4,9,Potential
2291,86.0,4.0,2183.7495,4,3,2,9,Potential
2292,35.0,8.0,8014.284999999999,5,5,5,15,Champions
2293,409.0,4.0,7036.2525,1,3,5,9,Potential
2294,451.0,3.0,4152.7660000000005,1,2,3,6,At Risk
2295,185.0,7.0,16746.65,3,5,5,13,Champions
2296,143.0,4.0,4653.856,3,3,4,10,Loyal
2297,23.0,6.0,7727.1695,5,5,5,15,Champions
2298,13.0,2.0,1442.114,5,1,1,7,Potential
2300,1.0,4.0,5633.469499999999,5,3,4,12,Loyal
2301,155.0,2.0,3831.7825,3,1,3,7,Potential
2302,63.0,4.0,2779.2799999999997,4,3,2,9,Potential
2303,199.0,2.0,12588.470000000003,3,1,5,9,Potential
2304,387.0,2.0,11342.36,1,1,5,7,Potential
2305,1.0,4.0,3387.28,5,3,3,11,Loyal
2306,180.0,1.0,139.949,3,1,1,5,At Risk
2307,365.0,3.0,1686.9985000000001,2,2,1,5,At Risk
2308,194.0,3.0,4395.889999999999,3,2,3,8,Potential
2309,168.0,2.0,6931.760000000001,3,1,5,9,Potential
2310,87.0,3.0,4642.071,4,2,4,10,Loyal
2311,479.0,3.0,4732.268499999999,1,2,4,7,Potential
2312,251.0,2.0,5330.0355,2,1,4,7,Potential
2313,5.0,3.0,1329.4009999999998,5,2,1,8,Potential
2314,251.0,3.0,2657.0495,2,2,2,6,At Risk
2315,84.0,6.0,4625.04,4,5,4,13,Champions
2319,225.0,2.0,1765.3355,2,1,1,4,Lost
2320,8.0,3.0,4104.3460000000005,5,2,3,10,Loyal
2321,595.0,2.0,11145.303,1,1,5,7,Potential
2322,44.0,4.0,6945.843500000001,5,3,5,13,Champions
2323,0.0,6.0,8096.1100000000015,5,5,5,15,Champions
2324,353.0,2.0,2660.422,2,1,2,5,At Risk
2325,68.0,1.0,1588.2640000000001,4,1,1,6,At Risk
2326,35.0,4.0,3292.675,5,3,3,11,Loyal
2327,32.0,3.0,1063.1390000000001,5,2,1,8,Potential
2328,412.0,3.0,14903.146,1,2,5,8,Potential
2329,203.0,4.0,3131.565,2,3,3,8,Potential
2330,170.0,3.0,3794.454,3,2,3,8,Potential
2331,111.0,3.0,3038.253,3,2,2,7,Potential
2332,91.0,7.0,4963.192500000001,4,5,4,13,Champions
2333,289.0,2.0,11234.67,2,1,5,8,Potential
2334,165.0,2.0,3669.76,3,1,3,7,Potential
2335,924.0,1.0,170.06,1,1,1,3,Lost
2336,122.0,3.0,2895.128,3,2,2,7,Potential
2337,483.0,3.0,4037.6099999999997,1,2,3,6,At Risk
2338,185.0,4.0,5648.776500000001,3,3,4,10,Loyal
2339,63.0,5.0,3352.4714999999997,4,4,3,11,Loyal
2340,137.0,3.0,1952.774,3,2,2,7,Potential
2341,113.0,5.0,4804.863500000001,3,4,4,11,Loyal
2342,341.0,4.0,4851.6145,2,3,4,9,Potential
2343,55.0,5.0,6726.344999999999,4,4,5,13,Champions
2344,188.0,4.0,5691.7964999999995,3,3,4,10,Loyal
2345,233.0,7.0,8220.4165,2,5,5,12,Loyal
2346,97.0,4.0,1948.5725,4,3,2,9,Potential
2347,44.0,4.0,1969.659,5,3,2,10,Loyal
2348,685.0,2.0,2125.744,1,1,2,4,Lost
2349,301.0,6.0,8253.6065,2,5,5,12,Loyal
2350,810.0,1.0,23862.536999999997,1,1,5,7,Potential
2351,459.0,1.0,711.5385,1,1,1,3,Lost
2352,772.0,4.0,6239.9075,1,3,4,8,Potential
2353,179.0,2.0,1231.6325000000002,3,1,1,5,At Risk
2354,91.0,5.0,5589.419000000001,4,4,4,12,Loyal
2355,11.0,4.0,11375.425500000001,5,3,5,13,Champions
2356,284.0,4.0,3417.59,2,3,3,8,Potential
2357,317.0,6.0,6109.457,2,5,4,11,Loyal
2358,122.0,5.0,2942.1159999999995,3,4,2,9,Potential
2359,315.0,3.0,2319.484,2,2,2,6,At Risk
2360,287.0,1.0,406.8525,2,1,1,4,Lost
2361,484.0,4.0,3947.8789999999995,1,3,3,7,Potential
2362,29.0,4.0,1961.4,5,3,2,10,Loyal
2363,146.0,1.0,861.59,3,1,1,5,At Risk
2364,332.0,8.0,13638.0335,2,5,5,12,Loyal
2365,133.0,4.0,5849.2345,3,3,4,10,Loyal
2366,115.0,1.0,26.514000000000003,3,1,1,5,At Risk
2367,135.0,4.0,5436.4635,3,3,4,10,Loyal
2369,137.0,4.0,5388.151500000001,3,3,4,10,Loyal
2370,661.0,5.0,3124.3100000000004,1,4,3,8,Potential
2371,101.0,4.0,4141.108,4,3,3,10,Loyal
2372,90.0,7.0,5395.091,4,5,4,13,Champions
2373,761.0,2.0,434.8535,1,1,1,3,Lost
2374,707.0,2.0,1420.42,1,1,1,3,Lost
2375,314.0,4.0,4182.3105000000005,2,3,3,8,Potential
2376,66.0,4.0,3793.1894999999995,4,3,3,10,Loyal
2377,245.0,4.0,5571.231500000001,2,3,4,9,Potential
2378,126.0,7.0,8591.464,3,5,5,13,Champions
2379,259.0,2.0,751.54,2,1,1,4,Lost
2380,40.0,2.0,5402.0965,5,1,4,10,Loyal
2381,15.0,4.0,3759.547,5,3,3,11,Loyal
2382,74.0,2.0,2978.0940000000005,4,1,2,7,Potential
2383,32.0,2.0,2296.0964999999997,5,1,2,8,Potential
2384,67.0,7.0,5581.585,4,5,4,13,Champions
2385,283.0,1.0,2046.5839999999998,2,1,2,5,At Risk
2386,284.0,4.0,4011.7859999999996,2,3,3,8,Potential
2388,710.0,3.0,3881.5640000000003,1,2,3,6,At Risk
2389,379.0,1.0,503.34,1,1,1,3,Lost
2390,1000.0,2.0,1448.749,1,1,1,3,Lost
2391,58.0,4.0,2777.4635000000003,4,3,2,9,Potential
2392,525.0,3.0,2378.379,1,2,2,5,At Risk
2393,203.0,3.0,2416.13,2,2,2,6,At Risk
2394,158.0,7.0,8224.9985,3,5,5,13,Champions
2395,686.0,3.0,2459.111,1,2,2,5,At Risk
2396,75.0,2.0,3445.0280000000002,4,1,3,8,Potential
2397,480.0,4.0,3860.9824999999996,1,3,3,7,Potential
2399,52.0,3.0,13715.293,4,2,5,11,Loyal
2400,183.0,6.0,5609.6175,3,5,4,12,Loyal
2401,633.0,1.0,1820.6225,1,1,2,4,Lost
2402,40.0,2.0,6364.152999999999,5,1,4,10,Loyal
2403,91.0,5.0,6154.5435,4,4,4,12,Loyal
2404,87.0,3.0,4988.0695,4,2,4,10,Loyal
2405,67.0,4.0,7717.5635,4,3,5,12,Loyal
2406,159.0,4.0,7282.586,3,3,5,11,Loyal
2407,369.0,3.0,10444.403999999999,2,2,5,9,Potential
2408,243.0,3.0,1926.8424999999997,2,2,2,6,At Risk
2409,2.0,4.0,2407.0009999999997,5,3,2,10,Loyal
2410,29.0,2.0,3535.9100000000003,5,1,3,9,Potential
2411,25.0,3.0,4404.9865,5,2,4,11,Loyal
2412,330.0,2.0,10711.364000000001,2,1,5,8,Potential
2413,82.0,6.0,3236.3205000000003,4,5,3,12,Loyal
2414,21.0,5.0,6333.223500000001,5,4,4,13,Champions
2415,41.0,5.0,8090.7385,5,4,5,14,Champions
2416,261.0,3.0,3772.505,2,2,3,7,Potential
2417,186.0,5.0,6527.1655,3,4,4,11,Loyal
2418,403.0,2.0,3354.6924999999997,1,1,3,5,At Risk
2419,38.0,4.0,2267.812,5,3,2,10,Loyal
2420,197.0,1.0,1000.6635,3,1,1,5,At Risk
2421,20.0,7.0,5762.275500000001,5,5,4,14,Champions
2422,391.0,2.0,588.4295,1,1,1,3,Lost
2423,299.0,3.0,4725.634,2,2,4,8,Potential
2424,305.0,1.0,517.8,2,1,1,4,Lost
2425,327.0,5.0,7040.829999999999,2,4,5,11,Loyal
2426,70.0,6.0,8025.9355,4,5,5,14,Champions
2427,145.0,5.0,3219.418,3,4,3,10,Loyal
2428,278.0,3.0,4545.6285,2,2,4,8,Potential
2429,203.0,1.0,747.3815,2,1,1,4,Lost
2430,490.0,4.0,3041.8460000000005,1,3,2,6,At Risk
2431,616.0,4.0,3614.7729999999997,1,3,3,7,Potential
2432,50.0,2.0,4622.992,4,1,4,9,Potential
2433,151.0,2.0,1018.6875,3,1,1,5,At Risk
2434,321.0,2.0,2166.16,2,1,2,5,At Risk
2436,41.0,4.0,4400.474,5,3,4,12,Loyal
2437,67.0,5.0,3370.4999999999995,4,4,3,11,Loyal
2438,492.0,3.0,2032.6475,1,2,2,5,At Risk
2439,16.0,4.0,5635.904500000001,5,3,4,12,Loyal
2440,593.0,6.0,5690.3435,1,5,4,10,Loyal
2441,43.0,3.0,1409.2269999999999,5,2,1,8,Potential
2442,857.0,1.0,1598.781,1,1,1,3,Lost
2443,180.0,6.0,7001.509,3,5,5,13,Champions
2445,12.0,5.0,72592.959,5,4,5,14,Champions
2446,287.0,1.0,204.67000000000002,2,1,1,4,Lost
2447,128.0,3.0,2252.883,3,2,2,7,Potential
2448,226.0,4.0,2638.718,2,3,2,7,Potential
2449,447.0,2.0,824.85,1,1,1,3,Lost
2450,233.0,3.0,3509.5115000000005,2,2,3,7,Potential
2451,363.0,3.0,1700.7709999999997,2,2,1,5,At Risk
2452,4.0,7.0,4618.852499999999,5,5,4,14,Champions
2453,557.0,3.0,4799.873500000001,1,2,4,7,Potential
2454,67.0,7.0,11464.329,4,5,5,14,Champions
2455,15.0,4.0,1712.468,5,3,1,9,Potential
2456,8.0,3.0,3595.3705,5,2,3,10,Loyal
2457,27.0,3.0,2369.292,5,2,2,9,Potential
2458,100.0,3.0,5181.021,4,2,4,10,Loyal
2459,480.0,4.0,3766.498,1,3,3,7,Potential
2460,218.0,6.0,14474.7855,2,5,5,12,Loyal
2461,1.0,5.0,4474.702499999999,5,4,4,13,Champions
2462,96.0,5.0,4149.287,4,4,3,11,Loyal
2463,150.0,3.0,21431.832,3,2,5,10,Loyal
2464,362.0,3.0,3486.1864999999993,2,2,3,7,Potential
2465,93.0,5.0,10492.364,4,4,5,13,Champions
2466,45.0,6.0,7888.494,5,5,5,15,Champions
2467,70.0,6.0,6426.3115,4,5,4,13,Champions
2468,306.0,3.0,2333.5725,2,2,2,6,At Risk
2469,970.0,1.0,537.548,1,1,1,3,Lost
2470,57.0,1.0,3170.264,4,1,3,8,Potential
2471,116.0,5.0,4463.3285000000005,3,4,4,11,Loyal
2472,336.0,4.0,5043.658,2,3,4,9,Potential
2473,187.0,5.0,6406.338,3,4,4,11,Loyal
2474,124.0,5.0,6670.0935,3,4,4,11,Loyal
2475,93.0,7.0,8039.175499999999,4,5,5,14,Champions
2476,629.0,2.0,1935.5209999999997,1,1,2,4,Lost
2477,294.0,2.0,2196.4849999999997,2,1,2,5,At Risk
2478,313.0,1.0,770.6300000000001,2,1,1,4,Lost
2479,222.0,3.0,2291.2934999999998,2,2,2,6,At Risk
2480,119.0,4.0,5878.5160000000005,3,3,4,10,Loyal
2481,177.0,3.0,4159.919,3,2,3,8,Potential
2482,92.0,4.0,2479.3505,4,3,2,9,Potential
2483,251.0,2.0,829.416,2,1,1,4,Lost
2484,127.0,2.0,37093.98,3,1,5,9,Potential
2485,322.0,1.0,815.643,2,1,1,4,Lost
2486,161.0,3.0,3507.3599999999997,3,2,3,8,Potential
2487,105.0,9.0,8851.3845,4,5,5,14,Champions
2488,45.0,1.0,2953.9120000000003,5,1,2,8,Potential
2489,196.0,5.0,5023.782,3,4,4,11,Loyal
2490,0.0,6.0,13928.730499999998,5,5,5,15,Champions
2491,49.0,3.0,4036.519,4,2,3,9,Potential
2492,370.0,4.0,7975.267499999999,2,3,5,10,Loyal
2493,54.0,5.0,7259.5154999999995,4,4,5,13,Champions
2494,64.0,3.0,2833.529,4,2,2,8,Potential
2495,705.0,2.0,2644.245,1,1,2,4,Lost
2496,43.0,5.0,4649.624,5,4,4,13,Champions
2497,7.0,5.0,5354.007,5,4,4,13,Champions
2499,109.0,5.0,2773.48,3,4,2,9,Potential
2500,266.0,5.0,6060.1345,2,4,4,10,Loyal
